[2026-02-08 10:15:56] [INFO] ============================================================
[2026-02-08 10:15:56] [INFO] شروع فرآیند تبدیل تصاویر
[2026-02-08 10:15:56] [INFO] ============================================================
[2026-02-08 10:15:56] [INFO] ✓ دایرکتوری Obsidian پیدا شد: H:\Files\Obsidian\Handouts\VaultData\Attachments
[2026-02-08 10:15:56] [INFO] ✓ تعداد تصاویر موجود در Obsidian: 11077
[2026-02-08 10:15:56] [INFO] فایل JSON پردازش شده وجود ندارد - شروع از ابتدا
[2026-02-08 10:15:56] [INFO] 
============================================================
[2026-02-08 10:15:56] [INFO] 🔍 شروع اسکن فایل‌های markdown...
[2026-02-08 10:15:56] [INFO] ============================================================
[2026-02-08 10:15:56] [INFO] 
📄 content\cyber-security\E1 to E5 - SEO Intro, Search Engines, Keywords.md
[2026-02-08 10:15:56] [INFO]    دسته‌بندی: cyber-security
[2026-02-08 10:15:56] [INFO]    تعداد تصاویر: 11
[2026-02-08 10:15:56] [INFO]    ✓ تبدیل شد: Pasted image 20240621193526.png
[2026-02-08 10:15:56] [INFO] دایرکتوری ایجاد شد: static/images\cyber-security
[2026-02-08 10:15:56] [INFO] ✓ کپی شد: Pasted image 20240621193526.png → cyber-security/
[2026-02-08 10:15:56] [INFO]    ✓ تبدیل شد: Pasted image 20240621201236.png
[2026-02-08 10:15:56] [INFO] ✓ کپی شد: Pasted image 20240621201236.png → cyber-security/
[2026-02-08 10:15:56] [INFO]    ✓ تبدیل شد: Pasted image 20240622164815.png
[2026-02-08 10:15:56] [INFO] ✓ کپی شد: Pasted image 20240622164815.png → cyber-security/
[2026-02-08 10:15:56] [INFO]    ✓ تبدیل شد: Pasted image 20240622165434.png
[2026-02-08 10:15:56] [INFO] ✓ کپی شد: Pasted image 20240622165434.png → cyber-security/
[2026-02-08 10:15:56] [INFO]    ✓ تبدیل شد: Pasted image 20240622165537.png
[2026-02-08 10:15:56] [INFO] ✓ کپی شد: Pasted image 20240622165537.png → cyber-security/
[2026-02-08 10:15:56] [INFO]    ✓ تبدیل شد: Pasted image 20240622165713.png
[2026-02-08 10:15:56] [INFO] ✓ کپی شد: Pasted image 20240622165713.png → cyber-security/
[2026-02-08 10:15:56] [INFO]    ✓ تبدیل شد: Pasted image 20240622170537.png
[2026-02-08 10:15:56] [INFO] ✓ کپی شد: Pasted image 20240622170537.png → cyber-security/
[2026-02-08 10:15:56] [INFO]    ✓ تبدیل شد: Pasted image 20240622173011.png
[2026-02-08 10:15:56] [INFO] ✓ کپی شد: Pasted image 20240622173011.png → cyber-security/
[2026-02-08 10:15:56] [INFO]    ✓ تبدیل شد: Pasted image 20240622173259.png
[2026-02-08 10:15:56] [INFO] ✓ کپی شد: Pasted image 20240622173259.png → cyber-security/
[2026-02-08 10:15:56] [INFO]    ✓ تبدیل شد: Pasted image 20240622173409.png
[2026-02-08 10:15:56] [INFO] ✓ کپی شد: Pasted image 20240622173409.png → cyber-security/
[2026-02-08 10:15:56] [INFO]    ✓ تبدیل شد: Pasted image 20240622173742.png
[2026-02-08 10:15:56] [INFO] ✓ کپی شد: Pasted image 20240622173742.png → cyber-security/
[2026-02-08 10:15:56] [INFO]    💾 فایل ذخیره شد
[2026-02-08 10:15:56] [INFO] 
📄 content\cyber-security\E10, E11, - Content SEO, Important Website Pages.md
[2026-02-08 10:15:56] [INFO]    دسته‌بندی: cyber-security
[2026-02-08 10:15:56] [INFO]    تعداد تصاویر: 10
[2026-02-08 10:15:56] [INFO]    ✓ تبدیل شد: Pasted image 20240623213450.png
[2026-02-08 10:15:56] [INFO] ✓ کپی شد: Pasted image 20240623213450.png → cyber-security/
[2026-02-08 10:15:56] [INFO]    ✓ تبدیل شد: Pasted image 20240623224412.png
[2026-02-08 10:15:56] [INFO] ✓ کپی شد: Pasted image 20240623224412.png → cyber-security/
[2026-02-08 10:15:56] [INFO]    ✓ تبدیل شد: Pasted image 20240623224528.png
[2026-02-08 10:15:56] [INFO] ✓ کپی شد: Pasted image 20240623224528.png → cyber-security/
[2026-02-08 10:15:56] [INFO]    ✓ تبدیل شد: Pasted image 20240623224722.png
[2026-02-08 10:15:56] [INFO] ✓ کپی شد: Pasted image 20240623224722.png → cyber-security/
[2026-02-08 10:15:56] [INFO]    ✓ تبدیل شد: Pasted image 20240624191013.png
[2026-02-08 10:15:56] [INFO] ✓ کپی شد: Pasted image 20240624191013.png → cyber-security/
[2026-02-08 10:15:56] [INFO]    ✓ تبدیل شد: Pasted image 20240624191130.png
[2026-02-08 10:15:56] [INFO] ✓ کپی شد: Pasted image 20240624191130.png → cyber-security/
[2026-02-08 10:15:56] [INFO]    ✓ تبدیل شد: Pasted image 20240624192827.png
[2026-02-08 10:15:56] [INFO] ✓ کپی شد: Pasted image 20240624192827.png → cyber-security/
[2026-02-08 10:15:56] [INFO]    ✓ تبدیل شد: Pasted image 20240624192858.png
[2026-02-08 10:15:56] [INFO] ✓ کپی شد: Pasted image 20240624192858.png → cyber-security/
[2026-02-08 10:15:56] [INFO]    ✓ تبدیل شد: Pasted image 20240624193345.png
[2026-02-08 10:15:56] [INFO] ✓ کپی شد: Pasted image 20240624193345.png → cyber-security/
[2026-02-08 10:15:56] [INFO]    ✓ تبدیل شد: Pasted image 20240624194253.png
[2026-02-08 10:15:56] [INFO] ✓ کپی شد: Pasted image 20240624194253.png → cyber-security/
[2026-02-08 10:15:56] [INFO]    💾 فایل ذخیره شد
[2026-02-08 10:15:56] [INFO] 
📄 content\cyber-security\E12- Woorank(Check Website SEO).md
[2026-02-08 10:15:56] [INFO]    دسته‌بندی: cyber-security
[2026-02-08 10:15:56] [INFO]    تعداد تصاویر: 12
[2026-02-08 10:15:56] [INFO]    ✓ تبدیل شد: Pasted image 20260120173303.png
[2026-02-08 10:15:56] [INFO] ✓ کپی شد: Pasted image 20260120173303.png → cyber-security/
[2026-02-08 10:15:56] [INFO]    ✓ تبدیل شد: Pasted image 20260120175417.png
[2026-02-08 10:15:56] [INFO] ✓ کپی شد: Pasted image 20260120175417.png → cyber-security/
[2026-02-08 10:15:56] [INFO]    ✓ تبدیل شد: Pasted image 20260120173610.png
[2026-02-08 10:15:56] [INFO] ✓ کپی شد: Pasted image 20260120173610.png → cyber-security/
[2026-02-08 10:15:56] [INFO]    ✓ تبدیل شد: Pasted image 20260120174656.png
[2026-02-08 10:15:56] [INFO] ✓ کپی شد: Pasted image 20260120174656.png → cyber-security/
[2026-02-08 10:15:56] [INFO]    ✓ تبدیل شد: Pasted image 20260120174632.png
[2026-02-08 10:15:56] [INFO] ✓ کپی شد: Pasted image 20260120174632.png → cyber-security/
[2026-02-08 10:15:56] [INFO]    ✓ تبدیل شد: Pasted image 20260120174901.png
[2026-02-08 10:15:56] [INFO] ✓ کپی شد: Pasted image 20260120174901.png → cyber-security/
[2026-02-08 10:15:56] [INFO]    ✓ تبدیل شد: Pasted image 20260120175205.png
[2026-02-08 10:15:56] [INFO] ✓ کپی شد: Pasted image 20260120175205.png → cyber-security/
[2026-02-08 10:15:56] [INFO]    ✓ تبدیل شد: Pasted image 20260120175331.png
[2026-02-08 10:15:56] [INFO] ✓ کپی شد: Pasted image 20260120175331.png → cyber-security/
[2026-02-08 10:15:56] [INFO]    ✓ تبدیل شد: Pasted image 20260120175554.png
[2026-02-08 10:15:56] [INFO] ✓ کپی شد: Pasted image 20260120175554.png → cyber-security/
[2026-02-08 10:15:56] [INFO]    ✓ تبدیل شد: Pasted image 20260120180820.png
[2026-02-08 10:15:56] [INFO] ✓ کپی شد: Pasted image 20260120180820.png → cyber-security/
[2026-02-08 10:15:56] [INFO]    ✓ تبدیل شد: Pasted image 20260120180429.png
[2026-02-08 10:15:56] [INFO] ✓ کپی شد: Pasted image 20260120180429.png → cyber-security/
[2026-02-08 10:15:56] [INFO]    ✓ تبدیل شد: Pasted image 20260120181056.png
[2026-02-08 10:15:56] [INFO] ✓ کپی شد: Pasted image 20260120181056.png → cyber-security/
[2026-02-08 10:15:56] [INFO]    💾 فایل ذخیره شد
[2026-02-08 10:15:56] [INFO] 
📄 content\cyber-security\E13 - Good Contents for SEO.md
[2026-02-08 10:15:56] [INFO]    دسته‌بندی: cyber-security
[2026-02-08 10:15:56] [INFO]    تعداد تصاویر: 3
[2026-02-08 10:15:56] [INFO]    ✓ تبدیل شد: Pasted image 20260120184940.png
[2026-02-08 10:15:56] [INFO] ✓ کپی شد: Pasted image 20260120184940.png → cyber-security/
[2026-02-08 10:15:56] [INFO]    ✓ تبدیل شد: Pasted image 20260120190219.png
[2026-02-08 10:15:56] [INFO] ✓ کپی شد: Pasted image 20260120190219.png → cyber-security/
[2026-02-08 10:15:56] [INFO]    ✓ تبدیل شد: Pasted image 20260120190249.png
[2026-02-08 10:15:56] [INFO] ✓ کپی شد: Pasted image 20260120190249.png → cyber-security/
[2026-02-08 10:15:56] [INFO]    💾 فایل ذخیره شد
[2026-02-08 10:15:56] [INFO] 
📄 content\cyber-security\E15 - Page Rank.md
[2026-02-08 10:15:56] [INFO]    دسته‌بندی: cyber-security
[2026-02-08 10:15:56] [INFO]    تعداد تصاویر: 2
[2026-02-08 10:15:56] [INFO]    ✓ تبدیل شد: Pasted image 20260120195815.png
[2026-02-08 10:15:56] [INFO] ✓ کپی شد: Pasted image 20260120195815.png → cyber-security/
[2026-02-08 10:15:56] [INFO]    ✓ تبدیل شد: Pasted image 20260120195854.png
[2026-02-08 10:15:56] [INFO] ✓ کپی شد: Pasted image 20260120195854.png → cyber-security/
[2026-02-08 10:15:56] [INFO]    💾 فایل ذخیره شد
[2026-02-08 10:15:56] [INFO] 
📄 content\cyber-security\E16 - Page Authority & Domain Authority.md
[2026-02-08 10:15:56] [INFO]    دسته‌بندی: cyber-security
[2026-02-08 10:15:56] [INFO]    تعداد تصاویر: 3
[2026-02-08 10:15:56] [INFO]    ✓ تبدیل شد: Pasted image 20260120210415.png
[2026-02-08 10:15:56] [INFO] ✓ کپی شد: Pasted image 20260120210415.png → cyber-security/
[2026-02-08 10:15:56] [INFO]    ✓ تبدیل شد: Pasted image 20260120210915.png
[2026-02-08 10:15:56] [INFO] ✓ کپی شد: Pasted image 20260120210915.png → cyber-security/
[2026-02-08 10:15:56] [INFO]    ✓ تبدیل شد: Pasted image 20260120210732.png
[2026-02-08 10:15:56] [INFO] ✓ کپی شد: Pasted image 20260120210732.png → cyber-security/
[2026-02-08 10:15:56] [INFO]    💾 فایل ذخیره شد
[2026-02-08 10:15:56] [INFO] 
📄 content\cyber-security\E17 - Backlinks.md
[2026-02-08 10:15:56] [INFO]    دسته‌بندی: cyber-security
[2026-02-08 10:15:56] [INFO]    تعداد تصاویر: 1
[2026-02-08 10:15:56] [INFO]    ✓ تبدیل شد: Pasted image 20260121190100.png
[2026-02-08 10:15:56] [INFO] ✓ کپی شد: Pasted image 20260121190100.png → cyber-security/
[2026-02-08 10:15:56] [INFO]    💾 فایل ذخیره شد
[2026-02-08 10:15:56] [INFO] 
📄 content\cyber-security\E6 to E9 - Find Keywords,  Website Structure & Necessary HTML Tags for SEO.md
[2026-02-08 10:15:56] [INFO]    دسته‌بندی: cyber-security
[2026-02-08 10:15:56] [INFO]    تعداد تصاویر: 33
[2026-02-08 10:15:56] [INFO]    ✓ تبدیل شد: Pasted image 20240622202553.png
[2026-02-08 10:15:56] [INFO] ✓ کپی شد: Pasted image 20240622202553.png → cyber-security/
[2026-02-08 10:15:56] [INFO]    ✓ تبدیل شد: Pasted image 20240622203718.png
[2026-02-08 10:15:56] [INFO] ✓ کپی شد: Pasted image 20240622203718.png → cyber-security/
[2026-02-08 10:15:56] [INFO]    ✓ تبدیل شد: Pasted image 20240622203754.png
[2026-02-08 10:15:56] [INFO] ✓ کپی شد: Pasted image 20240622203754.png → cyber-security/
[2026-02-08 10:15:56] [INFO]    ✓ تبدیل شد: Pasted image 20240622204050.png
[2026-02-08 10:15:56] [INFO] ✓ کپی شد: Pasted image 20240622204050.png → cyber-security/
[2026-02-08 10:15:56] [INFO]    ✓ تبدیل شد: Pasted image 20240622205615.png
[2026-02-08 10:15:56] [INFO] ✓ کپی شد: Pasted image 20240622205615.png → cyber-security/
[2026-02-08 10:15:56] [INFO]    ✓ تبدیل شد: Pasted image 20240622204601.png
[2026-02-08 10:15:56] [INFO] ✓ کپی شد: Pasted image 20240622204601.png → cyber-security/
[2026-02-08 10:15:56] [INFO]    ✓ تبدیل شد: Pasted image 20240622204629.png
[2026-02-08 10:15:56] [INFO] ✓ کپی شد: Pasted image 20240622204629.png → cyber-security/
[2026-02-08 10:15:56] [INFO]    ✓ تبدیل شد: Pasted image 20240622204951.png
[2026-02-08 10:15:56] [INFO] ✓ کپی شد: Pasted image 20240622204951.png → cyber-security/
[2026-02-08 10:15:56] [INFO]    ✓ تبدیل شد: Pasted image 20240622210354.png
[2026-02-08 10:15:56] [INFO] ✓ کپی شد: Pasted image 20240622210354.png → cyber-security/
[2026-02-08 10:15:56] [INFO]    ✓ تبدیل شد: Pasted image 20240622210607.png
[2026-02-08 10:15:56] [INFO] ✓ کپی شد: Pasted image 20240622210607.png → cyber-security/
[2026-02-08 10:15:56] [INFO]    ✓ تبدیل شد: Pasted image 20240622210702.png
[2026-02-08 10:15:56] [INFO] ✓ کپی شد: Pasted image 20240622210702.png → cyber-security/
[2026-02-08 10:15:56] [INFO]    ✓ تبدیل شد: Pasted image 20240622210835.png
[2026-02-08 10:15:56] [INFO] ✓ کپی شد: Pasted image 20240622210835.png → cyber-security/
[2026-02-08 10:15:56] [INFO]    ✓ تبدیل شد: Pasted image 20240622211258.png
[2026-02-08 10:15:56] [INFO] ✓ کپی شد: Pasted image 20240622211258.png → cyber-security/
[2026-02-08 10:15:56] [INFO]    ✓ تبدیل شد: Pasted image 20240622211351.png
[2026-02-08 10:15:56] [INFO] ✓ کپی شد: Pasted image 20240622211351.png → cyber-security/
[2026-02-08 10:15:56] [INFO]    ✓ تبدیل شد: Pasted image 20240622211609.png
[2026-02-08 10:15:56] [INFO] ✓ کپی شد: Pasted image 20240622211609.png → cyber-security/
[2026-02-08 10:15:56] [INFO]    ✓ تبدیل شد: Pasted image 20240622212132.png
[2026-02-08 10:15:56] [INFO] ✓ کپی شد: Pasted image 20240622212132.png → cyber-security/
[2026-02-08 10:15:56] [INFO]    ✓ تبدیل شد: Pasted image 20240622230532.png
[2026-02-08 10:15:56] [INFO] ✓ کپی شد: Pasted image 20240622230532.png → cyber-security/
[2026-02-08 10:15:56] [INFO]    ✓ تبدیل شد: Pasted image 20240622231205.png
[2026-02-08 10:15:56] [INFO] ✓ کپی شد: Pasted image 20240622231205.png → cyber-security/
[2026-02-08 10:15:56] [INFO]    ✓ تبدیل شد: Pasted image 20240622231245.png
[2026-02-08 10:15:56] [INFO] ✓ کپی شد: Pasted image 20240622231245.png → cyber-security/
[2026-02-08 10:15:56] [INFO]    ✓ تبدیل شد: Pasted image 20240622231644.png
[2026-02-08 10:15:56] [INFO] ✓ کپی شد: Pasted image 20240622231644.png → cyber-security/
[2026-02-08 10:15:56] [INFO]    ✓ تبدیل شد: Pasted image 20240622233917.png
[2026-02-08 10:15:56] [INFO] ✓ کپی شد: Pasted image 20240622233917.png → cyber-security/
[2026-02-08 10:15:56] [INFO]    ✓ تبدیل شد: Pasted image 20240622235442.png
[2026-02-08 10:15:56] [INFO] ✓ کپی شد: Pasted image 20240622235442.png → cyber-security/
[2026-02-08 10:15:56] [INFO]    ✓ تبدیل شد: Pasted image 20240622235712.png
[2026-02-08 10:15:56] [INFO] ✓ کپی شد: Pasted image 20240622235712.png → cyber-security/
[2026-02-08 10:15:56] [INFO]    ✓ تبدیل شد: Pasted image 20240622234913.png
[2026-02-08 10:15:56] [INFO] ✓ کپی شد: Pasted image 20240622234913.png → cyber-security/
[2026-02-08 10:15:56] [INFO]    ✓ تبدیل شد: Pasted image 20240622234916.png
[2026-02-08 10:15:56] [INFO] ✓ کپی شد: Pasted image 20240622234916.png → cyber-security/
[2026-02-08 10:15:56] [INFO]    ✓ تبدیل شد: Pasted image 20240623211107.png
[2026-02-08 10:15:56] [INFO] ✓ کپی شد: Pasted image 20240623211107.png → cyber-security/
[2026-02-08 10:15:56] [INFO]    ✓ تبدیل شد: Pasted image 20240623211223.png
[2026-02-08 10:15:56] [INFO] ✓ کپی شد: Pasted image 20240623211223.png → cyber-security/
[2026-02-08 10:15:56] [INFO]    ✓ تبدیل شد: Pasted image 20240623204152.png
[2026-02-08 10:15:56] [INFO] ✓ کپی شد: Pasted image 20240623204152.png → cyber-security/
[2026-02-08 10:15:56] [INFO]    ✓ تبدیل شد: Pasted image 20240623204902.png
[2026-02-08 10:15:56] [INFO] ✓ کپی شد: Pasted image 20240623204902.png → cyber-security/
[2026-02-08 10:15:56] [INFO]    ✓ تبدیل شد: Pasted image 20240623205050.png
[2026-02-08 10:15:56] [INFO] ✓ کپی شد: Pasted image 20240623205050.png → cyber-security/
[2026-02-08 10:15:56] [INFO]    ✓ تبدیل شد: Pasted image 20240623205615.png
[2026-02-08 10:15:56] [INFO] ✓ کپی شد: Pasted image 20240623205615.png → cyber-security/
[2026-02-08 10:15:56] [INFO]    ✓ تبدیل شد: Pasted image 20240623210733.png
[2026-02-08 10:15:56] [INFO] ✓ کپی شد: Pasted image 20240623210733.png → cyber-security/
[2026-02-08 10:15:56] [INFO]    ✓ تبدیل شد: Pasted image 20240623210734.png
[2026-02-08 10:15:56] [INFO] ✓ کپی شد: Pasted image 20240623210734.png → cyber-security/
[2026-02-08 10:15:56] [INFO]    💾 فایل ذخیره شد
[2026-02-08 10:15:56] [INFO] 
📄 content\python\E46 - Alexa.md
[2026-02-08 10:15:56] [INFO]    دسته‌بندی: python
[2026-02-08 10:15:56] [INFO]    تعداد تصاویر: 23
[2026-02-08 10:15:56] [INFO]    ✓ تبدیل شد: Pasted image 20260203194640.png
[2026-02-08 10:15:56] [INFO] دایرکتوری ایجاد شد: static/images\python
[2026-02-08 10:15:56] [INFO] ✓ کپی شد: Pasted image 20260203194640.png → python/
[2026-02-08 10:15:56] [INFO]    ✓ تبدیل شد: Pasted image 20260203194844.png
[2026-02-08 10:15:56] [INFO] ✓ کپی شد: Pasted image 20260203194844.png → python/
[2026-02-08 10:15:56] [INFO]    ✓ تبدیل شد: Pasted image 20260203195116.png
[2026-02-08 10:15:56] [INFO] ✓ کپی شد: Pasted image 20260203195116.png → python/
[2026-02-08 10:15:56] [INFO]    ✓ تبدیل شد: Pasted image 20260203195218.png
[2026-02-08 10:15:56] [INFO] ✓ کپی شد: Pasted image 20260203195218.png → python/
[2026-02-08 10:15:56] [INFO]    ✓ تبدیل شد: Pasted image 20260203195733.png
[2026-02-08 10:15:56] [INFO] ✓ کپی شد: Pasted image 20260203195733.png → python/
[2026-02-08 10:15:56] [INFO]    ✓ تبدیل شد: Pasted image 20260203195928.png
[2026-02-08 10:15:56] [INFO] ✓ کپی شد: Pasted image 20260203195928.png → python/
[2026-02-08 10:15:56] [INFO]    ✓ تبدیل شد: Pasted image 20260203200420.png
[2026-02-08 10:15:56] [INFO] ✓ کپی شد: Pasted image 20260203200420.png → python/
[2026-02-08 10:15:56] [INFO]    ✓ تبدیل شد: Pasted image 20260203200253.png
[2026-02-08 10:15:56] [INFO] ✓ کپی شد: Pasted image 20260203200253.png → python/
[2026-02-08 10:15:56] [INFO]    ✓ تبدیل شد: Pasted image 20260203200610.png
[2026-02-08 10:15:56] [INFO] ✓ کپی شد: Pasted image 20260203200610.png → python/
[2026-02-08 10:15:56] [INFO]    ✓ تبدیل شد: Pasted image 20260203200637.png
[2026-02-08 10:15:56] [INFO] ✓ کپی شد: Pasted image 20260203200637.png → python/
[2026-02-08 10:15:56] [INFO]    ✓ تبدیل شد: Pasted image 20260203201033.png
[2026-02-08 10:15:56] [INFO] ✓ کپی شد: Pasted image 20260203201033.png → python/
[2026-02-08 10:15:56] [INFO]    ✓ تبدیل شد: Pasted image 20260203201506.png
[2026-02-08 10:15:56] [INFO] ✓ کپی شد: Pasted image 20260203201506.png → python/
[2026-02-08 10:15:56] [INFO]    ✓ تبدیل شد: Pasted image 20260203201458.png
[2026-02-08 10:15:56] [INFO] ✓ کپی شد: Pasted image 20260203201458.png → python/
[2026-02-08 10:15:56] [INFO]    ✓ تبدیل شد: Pasted image 20260203202015.png
[2026-02-08 10:15:56] [INFO] ✓ کپی شد: Pasted image 20260203202015.png → python/
[2026-02-08 10:15:56] [INFO]    ✓ تبدیل شد: Pasted image 20260203202635.png
[2026-02-08 10:15:56] [INFO] ✓ کپی شد: Pasted image 20260203202635.png → python/
[2026-02-08 10:15:56] [INFO]    ✓ تبدیل شد: Pasted image 20260203202750.png
[2026-02-08 10:15:56] [INFO] ✓ کپی شد: Pasted image 20260203202750.png → python/
[2026-02-08 10:15:56] [INFO]    ✓ تبدیل شد: Pasted image 20260203203614.png
[2026-02-08 10:15:56] [INFO] ✓ کپی شد: Pasted image 20260203203614.png → python/
[2026-02-08 10:15:56] [INFO]    ✓ تبدیل شد: Pasted image 20260203203425.png
[2026-02-08 10:15:56] [INFO] ✓ کپی شد: Pasted image 20260203203425.png → python/
[2026-02-08 10:15:56] [INFO]    ✓ تبدیل شد: Pasted image 20260203203748.png
[2026-02-08 10:15:56] [INFO] ✓ کپی شد: Pasted image 20260203203748.png → python/
[2026-02-08 10:15:56] [INFO]    ✓ تبدیل شد: Pasted image 20260203203858.png
[2026-02-08 10:15:56] [INFO] ✓ کپی شد: Pasted image 20260203203858.png → python/
[2026-02-08 10:15:56] [INFO]    ✓ تبدیل شد: Pasted image 20260203204616.png
[2026-02-08 10:15:56] [INFO] ✓ کپی شد: Pasted image 20260203204616.png → python/
[2026-02-08 10:15:56] [INFO]    ✓ تبدیل شد: Pasted image 20260203204712.png
[2026-02-08 10:15:56] [INFO] ✓ کپی شد: Pasted image 20260203204712.png → python/
[2026-02-08 10:15:56] [INFO]    ✓ تبدیل شد: Pasted image 20260203205008.png
[2026-02-08 10:15:56] [INFO] ✓ کپی شد: Pasted image 20260203205008.png → python/
[2026-02-08 10:15:56] [INFO]    💾 فایل ذخیره شد
[2026-02-08 10:15:56] [INFO] 
📄 content\python\E47- Google Trends.md
[2026-02-08 10:15:56] [INFO]    دسته‌بندی: python
[2026-02-08 10:15:56] [INFO]    تعداد تصاویر: 20
[2026-02-08 10:15:56] [INFO]    ✓ تبدیل شد: Pasted image 20260203212022.png
[2026-02-08 10:15:56] [INFO] ✓ کپی شد: Pasted image 20260203212022.png → python/
[2026-02-08 10:15:56] [INFO]    ✓ تبدیل شد: Pasted image 20260203212353.png
[2026-02-08 10:15:56] [INFO] ✓ کپی شد: Pasted image 20260203212353.png → python/
[2026-02-08 10:15:56] [INFO]    ✓ تبدیل شد: Pasted image 20260203212451.png
[2026-02-08 10:15:56] [INFO] ✓ کپی شد: Pasted image 20260203212451.png → python/
[2026-02-08 10:15:56] [INFO]    ✓ تبدیل شد: Pasted image 20260203212920.png
[2026-02-08 10:15:56] [INFO] ✓ کپی شد: Pasted image 20260203212920.png → python/
[2026-02-08 10:15:56] [INFO]    ✓ تبدیل شد: Pasted image 20260203214727.png
[2026-02-08 10:15:56] [INFO] ✓ کپی شد: Pasted image 20260203214727.png → python/
[2026-02-08 10:15:56] [INFO]    ✓ تبدیل شد: Pasted image 20260203213253.png
[2026-02-08 10:15:56] [INFO] ✓ کپی شد: Pasted image 20260203213253.png → python/
[2026-02-08 10:15:56] [INFO]    ✓ تبدیل شد: Pasted image 20260203213121.png
[2026-02-08 10:15:56] [INFO] ✓ کپی شد: Pasted image 20260203213121.png → python/
[2026-02-08 10:15:56] [INFO]    ✓ تبدیل شد: Pasted image 20260203213659.png
[2026-02-08 10:15:56] [INFO] ✓ کپی شد: Pasted image 20260203213659.png → python/
[2026-02-08 10:15:56] [INFO]    ✓ تبدیل شد: Pasted image 20260203213424.png
[2026-02-08 10:15:56] [INFO] ✓ کپی شد: Pasted image 20260203213424.png → python/
[2026-02-08 10:15:56] [INFO]    ✓ تبدیل شد: Pasted image 20260203213551.png
[2026-02-08 10:15:56] [INFO] ✓ کپی شد: Pasted image 20260203213551.png → python/
[2026-02-08 10:15:56] [INFO]    ✓ تبدیل شد: Pasted image 20260203213922.png
[2026-02-08 10:15:56] [INFO] ✓ کپی شد: Pasted image 20260203213922.png → python/
[2026-02-08 10:15:56] [INFO]    ✓ تبدیل شد: Pasted image 20260203214039.png
[2026-02-08 10:15:56] [INFO] ✓ کپی شد: Pasted image 20260203214039.png → python/
[2026-02-08 10:15:56] [INFO]    ✓ تبدیل شد: Pasted image 20260203214153.png
[2026-02-08 10:15:56] [INFO] ✓ کپی شد: Pasted image 20260203214153.png → python/
[2026-02-08 10:15:56] [INFO]    ✓ تبدیل شد: Pasted image 20260203214840.png
[2026-02-08 10:15:56] [INFO] ✓ کپی شد: Pasted image 20260203214840.png → python/
[2026-02-08 10:15:56] [INFO]    ✓ تبدیل شد: Pasted image 20260203214944.png
[2026-02-08 10:15:56] [INFO] ✓ کپی شد: Pasted image 20260203214944.png → python/
[2026-02-08 10:15:56] [INFO]    ✓ تبدیل شد: Pasted image 20260203214940.png
[2026-02-08 10:15:56] [INFO] ✓ کپی شد: Pasted image 20260203214940.png → python/
[2026-02-08 10:15:56] [INFO]    ✓ تبدیل شد: Pasted image 20260203215426.png
[2026-02-08 10:15:56] [INFO] ✓ کپی شد: Pasted image 20260203215426.png → python/
[2026-02-08 10:15:56] [INFO]    ✓ تبدیل شد: Pasted image 20260203215554.png
[2026-02-08 10:15:56] [INFO] ✓ کپی شد: Pasted image 20260203215554.png → python/
[2026-02-08 10:15:56] [INFO]    ✓ تبدیل شد: Pasted image 20260203215617.png
[2026-02-08 10:15:56] [INFO] ✓ کپی شد: Pasted image 20260203215617.png → python/
[2026-02-08 10:15:56] [INFO]    ✓ تبدیل شد: Pasted image 20260203215823.png
[2026-02-08 10:15:56] [INFO] ✓ کپی شد: Pasted image 20260203215823.png → python/
[2026-02-08 10:15:56] [INFO]    💾 فایل ذخیره شد
[2026-02-08 10:15:56] [INFO] 
📄 content\python\E48 - OFF Page SEO.md
[2026-02-08 10:15:56] [INFO]    دسته‌بندی: python
[2026-02-08 10:15:56] [INFO]    تعداد تصاویر: 5
[2026-02-08 10:15:56] [INFO]    ✓ تبدیل شد: Pasted image 20260205201928.png
[2026-02-08 10:15:56] [INFO] ✓ کپی شد: Pasted image 20260205201928.png → python/
[2026-02-08 10:15:56] [INFO]    ✓ تبدیل شد: Pasted image 20260205202606.png
[2026-02-08 10:15:56] [INFO] ✓ کپی شد: Pasted image 20260205202606.png → python/
[2026-02-08 10:15:56] [INFO]    ✓ تبدیل شد: Pasted image 20260205202146.png
[2026-02-08 10:15:56] [INFO] ✓ کپی شد: Pasted image 20260205202146.png → python/
[2026-02-08 10:15:56] [INFO]    ✓ تبدیل شد: Pasted image 20260205202337.png
[2026-02-08 10:15:56] [INFO] ✓ کپی شد: Pasted image 20260205202337.png → python/
[2026-02-08 10:15:56] [INFO]    ✓ تبدیل شد: Pasted image 20260205202521.png
[2026-02-08 10:15:56] [INFO] ✓ کپی شد: Pasted image 20260205202521.png → python/
[2026-02-08 10:15:56] [INFO]    💾 فایل ذخیره شد
[2026-02-08 10:15:56] [INFO] 
📄 content\python\E49- Branding.md
[2026-02-08 10:15:56] [INFO]    دسته‌بندی: python
[2026-02-08 10:15:56] [INFO]    تعداد تصاویر: 3
[2026-02-08 10:15:56] [INFO]    ✓ تبدیل شد: Pasted image 20260205210215.png
[2026-02-08 10:15:56] [INFO] ✓ کپی شد: Pasted image 20260205210215.png → python/
[2026-02-08 10:15:56] [INFO]    ✓ تبدیل شد: Pasted image 20260205210505.png
[2026-02-08 10:15:56] [INFO] ✓ کپی شد: Pasted image 20260205210505.png → python/
[2026-02-08 10:15:56] [INFO]    ✓ تبدیل شد: Pasted image 20260205210410.png
[2026-02-08 10:15:56] [INFO] ✓ کپی شد: Pasted image 20260205210410.png → python/
[2026-02-08 10:15:56] [INFO]    💾 فایل ذخیره شد
[2026-02-08 10:15:56] [INFO] 
📄 content\python\E50 - Google Penalty.md
[2026-02-08 10:15:56] [INFO]    دسته‌بندی: python
[2026-02-08 10:15:56] [INFO]    تعداد تصاویر: 1
[2026-02-08 10:15:56] [INFO]    ✓ تبدیل شد: Pasted image 20260205212135.png
[2026-02-08 10:15:56] [INFO] ✓ کپی شد: Pasted image 20260205212135.png → python/
[2026-02-08 10:15:56] [INFO]    💾 فایل ذخیره شد
[2026-02-08 10:15:56] [INFO] 
📄 content\python\my-first-post.md
[2026-02-08 10:15:56] [INFO]    دسته‌بندی: python
[2026-02-08 10:15:56] [INFO]    تعداد تصاویر: 20
[2026-02-08 10:15:56] [INFO]    ⏩ از قبل پردازش شده: Pasted image 20260203212022.png
[2026-02-08 10:15:56] [INFO]    ⏩ از قبل پردازش شده: Pasted image 20260203212353.png
[2026-02-08 10:15:56] [INFO]    ⏩ از قبل پردازش شده: Pasted image 20260203212451.png
[2026-02-08 10:15:56] [INFO]    ⏩ از قبل پردازش شده: Pasted image 20260203212920.png
[2026-02-08 10:15:56] [INFO]    ⏩ از قبل پردازش شده: Pasted image 20260203214727.png
[2026-02-08 10:15:56] [INFO]    ⏩ از قبل پردازش شده: Pasted image 20260203213253.png
[2026-02-08 10:15:56] [INFO]    ⏩ از قبل پردازش شده: Pasted image 20260203213121.png
[2026-02-08 10:15:56] [INFO]    ⏩ از قبل پردازش شده: Pasted image 20260203213659.png
[2026-02-08 10:15:56] [INFO]    ⏩ از قبل پردازش شده: Pasted image 20260203213424.png
[2026-02-08 10:15:56] [INFO]    ⏩ از قبل پردازش شده: Pasted image 20260203213551.png
[2026-02-08 10:15:56] [INFO]    ⏩ از قبل پردازش شده: Pasted image 20260203213922.png
[2026-02-08 10:15:56] [INFO]    ⏩ از قبل پردازش شده: Pasted image 20260203214039.png
[2026-02-08 10:15:56] [INFO]    ⏩ از قبل پردازش شده: Pasted image 20260203214153.png
[2026-02-08 10:15:56] [INFO]    ⏩ از قبل پردازش شده: Pasted image 20260203214840.png
[2026-02-08 10:15:56] [INFO]    ⏩ از قبل پردازش شده: Pasted image 20260203214944.png
[2026-02-08 10:15:56] [INFO]    ⏩ از قبل پردازش شده: Pasted image 20260203214940.png
[2026-02-08 10:15:56] [INFO]    ⏩ از قبل پردازش شده: Pasted image 20260203215426.png
[2026-02-08 10:15:56] [INFO]    ⏩ از قبل پردازش شده: Pasted image 20260203215554.png
[2026-02-08 10:15:56] [INFO]    ⏩ از قبل پردازش شده: Pasted image 20260203215617.png
[2026-02-08 10:15:56] [INFO]    ⏩ از قبل پردازش شده: Pasted image 20260203215823.png
[2026-02-08 10:15:56] [INFO] 
📄 content\python\Google Analytics\E29 - Google Analytics.md
[2026-02-08 10:15:56] [INFO]    دسته‌بندی: python
[2026-02-08 10:15:56] [INFO]    تعداد تصاویر: 6
[2026-02-08 10:15:56] [INFO]    ✓ تبدیل شد: Pasted image 20260126214543.png
[2026-02-08 10:15:56] [INFO] ✓ کپی شد: Pasted image 20260126214543.png → python/
[2026-02-08 10:15:56] [INFO]    ✓ تبدیل شد: Pasted image 20260126214712.png
[2026-02-08 10:15:56] [INFO] ✓ کپی شد: Pasted image 20260126214712.png → python/
[2026-02-08 10:15:56] [INFO]    ✓ تبدیل شد: Pasted image 20260126215026.png
[2026-02-08 10:15:56] [INFO] ✓ کپی شد: Pasted image 20260126215026.png → python/
[2026-02-08 10:15:56] [INFO]    ✓ تبدیل شد: Pasted image 20260126215238.png
[2026-02-08 10:15:56] [INFO] ✓ کپی شد: Pasted image 20260126215238.png → python/
[2026-02-08 10:15:56] [INFO]    ✓ تبدیل شد: Pasted image 20260126215422.png
[2026-02-08 10:15:56] [INFO] ✓ کپی شد: Pasted image 20260126215422.png → python/
[2026-02-08 10:15:56] [INFO]    ✓ تبدیل شد: Pasted image 20260126215515.png
[2026-02-08 10:15:56] [INFO] ✓ کپی شد: Pasted image 20260126215515.png → python/
[2026-02-08 10:15:56] [INFO]    💾 فایل ذخیره شد
[2026-02-08 10:15:56] [INFO] 
📄 content\python\Google Analytics\E30 - Google Analytics Menus.md
[2026-02-08 10:15:56] [INFO]    دسته‌بندی: python
[2026-02-08 10:15:56] [INFO]    تعداد تصاویر: 9
[2026-02-08 10:15:56] [INFO]    ✓ تبدیل شد: Pasted image 20260127145853.png
[2026-02-08 10:15:56] [INFO] ✓ کپی شد: Pasted image 20260127145853.png → python/
[2026-02-08 10:15:56] [INFO]    ✓ تبدیل شد: Pasted image 20260127150236.png
[2026-02-08 10:15:56] [INFO] ✓ کپی شد: Pasted image 20260127150236.png → python/
[2026-02-08 10:15:56] [INFO]    ✓ تبدیل شد: Pasted image 20260127150308.png
[2026-02-08 10:15:56] [INFO] ✓ کپی شد: Pasted image 20260127150308.png → python/
[2026-02-08 10:15:56] [INFO]    ✓ تبدیل شد: Pasted image 20260127150637.png
[2026-02-08 10:15:56] [INFO] ✓ کپی شد: Pasted image 20260127150637.png → python/
[2026-02-08 10:15:56] [INFO]    ✓ تبدیل شد: Pasted image 20260127150652.png
[2026-02-08 10:15:56] [INFO] ✓ کپی شد: Pasted image 20260127150652.png → python/
[2026-02-08 10:15:56] [INFO]    ✓ تبدیل شد: Pasted image 20260127151821.png
[2026-02-08 10:15:56] [INFO] ✓ کپی شد: Pasted image 20260127151821.png → python/
[2026-02-08 10:15:56] [INFO]    ✓ تبدیل شد: Pasted image 20260127151221.png
[2026-02-08 10:15:56] [INFO] ✓ کپی شد: Pasted image 20260127151221.png → python/
[2026-02-08 10:15:56] [INFO]    ✓ تبدیل شد: Pasted image 20260127151358.png
[2026-02-08 10:15:56] [INFO] ✓ کپی شد: Pasted image 20260127151358.png → python/
[2026-02-08 10:15:56] [INFO]    ✓ تبدیل شد: Pasted image 20260127151614.png
[2026-02-08 10:15:56] [INFO] ✓ کپی شد: Pasted image 20260127151614.png → python/
[2026-02-08 10:15:56] [INFO]    💾 فایل ذخیره شد
[2026-02-08 10:15:56] [INFO] 
📄 content\python\Google Analytics\E30, E31 - Google Analytics(Audience Tab).md
[2026-02-08 10:15:56] [INFO]    دسته‌بندی: python
[2026-02-08 10:15:56] [INFO]    تعداد تصاویر: 53
[2026-02-08 10:15:56] [INFO]    ✓ تبدیل شد: Pasted image 20260127154044.png
[2026-02-08 10:15:56] [INFO] ✓ کپی شد: Pasted image 20260127154044.png → python/
[2026-02-08 10:15:56] [INFO]    ✓ تبدیل شد: Pasted image 20260127151958.png
[2026-02-08 10:15:56] [INFO] ✓ کپی شد: Pasted image 20260127151958.png → python/
[2026-02-08 10:15:56] [INFO]    ✓ تبدیل شد: Pasted image 20260127152258.png
[2026-02-08 10:15:56] [INFO] ✓ کپی شد: Pasted image 20260127152258.png → python/
[2026-02-08 10:15:56] [INFO]    ⏩ از قبل پردازش شده: Pasted image 20260127154044.png
[2026-02-08 10:15:56] [INFO]    ✓ تبدیل شد: Pasted image 20260127161629.png
[2026-02-08 10:15:56] [INFO] ✓ کپی شد: Pasted image 20260127161629.png → python/
[2026-02-08 10:15:56] [INFO]    ✓ تبدیل شد: Pasted image 20260127161739.png
[2026-02-08 10:15:56] [INFO] ✓ کپی شد: Pasted image 20260127161739.png → python/
[2026-02-08 10:15:56] [INFO]    ✓ تبدیل شد: Pasted image 20260127152806.png
[2026-02-08 10:15:56] [INFO] ✓ کپی شد: Pasted image 20260127152806.png → python/
[2026-02-08 10:15:56] [INFO]    ✓ تبدیل شد: Pasted image 20260127152943.png
[2026-02-08 10:15:56] [INFO] ✓ کپی شد: Pasted image 20260127152943.png → python/
[2026-02-08 10:15:56] [INFO]    ✓ تبدیل شد: Pasted image 20260127153050.png
[2026-02-08 10:15:56] [INFO] ✓ کپی شد: Pasted image 20260127153050.png → python/
[2026-02-08 10:15:56] [INFO]    ✓ تبدیل شد: Pasted image 20260127153335.png
[2026-02-08 10:15:56] [INFO] ✓ کپی شد: Pasted image 20260127153335.png → python/
[2026-02-08 10:15:56] [INFO]    ✓ تبدیل شد: Pasted image 20260127153621.png
[2026-02-08 10:15:56] [INFO] ✓ کپی شد: Pasted image 20260127153621.png → python/
[2026-02-08 10:15:56] [INFO]    ✓ تبدیل شد: Pasted image 20260127155037.png
[2026-02-08 10:15:56] [INFO] ✓ کپی شد: Pasted image 20260127155037.png → python/
[2026-02-08 10:15:56] [INFO]    ✓ تبدیل شد: Pasted image 20260127155214.png
[2026-02-08 10:15:56] [INFO] ✓ کپی شد: Pasted image 20260127155214.png → python/
[2026-02-08 10:15:56] [INFO]    ✓ تبدیل شد: Pasted image 20260127155350.png
[2026-02-08 10:15:56] [INFO] ✓ کپی شد: Pasted image 20260127155350.png → python/
[2026-02-08 10:15:56] [INFO]    ✓ تبدیل شد: Pasted image 20260127155451.png
[2026-02-08 10:15:56] [INFO] ✓ کپی شد: Pasted image 20260127155451.png → python/
[2026-02-08 10:15:56] [INFO]    ✓ تبدیل شد: Pasted image 20260127155952.png
[2026-02-08 10:15:56] [INFO] ✓ کپی شد: Pasted image 20260127155952.png → python/
[2026-02-08 10:15:56] [INFO]    ✓ تبدیل شد: Pasted image 20260127160041.png
[2026-02-08 10:15:56] [INFO] ✓ کپی شد: Pasted image 20260127160041.png → python/
[2026-02-08 10:15:56] [INFO]    ✓ تبدیل شد: Pasted image 20260127160124.png
[2026-02-08 10:15:56] [INFO] ✓ کپی شد: Pasted image 20260127160124.png → python/
[2026-02-08 10:15:56] [INFO]    ✓ تبدیل شد: Pasted image 20260127160312.png
[2026-02-08 10:15:56] [INFO] ✓ کپی شد: Pasted image 20260127160312.png → python/
[2026-02-08 10:15:56] [INFO]    ✓ تبدیل شد: Pasted image 20260127160326.png
[2026-02-08 10:15:56] [INFO] ✓ کپی شد: Pasted image 20260127160326.png → python/
[2026-02-08 10:15:56] [INFO]    ✓ تبدیل شد: Pasted image 20260127160343.png
[2026-02-08 10:15:56] [INFO] ✓ کپی شد: Pasted image 20260127160343.png → python/
[2026-02-08 10:15:56] [INFO]    ✓ تبدیل شد: Pasted image 20260127161947.png
[2026-02-08 10:15:56] [INFO] ✓ کپی شد: Pasted image 20260127161947.png → python/
[2026-02-08 10:15:56] [INFO]    ✓ تبدیل شد: Pasted image 20260127162433.png
[2026-02-08 10:15:56] [INFO] ✓ کپی شد: Pasted image 20260127162433.png → python/
[2026-02-08 10:15:56] [INFO]    ✓ تبدیل شد: Pasted image 20260127163628.png
[2026-02-08 10:15:56] [INFO] ✓ کپی شد: Pasted image 20260127163628.png → python/
[2026-02-08 10:15:56] [INFO]    ✓ تبدیل شد: Pasted image 20260127163748.png
[2026-02-08 10:15:56] [INFO] ✓ کپی شد: Pasted image 20260127163748.png → python/
[2026-02-08 10:15:56] [INFO]    ✓ تبدیل شد: Pasted image 20260127163921.png
[2026-02-08 10:15:56] [INFO] ✓ کپی شد: Pasted image 20260127163921.png → python/
[2026-02-08 10:15:56] [INFO]    ✓ تبدیل شد: Pasted image 20260127164416.png
[2026-02-08 10:15:56] [INFO] ✓ کپی شد: Pasted image 20260127164416.png → python/
[2026-02-08 10:15:56] [INFO]    ✓ تبدیل شد: Pasted image 20260127164621.png
[2026-02-08 10:15:56] [INFO] ✓ کپی شد: Pasted image 20260127164621.png → python/
[2026-02-08 10:15:56] [INFO]    ✓ تبدیل شد: Pasted image 20260127164624.png
[2026-02-08 10:15:56] [INFO] ✓ کپی شد: Pasted image 20260127164624.png → python/
[2026-02-08 10:15:56] [INFO]    ✓ تبدیل شد: Pasted image 20260127164844.png
[2026-02-08 10:15:56] [INFO] ✓ کپی شد: Pasted image 20260127164844.png → python/
[2026-02-08 10:15:56] [INFO]    ✓ تبدیل شد: Pasted image 20260127164959.png
[2026-02-08 10:15:56] [INFO] ✓ کپی شد: Pasted image 20260127164959.png → python/
[2026-02-08 10:15:56] [INFO]    ✓ تبدیل شد: Pasted image 20260127165254.png
[2026-02-08 10:15:56] [INFO] ✓ کپی شد: Pasted image 20260127165254.png → python/
[2026-02-08 10:15:56] [INFO]    ✓ تبدیل شد: Pasted image 20260127165249.png
[2026-02-08 10:15:56] [INFO] ✓ کپی شد: Pasted image 20260127165249.png → python/
[2026-02-08 10:15:56] [INFO]    ✓ تبدیل شد: Pasted image 20260127165644.png
[2026-02-08 10:15:56] [INFO] ✓ کپی شد: Pasted image 20260127165644.png → python/
[2026-02-08 10:15:56] [INFO]    ✓ تبدیل شد: Pasted image 20260127165628.png
[2026-02-08 10:15:56] [INFO] ✓ کپی شد: Pasted image 20260127165628.png → python/
[2026-02-08 10:15:56] [INFO]    ✓ تبدیل شد: Pasted image 20260127170045.png
[2026-02-08 10:15:56] [INFO] ✓ کپی شد: Pasted image 20260127170045.png → python/
[2026-02-08 10:15:56] [INFO]    ✓ تبدیل شد: Pasted image 20260127170121.png
[2026-02-08 10:15:56] [INFO] ✓ کپی شد: Pasted image 20260127170121.png → python/
[2026-02-08 10:15:56] [INFO]    ✓ تبدیل شد: Pasted image 20260127170223.png
[2026-02-08 10:15:56] [INFO] ✓ کپی شد: Pasted image 20260127170223.png → python/
[2026-02-08 10:15:56] [INFO]    ✓ تبدیل شد: Pasted image 20260127170154.png
[2026-02-08 10:15:56] [INFO] ✓ کپی شد: Pasted image 20260127170154.png → python/
[2026-02-08 10:15:56] [INFO]    ✓ تبدیل شد: Pasted image 20260127170403.png
[2026-02-08 10:15:56] [INFO] ✓ کپی شد: Pasted image 20260127170403.png → python/
[2026-02-08 10:15:56] [INFO]    ✓ تبدیل شد: Pasted image 20260127170504.png
[2026-02-08 10:15:56] [INFO] ✓ کپی شد: Pasted image 20260127170504.png → python/
[2026-02-08 10:15:56] [INFO]    ✓ تبدیل شد: Pasted image 20260127170622.png
[2026-02-08 10:15:56] [INFO] ✓ کپی شد: Pasted image 20260127170622.png → python/
[2026-02-08 10:15:56] [INFO]    ✓ تبدیل شد: Pasted image 20260127170737.png
[2026-02-08 10:15:56] [INFO] ✓ کپی شد: Pasted image 20260127170737.png → python/
[2026-02-08 10:15:56] [INFO]    ✓ تبدیل شد: Pasted image 20260127171016.png
[2026-02-08 10:15:56] [INFO] ✓ کپی شد: Pasted image 20260127171016.png → python/
[2026-02-08 10:15:56] [INFO]    ✓ تبدیل شد: Pasted image 20260127175715.png
[2026-02-08 10:15:56] [INFO] ✓ کپی شد: Pasted image 20260127175715.png → python/
[2026-02-08 10:15:56] [INFO]    ✓ تبدیل شد: Pasted image 20260127180300.png
[2026-02-08 10:15:56] [INFO] ✓ کپی شد: Pasted image 20260127180300.png → python/
[2026-02-08 10:15:56] [INFO]    ✓ تبدیل شد: Pasted image 20260127180427.png
[2026-02-08 10:15:56] [INFO] ✓ کپی شد: Pasted image 20260127180427.png → python/
[2026-02-08 10:15:56] [INFO]    ✓ تبدیل شد: Pasted image 20260127180558.png
[2026-02-08 10:15:56] [INFO] ✓ کپی شد: Pasted image 20260127180558.png → python/
[2026-02-08 10:15:56] [INFO]    ✓ تبدیل شد: Pasted image 20260127180700.png
[2026-02-08 10:15:56] [INFO] ✓ کپی شد: Pasted image 20260127180700.png → python/
[2026-02-08 10:15:56] [INFO]    ✓ تبدیل شد: Pasted image 20260127180831.png
[2026-02-08 10:15:56] [INFO] ✓ کپی شد: Pasted image 20260127180831.png → python/
[2026-02-08 10:15:56] [INFO]    ✓ تبدیل شد: Pasted image 20260127180944.png
[2026-02-08 10:15:56] [INFO] ✓ کپی شد: Pasted image 20260127180944.png → python/
[2026-02-08 10:15:56] [INFO]    ✓ تبدیل شد: Pasted image 20260127181221.png
[2026-02-08 10:15:56] [INFO] ✓ کپی شد: Pasted image 20260127181221.png → python/
[2026-02-08 10:15:56] [INFO]    ✓ تبدیل شد: Pasted image 20260127181321.png
[2026-02-08 10:15:56] [INFO] ✓ کپی شد: Pasted image 20260127181321.png → python/
[2026-02-08 10:15:56] [INFO]    💾 فایل ذخیره شد
[2026-02-08 10:15:56] [INFO] 
📄 content\python\Google Analytics\E32 - Google Analytics(Acquisition Tab).md
[2026-02-08 10:15:56] [INFO]    دسته‌بندی: python
[2026-02-08 10:15:56] [INFO]    تعداد تصاویر: 20
[2026-02-08 10:15:56] [INFO]    ✓ تبدیل شد: Pasted image 20260128154608.png
[2026-02-08 10:15:56] [INFO] ✓ کپی شد: Pasted image 20260128154608.png → python/
[2026-02-08 10:15:56] [INFO]    ✓ تبدیل شد: Pasted image 20260128155002.png
[2026-02-08 10:15:56] [INFO] ✓ کپی شد: Pasted image 20260128155002.png → python/
[2026-02-08 10:15:56] [INFO]    ✓ تبدیل شد: Pasted image 20260128155801.png
[2026-02-08 10:15:56] [INFO] ✓ کپی شد: Pasted image 20260128155801.png → python/
[2026-02-08 10:15:56] [INFO]    ✓ تبدیل شد: Pasted image 20260128155102.png
[2026-02-08 10:15:56] [INFO] ✓ کپی شد: Pasted image 20260128155102.png → python/
[2026-02-08 10:15:56] [INFO]    ✓ تبدیل شد: Pasted image 20260128155158.png
[2026-02-08 10:15:56] [INFO] ✓ کپی شد: Pasted image 20260128155158.png → python/
[2026-02-08 10:15:56] [INFO]    ✓ تبدیل شد: Pasted image 20260128155343.png
[2026-02-08 10:15:56] [INFO] ✓ کپی شد: Pasted image 20260128155343.png → python/
[2026-02-08 10:15:56] [INFO]    ✓ تبدیل شد: Pasted image 20260128160220.png
[2026-02-08 10:15:56] [INFO] ✓ کپی شد: Pasted image 20260128160220.png → python/
[2026-02-08 10:15:56] [INFO]    ✓ تبدیل شد: Pasted image 20260128160250.png
[2026-02-08 10:15:56] [INFO] ✓ کپی شد: Pasted image 20260128160250.png → python/
[2026-02-08 10:15:56] [INFO]    ✓ تبدیل شد: Pasted image 20260128155924.png
[2026-02-08 10:15:56] [INFO] ✓ کپی شد: Pasted image 20260128155924.png → python/
[2026-02-08 10:15:56] [INFO]    ✓ تبدیل شد: Pasted image 20260128161423.png
[2026-02-08 10:15:56] [INFO] ✓ کپی شد: Pasted image 20260128161423.png → python/
[2026-02-08 10:15:56] [INFO]    ⏩ از قبل پردازش شده: Pasted image 20260128160250.png
[2026-02-08 10:15:56] [INFO]    ✓ تبدیل شد: Pasted image 20260128160904.png
[2026-02-08 10:15:56] [INFO] ✓ کپی شد: Pasted image 20260128160904.png → python/
[2026-02-08 10:15:56] [INFO]    ✓ تبدیل شد: Pasted image 20260128161012.png
[2026-02-08 10:15:56] [INFO] ✓ کپی شد: Pasted image 20260128161012.png → python/
[2026-02-08 10:15:56] [INFO]    ✓ تبدیل شد: Pasted image 20260128161204.png
[2026-02-08 10:15:56] [INFO] ✓ کپی شد: Pasted image 20260128161204.png → python/
[2026-02-08 10:15:56] [INFO]    ✓ تبدیل شد: Pasted image 20260128161220.png
[2026-02-08 10:15:56] [INFO] ✓ کپی شد: Pasted image 20260128161220.png → python/
[2026-02-08 10:15:56] [INFO]    ✓ تبدیل شد: Pasted image 20260128161548.png
[2026-02-08 10:15:56] [INFO] ✓ کپی شد: Pasted image 20260128161548.png → python/
[2026-02-08 10:15:56] [INFO]    ✓ تبدیل شد: Pasted image 20260128161900.png
[2026-02-08 10:15:56] [INFO] ✓ کپی شد: Pasted image 20260128161900.png → python/
[2026-02-08 10:15:56] [INFO]    ✓ تبدیل شد: Pasted image 20260128161910.png
[2026-02-08 10:15:56] [INFO] ✓ کپی شد: Pasted image 20260128161910.png → python/
[2026-02-08 10:15:56] [INFO]    ✓ تبدیل شد: Pasted image 20260128162009.png
[2026-02-08 10:15:56] [INFO] ✓ کپی شد: Pasted image 20260128162009.png → python/
[2026-02-08 10:15:56] [INFO]    ✓ تبدیل شد: Pasted image 20260128162137.png
[2026-02-08 10:15:56] [INFO] ✓ کپی شد: Pasted image 20260128162137.png → python/
[2026-02-08 10:15:56] [INFO]    💾 فایل ذخیره شد
[2026-02-08 10:15:56] [INFO] 
📄 content\python\Google Analytics\E33 - Campaign URL Builder.md
[2026-02-08 10:15:56] [INFO]    دسته‌بندی: python
[2026-02-08 10:15:56] [INFO]    تعداد تصاویر: 7
[2026-02-08 10:15:56] [INFO]    ✓ تبدیل شد: Pasted image 20260129145816.png
[2026-02-08 10:15:56] [INFO] ✓ کپی شد: Pasted image 20260129145816.png → python/
[2026-02-08 10:15:56] [INFO]    ✓ تبدیل شد: Pasted image 20260129150551.png
[2026-02-08 10:15:56] [INFO] ✓ کپی شد: Pasted image 20260129150551.png → python/
[2026-02-08 10:15:56] [INFO]    ✓ تبدیل شد: Pasted image 20260129150708.png
[2026-02-08 10:15:56] [INFO] ✓ کپی شد: Pasted image 20260129150708.png → python/
[2026-02-08 10:15:56] [INFO]    ✓ تبدیل شد: Pasted image 20260129151047.png
[2026-02-08 10:15:56] [INFO] ✓ کپی شد: Pasted image 20260129151047.png → python/
[2026-02-08 10:15:56] [INFO]    ✓ تبدیل شد: Pasted image 20260129151207.png
[2026-02-08 10:15:56] [INFO] ✓ کپی شد: Pasted image 20260129151207.png → python/
[2026-02-08 10:15:56] [INFO]    ✓ تبدیل شد: Pasted image 20260129151915.png
[2026-02-08 10:15:56] [INFO] ✓ کپی شد: Pasted image 20260129151915.png → python/
[2026-02-08 10:15:56] [INFO]    ✓ تبدیل شد: Pasted image 20260129151843.png
[2026-02-08 10:15:56] [INFO] ✓ کپی شد: Pasted image 20260129151843.png → python/
[2026-02-08 10:15:56] [INFO]    💾 فایل ذخیره شد
[2026-02-08 10:15:56] [INFO] 
📄 content\python\Google Analytics\E34 - Google Analytics(Behavior - Behavior Flow & Site Content).md
[2026-02-08 10:15:56] [INFO]    دسته‌بندی: python
[2026-02-08 10:15:56] [INFO]    تعداد تصاویر: 31
[2026-02-08 10:15:56] [INFO]    ✓ تبدیل شد: Pasted image 20260129161517.png
[2026-02-08 10:15:56] [INFO] ✓ کپی شد: Pasted image 20260129161517.png → python/
[2026-02-08 10:15:56] [INFO]    ✓ تبدیل شد: Pasted image 20260129153312.png
[2026-02-08 10:15:56] [INFO] ✓ کپی شد: Pasted image 20260129153312.png → python/
[2026-02-08 10:15:56] [INFO]    ✓ تبدیل شد: Pasted image 20260129153438.png
[2026-02-08 10:15:56] [INFO] ✓ کپی شد: Pasted image 20260129153438.png → python/
[2026-02-08 10:15:56] [INFO]    ✓ تبدیل شد: Pasted image 20260129153417.png
[2026-02-08 10:15:56] [INFO] ✓ کپی شد: Pasted image 20260129153417.png → python/
[2026-02-08 10:15:56] [INFO]    ✓ تبدیل شد: Pasted image 20260129153534.png
[2026-02-08 10:15:56] [INFO] ✓ کپی شد: Pasted image 20260129153534.png → python/
[2026-02-08 10:15:56] [INFO]    ✓ تبدیل شد: Pasted image 20260129153632.png
[2026-02-08 10:15:56] [INFO] ✓ کپی شد: Pasted image 20260129153632.png → python/
[2026-02-08 10:15:56] [INFO]    ✓ تبدیل شد: Pasted image 20260129154043.png
[2026-02-08 10:15:56] [INFO] ✓ کپی شد: Pasted image 20260129154043.png → python/
[2026-02-08 10:15:56] [INFO]    ✓ تبدیل شد: Pasted image 20260129154429.png
[2026-02-08 10:15:56] [INFO] ✓ کپی شد: Pasted image 20260129154429.png → python/
[2026-02-08 10:15:56] [INFO]    ✓ تبدیل شد: Pasted image 20260129154535.png
[2026-02-08 10:15:56] [INFO] ✓ کپی شد: Pasted image 20260129154535.png → python/
[2026-02-08 10:15:56] [INFO]    ✓ تبدیل شد: Pasted image 20260129154638.png
[2026-02-08 10:15:56] [INFO] ✓ کپی شد: Pasted image 20260129154638.png → python/
[2026-02-08 10:15:56] [INFO]    ✓ تبدیل شد: Pasted image 20260129154736.png
[2026-02-08 10:15:56] [INFO] ✓ کپی شد: Pasted image 20260129154736.png → python/
[2026-02-08 10:15:56] [INFO]    ✓ تبدیل شد: Pasted image 20260129154905.png
[2026-02-08 10:15:56] [INFO] ✓ کپی شد: Pasted image 20260129154905.png → python/
[2026-02-08 10:15:56] [INFO]    ✓ تبدیل شد: Pasted image 20260129155342.png
[2026-02-08 10:15:56] [INFO] ✓ کپی شد: Pasted image 20260129155342.png → python/
[2026-02-08 10:15:56] [INFO]    ✓ تبدیل شد: Pasted image 20260129155534.png
[2026-02-08 10:15:56] [INFO] ✓ کپی شد: Pasted image 20260129155534.png → python/
[2026-02-08 10:15:56] [INFO]    ✓ تبدیل شد: Pasted image 20260129155459.png
[2026-02-08 10:15:56] [INFO] ✓ کپی شد: Pasted image 20260129155459.png → python/
[2026-02-08 10:15:56] [INFO]    ✓ تبدیل شد: Pasted image 20260129155953.png
[2026-02-08 10:15:56] [INFO] ✓ کپی شد: Pasted image 20260129155953.png → python/
[2026-02-08 10:15:56] [INFO]    ✓ تبدیل شد: Pasted image 20260129160113.png
[2026-02-08 10:15:56] [INFO] ✓ کپی شد: Pasted image 20260129160113.png → python/
[2026-02-08 10:15:56] [INFO]    ✓ تبدیل شد: Pasted image 20260129160238.png
[2026-02-08 10:15:56] [INFO] ✓ کپی شد: Pasted image 20260129160238.png → python/
[2026-02-08 10:15:56] [INFO]    ✓ تبدیل شد: Pasted image 20260129160652.png
[2026-02-08 10:15:56] [INFO] ✓ کپی شد: Pasted image 20260129160652.png → python/
[2026-02-08 10:15:56] [INFO]    ✓ تبدیل شد: Pasted image 20260129160822.png
[2026-02-08 10:15:56] [INFO] ✓ کپی شد: Pasted image 20260129160822.png → python/
[2026-02-08 10:15:56] [INFO]    ✓ تبدیل شد: Pasted image 20260129164356.png
[2026-02-08 10:15:56] [INFO] ✓ کپی شد: Pasted image 20260129164356.png → python/
[2026-02-08 10:15:56] [INFO]    ✓ تبدیل شد: Pasted image 20260129164424.png
[2026-02-08 10:15:56] [INFO] ✓ کپی شد: Pasted image 20260129164424.png → python/
[2026-02-08 10:15:56] [INFO]    ✓ تبدیل شد: Pasted image 20260129164638.png
[2026-02-08 10:15:56] [INFO] ✓ کپی شد: Pasted image 20260129164638.png → python/
[2026-02-08 10:15:56] [INFO]    ✓ تبدیل شد: Pasted image 20260129162026.png
[2026-02-08 10:15:56] [INFO] ✓ کپی شد: Pasted image 20260129162026.png → python/
[2026-02-08 10:15:56] [INFO]    ✓ تبدیل شد: Pasted image 20260129162452.png
[2026-02-08 10:15:56] [INFO] ✓ کپی شد: Pasted image 20260129162452.png → python/
[2026-02-08 10:15:56] [INFO]    ✓ تبدیل شد: Pasted image 20260129162850.png
[2026-02-08 10:15:56] [INFO] ✓ کپی شد: Pasted image 20260129162850.png → python/
[2026-02-08 10:15:56] [INFO]    ✓ تبدیل شد: Pasted image 20260129162854.png
[2026-02-08 10:15:56] [INFO] ✓ کپی شد: Pasted image 20260129162854.png → python/
[2026-02-08 10:15:56] [INFO]    ✓ تبدیل شد: Pasted image 20260129163355.png
[2026-02-08 10:15:56] [INFO] ✓ کپی شد: Pasted image 20260129163355.png → python/
[2026-02-08 10:15:56] [INFO]    ✓ تبدیل شد: Pasted image 20260129163548.png
[2026-02-08 10:15:56] [INFO] ✓ کپی شد: Pasted image 20260129163548.png → python/
[2026-02-08 10:15:56] [INFO]    ✓ تبدیل شد: Pasted image 20260129163726.png
[2026-02-08 10:15:56] [INFO] ✓ کپی شد: Pasted image 20260129163726.png → python/
[2026-02-08 10:15:56] [INFO]    ✓ تبدیل شد: Pasted image 20260129163848.png
[2026-02-08 10:15:56] [INFO] ✓ کپی شد: Pasted image 20260129163848.png → python/
[2026-02-08 10:15:56] [INFO]    💾 فایل ذخیره شد
[2026-02-08 10:15:56] [INFO] 
📄 content\python\Google Analytics\E35 - Google Analytics(Behavior - Site Speed).md
[2026-02-08 10:15:56] [INFO]    دسته‌بندی: python
[2026-02-08 10:15:56] [INFO]    تعداد تصاویر: 30
[2026-02-08 10:15:56] [INFO]    ✓ تبدیل شد: Pasted image 20260129174227.png
[2026-02-08 10:15:56] [INFO] ✓ کپی شد: Pasted image 20260129174227.png → python/
[2026-02-08 10:15:56] [INFO]    ✓ تبدیل شد: Pasted image 20260129175252.png
[2026-02-08 10:15:56] [INFO] ✓ کپی شد: Pasted image 20260129175252.png → python/
[2026-02-08 10:15:56] [INFO]    ✓ تبدیل شد: Pasted image 20260129175728.png
[2026-02-08 10:15:56] [INFO] ✓ کپی شد: Pasted image 20260129175728.png → python/
[2026-02-08 10:15:56] [INFO]    ✓ تبدیل شد: Pasted image 20260129175627.png
[2026-02-08 10:15:56] [INFO] ✓ کپی شد: Pasted image 20260129175627.png → python/
[2026-02-08 10:15:56] [INFO]    ✓ تبدیل شد: Pasted image 20260129180216.png
[2026-02-08 10:15:56] [INFO] ✓ کپی شد: Pasted image 20260129180216.png → python/
[2026-02-08 10:15:56] [INFO]    ✓ تبدیل شد: Pasted image 20260129180309.png
[2026-02-08 10:15:56] [INFO] ✓ کپی شد: Pasted image 20260129180309.png → python/
[2026-02-08 10:15:56] [INFO]    ✓ تبدیل شد: Pasted image 20260129175710.png
[2026-02-08 10:15:56] [INFO] ✓ کپی شد: Pasted image 20260129175710.png → python/
[2026-02-08 10:15:56] [INFO]    ✓ تبدیل شد: Pasted image 20260129180053.png
[2026-02-08 10:15:56] [INFO] ✓ کپی شد: Pasted image 20260129180053.png → python/
[2026-02-08 10:15:56] [INFO]    ✓ تبدیل شد: Pasted image 20260129180437.png
[2026-02-08 10:15:56] [INFO] ✓ کپی شد: Pasted image 20260129180437.png → python/
[2026-02-08 10:15:56] [INFO]    ✓ تبدیل شد: Pasted image 20260129180455.png
[2026-02-08 10:15:56] [INFO] ✓ کپی شد: Pasted image 20260129180455.png → python/
[2026-02-08 10:15:56] [INFO]    ✓ تبدیل شد: Pasted image 20260129184001.png
[2026-02-08 10:15:56] [INFO] ✓ کپی شد: Pasted image 20260129184001.png → python/
[2026-02-08 10:15:56] [INFO]    ✓ تبدیل شد: Pasted image 20260129184014.png
[2026-02-08 10:15:56] [INFO] ✓ کپی شد: Pasted image 20260129184014.png → python/
[2026-02-08 10:15:56] [INFO]    ✓ تبدیل شد: Pasted image 20260129180922.png
[2026-02-08 10:15:56] [INFO] ✓ کپی شد: Pasted image 20260129180922.png → python/
[2026-02-08 10:15:56] [INFO]    ✓ تبدیل شد: Pasted image 20260129181005.png
[2026-02-08 10:15:56] [INFO] ✓ کپی شد: Pasted image 20260129181005.png → python/
[2026-02-08 10:15:56] [INFO]    ✓ تبدیل شد: Pasted image 20260129181222.png
[2026-02-08 10:15:56] [INFO] ✓ کپی شد: Pasted image 20260129181222.png → python/
[2026-02-08 10:15:56] [INFO]    ✓ تبدیل شد: Pasted image 20260129181516.png
[2026-02-08 10:15:56] [INFO] ✓ کپی شد: Pasted image 20260129181516.png → python/
[2026-02-08 10:15:56] [INFO]    ✓ تبدیل شد: Pasted image 20260129181312.png
[2026-02-08 10:15:56] [INFO] ✓ کپی شد: Pasted image 20260129181312.png → python/
[2026-02-08 10:15:56] [INFO]    ✓ تبدیل شد: Pasted image 20260129184256.png
[2026-02-08 10:15:56] [INFO] ✓ کپی شد: Pasted image 20260129184256.png → python/
[2026-02-08 10:15:56] [INFO]    ✓ تبدیل شد: Pasted image 20260129184438.png
[2026-02-08 10:15:56] [INFO] ✓ کپی شد: Pasted image 20260129184438.png → python/
[2026-02-08 10:15:56] [INFO]    ✓ تبدیل شد: Pasted image 20260129184706.png
[2026-02-08 10:15:56] [INFO] ✓ کپی شد: Pasted image 20260129184706.png → python/
[2026-02-08 10:15:56] [INFO]    ✓ تبدیل شد: Pasted image 20260129184955.png
[2026-02-08 10:15:56] [INFO] ✓ کپی شد: Pasted image 20260129184955.png → python/
[2026-02-08 10:15:56] [INFO]    ✓ تبدیل شد: Pasted image 20260129184810.png
[2026-02-08 10:15:56] [INFO] ✓ کپی شد: Pasted image 20260129184810.png → python/
[2026-02-08 10:15:56] [INFO]    ✓ تبدیل شد: Pasted image 20260129182117.png
[2026-02-08 10:15:56] [INFO] ✓ کپی شد: Pasted image 20260129182117.png → python/
[2026-02-08 10:15:56] [INFO]    ✓ تبدیل شد: Pasted image 20260129182308.png
[2026-02-08 10:15:56] [INFO] ✓ کپی شد: Pasted image 20260129182308.png → python/
[2026-02-08 10:15:56] [INFO]    ✓ تبدیل شد: Pasted image 20260129182540.png
[2026-02-08 10:15:56] [INFO] ✓ کپی شد: Pasted image 20260129182540.png → python/
[2026-02-08 10:15:56] [INFO]    ✓ تبدیل شد: Pasted image 20260129182734.png
[2026-02-08 10:15:56] [INFO] ✓ کپی شد: Pasted image 20260129182734.png → python/
[2026-02-08 10:15:56] [INFO]    ✓ تبدیل شد: Pasted image 20260129182737.png
[2026-02-08 10:15:56] [INFO] ✓ کپی شد: Pasted image 20260129182737.png → python/
[2026-02-08 10:15:56] [INFO]    ✓ تبدیل شد: Pasted image 20260129183300.png
[2026-02-08 10:15:56] [INFO] ✓ کپی شد: Pasted image 20260129183300.png → python/
[2026-02-08 10:15:56] [INFO]    ✓ تبدیل شد: Pasted image 20260129183420.png
[2026-02-08 10:15:56] [INFO] ✓ کپی شد: Pasted image 20260129183420.png → python/
[2026-02-08 10:15:56] [INFO]    ✓ تبدیل شد: Pasted image 20260129183500.png
[2026-02-08 10:15:56] [INFO] ✓ کپی شد: Pasted image 20260129183500.png → python/
[2026-02-08 10:15:56] [INFO]    💾 فایل ذخیره شد
[2026-02-08 10:15:56] [INFO] 
📄 content\python\Google Analytics\E36 - Google Analytics(Behavior - Site Search).md
[2026-02-08 10:15:56] [INFO]    دسته‌بندی: python
[2026-02-08 10:15:56] [INFO]    تعداد تصاویر: 13
[2026-02-08 10:15:56] [INFO]    ✓ تبدیل شد: Pasted image 20260129190012.png
[2026-02-08 10:15:56] [INFO] ✓ کپی شد: Pasted image 20260129190012.png → python/
[2026-02-08 10:15:56] [INFO]    ✓ تبدیل شد: Pasted image 20260129190117.png
[2026-02-08 10:15:56] [INFO] ✓ کپی شد: Pasted image 20260129190117.png → python/
[2026-02-08 10:15:56] [INFO]    ✓ تبدیل شد: Pasted image 20260129190502.png
[2026-02-08 10:15:56] [INFO] ✓ کپی شد: Pasted image 20260129190502.png → python/
[2026-02-08 10:15:56] [INFO]    ✓ تبدیل شد: Pasted image 20260129190710.png
[2026-02-08 10:15:56] [INFO] ✓ کپی شد: Pasted image 20260129190710.png → python/
[2026-02-08 10:15:56] [INFO]    ✓ تبدیل شد: Pasted image 20260129191159.png
[2026-02-08 10:15:56] [INFO] ✓ کپی شد: Pasted image 20260129191159.png → python/
[2026-02-08 10:15:56] [INFO]    ✓ تبدیل شد: Pasted image 20260129191750.png
[2026-02-08 10:15:56] [INFO] ✓ کپی شد: Pasted image 20260129191750.png → python/
[2026-02-08 10:15:56] [INFO]    ✓ تبدیل شد: Pasted image 20260129191936.png
[2026-02-08 10:15:56] [INFO] ✓ کپی شد: Pasted image 20260129191936.png → python/
[2026-02-08 10:15:56] [INFO]    ✓ تبدیل شد: Pasted image 20260129192034.png
[2026-02-08 10:15:56] [INFO] ✓ کپی شد: Pasted image 20260129192034.png → python/
[2026-02-08 10:15:56] [INFO]    ✓ تبدیل شد: Pasted image 20260129192147.png
[2026-02-08 10:15:56] [INFO] ✓ کپی شد: Pasted image 20260129192147.png → python/
[2026-02-08 10:15:56] [INFO]    ✓ تبدیل شد: Pasted image 20260129192305.png
[2026-02-08 10:15:56] [INFO] ✓ کپی شد: Pasted image 20260129192305.png → python/
[2026-02-08 10:15:56] [INFO]    ✓ تبدیل شد: Pasted image 20260129192620.png
[2026-02-08 10:15:56] [INFO] ✓ کپی شد: Pasted image 20260129192620.png → python/
[2026-02-08 10:15:56] [INFO]    ✓ تبدیل شد: Pasted image 20260129192854.png
[2026-02-08 10:15:56] [INFO] ✓ کپی شد: Pasted image 20260129192854.png → python/
[2026-02-08 10:15:56] [INFO]    ✓ تبدیل شد: Pasted image 20260129192947.png
[2026-02-08 10:15:56] [INFO] ✓ کپی شد: Pasted image 20260129192947.png → python/
[2026-02-08 10:15:56] [INFO]    💾 فایل ذخیره شد
[2026-02-08 10:15:56] [INFO] 
📄 content\python\Google Analytics\E37 - Google Analytics(Behavior - Events).md
[2026-02-08 10:15:56] [INFO]    دسته‌بندی: python
[2026-02-08 10:15:56] [INFO]    تعداد تصاویر: 12
[2026-02-08 10:15:56] [INFO]    ✓ تبدیل شد: Pasted image 20260131144829.png
[2026-02-08 10:15:56] [INFO] ✓ کپی شد: Pasted image 20260131144829.png → python/
[2026-02-08 10:15:56] [INFO]    ✓ تبدیل شد: Pasted image 20260131144955.png
[2026-02-08 10:15:56] [INFO] ✓ کپی شد: Pasted image 20260131144955.png → python/
[2026-02-08 10:15:56] [INFO]    ✓ تبدیل شد: Pasted image 20260131150110.png
[2026-02-08 10:15:56] [INFO] ✓ کپی شد: Pasted image 20260131150110.png → python/
[2026-02-08 10:15:56] [INFO]    ✓ تبدیل شد: Pasted image 20260131145535.png
[2026-02-08 10:15:56] [INFO] ✓ کپی شد: Pasted image 20260131145535.png → python/
[2026-02-08 10:15:56] [INFO]    ✓ تبدیل شد: Pasted image 20260131150724.png
[2026-02-08 10:15:56] [INFO] ✓ کپی شد: Pasted image 20260131150724.png → python/
[2026-02-08 10:15:56] [INFO]    ✓ تبدیل شد: Pasted image 20260131151635.png
[2026-02-08 10:15:56] [INFO] ✓ کپی شد: Pasted image 20260131151635.png → python/
[2026-02-08 10:15:56] [INFO]    ✓ تبدیل شد: Pasted image 20260131152118.png
[2026-02-08 10:15:56] [INFO] ✓ کپی شد: Pasted image 20260131152118.png → python/
[2026-02-08 10:15:56] [INFO]    ✓ تبدیل شد: Pasted image 20260131152048.png
[2026-02-08 10:15:56] [INFO] ✓ کپی شد: Pasted image 20260131152048.png → python/
[2026-02-08 10:15:56] [INFO]    ✓ تبدیل شد: Pasted image 20260131151825.png
[2026-02-08 10:15:56] [INFO] ✓ کپی شد: Pasted image 20260131151825.png → python/
[2026-02-08 10:15:56] [INFO]    ✓ تبدیل شد: Pasted image 20260131152409.png
[2026-02-08 10:15:56] [INFO] ✓ کپی شد: Pasted image 20260131152409.png → python/
[2026-02-08 10:15:56] [INFO]    ✓ تبدیل شد: Pasted image 20260131152703.png
[2026-02-08 10:15:56] [INFO] ✓ کپی شد: Pasted image 20260131152703.png → python/
[2026-02-08 10:15:56] [INFO]    ✓ تبدیل شد: Pasted image 20260131152741.png
[2026-02-08 10:15:56] [INFO] ✓ کپی شد: Pasted image 20260131152741.png → python/
[2026-02-08 10:15:56] [INFO]    💾 فایل ذخیره شد
[2026-02-08 10:15:56] [INFO] 
📄 content\python\Google Analytics\E38 - Google Analytics(Behavior - Published).md
[2026-02-08 10:15:56] [INFO]    دسته‌بندی: python
[2026-02-08 10:15:56] [INFO]    تعداد تصاویر: 1
[2026-02-08 10:15:56] [INFO]    ✓ تبدیل شد: Pasted image 20260131153911.png
[2026-02-08 10:15:56] [INFO] ✓ کپی شد: Pasted image 20260131153911.png → python/
[2026-02-08 10:15:56] [INFO]    💾 فایل ذخیره شد
[2026-02-08 10:15:56] [INFO] 
📄 content\python\Google Analytics\E40 - Google Analytics(Conversions - Goals).md
[2026-02-08 10:15:56] [INFO]    دسته‌بندی: python
[2026-02-08 10:15:56] [INFO]    تعداد تصاویر: 17
[2026-02-08 10:15:56] [INFO]    ✓ تبدیل شد: Pasted image 20260131161208.png
[2026-02-08 10:15:56] [INFO] ✓ کپی شد: Pasted image 20260131161208.png → python/
[2026-02-08 10:15:56] [INFO]    ✓ تبدیل شد: Pasted image 20260131161526.png
[2026-02-08 10:15:56] [INFO] ✓ کپی شد: Pasted image 20260131161526.png → python/
[2026-02-08 10:15:56] [INFO]    ✓ تبدیل شد: Pasted image 20260131161437.png
[2026-02-08 10:15:56] [INFO] ✓ کپی شد: Pasted image 20260131161437.png → python/
[2026-02-08 10:15:56] [INFO]    ⏩ از قبل پردازش شده: Pasted image 20260131161526.png
[2026-02-08 10:15:56] [INFO]    ✓ تبدیل شد: Pasted image 20260131161838.png
[2026-02-08 10:15:56] [INFO] ✓ کپی شد: Pasted image 20260131161838.png → python/
[2026-02-08 10:15:56] [INFO]    ✓ تبدیل شد: Pasted image 20260131162823.png
[2026-02-08 10:15:56] [INFO] ✓ کپی شد: Pasted image 20260131162823.png → python/
[2026-02-08 10:15:56] [INFO]    ✓ تبدیل شد: Pasted image 20260131163351.png
[2026-02-08 10:15:56] [INFO] ✓ کپی شد: Pasted image 20260131163351.png → python/
[2026-02-08 10:15:56] [INFO]    ✓ تبدیل شد: Pasted image 20260131163403.png
[2026-02-08 10:15:56] [INFO] ✓ کپی شد: Pasted image 20260131163403.png → python/
[2026-02-08 10:15:56] [INFO]    ✓ تبدیل شد: Pasted image 20260131163545.png
[2026-02-08 10:15:56] [INFO] ✓ کپی شد: Pasted image 20260131163545.png → python/
[2026-02-08 10:15:56] [INFO]    ✓ تبدیل شد: Pasted image 20260131164349.png
[2026-02-08 10:15:56] [INFO] ✓ کپی شد: Pasted image 20260131164349.png → python/
[2026-02-08 10:15:56] [INFO]    ✓ تبدیل شد: Pasted image 20260131164529.png
[2026-02-08 10:15:56] [INFO] ✓ کپی شد: Pasted image 20260131164529.png → python/
[2026-02-08 10:15:56] [INFO]    ✓ تبدیل شد: Pasted image 20260131165802.png
[2026-02-08 10:15:56] [INFO] ✓ کپی شد: Pasted image 20260131165802.png → python/
[2026-02-08 10:15:56] [INFO]    ✓ تبدیل شد: Pasted image 20260131165853.png
[2026-02-08 10:15:56] [INFO] ✓ کپی شد: Pasted image 20260131165853.png → python/
[2026-02-08 10:15:56] [INFO]    ✓ تبدیل شد: Pasted image 20260131170034.png
[2026-02-08 10:15:56] [INFO] ✓ کپی شد: Pasted image 20260131170034.png → python/
[2026-02-08 10:15:56] [INFO]    ✓ تبدیل شد: Pasted image 20260131170357.png
[2026-02-08 10:15:56] [INFO] ✓ کپی شد: Pasted image 20260131170357.png → python/
[2026-02-08 10:15:56] [INFO]    ✓ تبدیل شد: Pasted image 20260131170537.png
[2026-02-08 10:15:56] [INFO] ✓ کپی شد: Pasted image 20260131170537.png → python/
[2026-02-08 10:15:56] [INFO]    ✓ تبدیل شد: Pasted image 20260131170655.png
[2026-02-08 10:15:56] [INFO] ✓ کپی شد: Pasted image 20260131170655.png → python/
[2026-02-08 10:15:56] [INFO]    💾 فایل ذخیره شد
[2026-02-08 10:15:56] [INFO] 
📄 content\python\Google Analytics\E41 - Google Analytics(Conversions - Goals - Funnels).md
[2026-02-08 10:15:56] [INFO]    دسته‌بندی: python
[2026-02-08 10:15:56] [INFO]    تعداد تصاویر: 11
[2026-02-08 10:15:56] [INFO]    ✓ تبدیل شد: Pasted image 20260201202830.png
[2026-02-08 10:15:56] [INFO] ✓ کپی شد: Pasted image 20260201202830.png → python/
[2026-02-08 10:15:56] [INFO]    ✓ تبدیل شد: Pasted image 20260201203816.png
[2026-02-08 10:15:56] [INFO] ✓ کپی شد: Pasted image 20260201203816.png → python/
[2026-02-08 10:15:56] [INFO]    ✓ تبدیل شد: Pasted image 20260201205812.png
[2026-02-08 10:15:56] [INFO] ✓ کپی شد: Pasted image 20260201205812.png → python/
[2026-02-08 10:15:56] [INFO]    ✓ تبدیل شد: Pasted image 20260201204411.png
[2026-02-08 10:15:56] [INFO] ✓ کپی شد: Pasted image 20260201204411.png → python/
[2026-02-08 10:15:56] [INFO]    ✓ تبدیل شد: Pasted image 20260201204703.png
[2026-02-08 10:15:56] [INFO] ✓ کپی شد: Pasted image 20260201204703.png → python/
[2026-02-08 10:15:56] [INFO]    ✓ تبدیل شد: Pasted image 20260201204958.png
[2026-02-08 10:15:56] [INFO] ✓ کپی شد: Pasted image 20260201204958.png → python/
[2026-02-08 10:15:56] [INFO]    ✓ تبدیل شد: Pasted image 20260201210625.png
[2026-02-08 10:15:56] [INFO] ✓ کپی شد: Pasted image 20260201210625.png → python/
[2026-02-08 10:15:56] [INFO]    ✓ تبدیل شد: Pasted image 20260201210849.png
[2026-02-08 10:15:56] [INFO] ✓ کپی شد: Pasted image 20260201210849.png → python/
[2026-02-08 10:15:56] [INFO]    ✓ تبدیل شد: Pasted image 20260201211046.png
[2026-02-08 10:15:56] [INFO] ✓ کپی شد: Pasted image 20260201211046.png → python/
[2026-02-08 10:15:56] [INFO]    ✓ تبدیل شد: Pasted image 20260201211246.png
[2026-02-08 10:15:56] [INFO] ✓ کپی شد: Pasted image 20260201211246.png → python/
[2026-02-08 10:15:56] [INFO]    ✓ تبدیل شد: Pasted image 20260201212048.png
[2026-02-08 10:15:56] [INFO] ✓ کپی شد: Pasted image 20260201212048.png → python/
[2026-02-08 10:15:56] [INFO]    💾 فایل ذخیره شد
[2026-02-08 10:15:56] [INFO] 
📄 content\python\Google Analytics\E42 - Google Analytics(Conversion - Ecommerce).md
[2026-02-08 10:15:56] [INFO]    دسته‌بندی: python
[2026-02-08 10:15:56] [INFO]    تعداد تصاویر: 25
[2026-02-08 10:15:56] [INFO]    ✓ تبدیل شد: Pasted image 20260201212956.png
[2026-02-08 10:15:56] [INFO] ✓ کپی شد: Pasted image 20260201212956.png → python/
[2026-02-08 10:15:56] [INFO]    ✓ تبدیل شد: Pasted image 20260201213153.png
[2026-02-08 10:15:56] [INFO] ✓ کپی شد: Pasted image 20260201213153.png → python/
[2026-02-08 10:15:56] [INFO]    ✓ تبدیل شد: Pasted image 20260201213425.png
[2026-02-08 10:15:56] [INFO] ✓ کپی شد: Pasted image 20260201213425.png → python/
[2026-02-08 10:15:56] [INFO]    ✓ تبدیل شد: Pasted image 20260201214004.png
[2026-02-08 10:15:56] [INFO] ✓ کپی شد: Pasted image 20260201214004.png → python/
[2026-02-08 10:15:56] [INFO]    ✓ تبدیل شد: Pasted image 20260201214231.png
[2026-02-08 10:15:56] [INFO] ✓ کپی شد: Pasted image 20260201214231.png → python/
[2026-02-08 10:15:56] [INFO]    ✓ تبدیل شد: Pasted image 20260201214251.png
[2026-02-08 10:15:56] [INFO] ✓ کپی شد: Pasted image 20260201214251.png → python/
[2026-02-08 10:15:56] [INFO]    ✓ تبدیل شد: Pasted image 20260201214531.png
[2026-02-08 10:15:56] [INFO] ✓ کپی شد: Pasted image 20260201214531.png → python/
[2026-02-08 10:15:56] [INFO]    ✓ تبدیل شد: Pasted image 20260201215438.png
[2026-02-08 10:15:56] [INFO] ✓ کپی شد: Pasted image 20260201215438.png → python/
[2026-02-08 10:15:56] [INFO]    ✓ تبدیل شد: Pasted image 20260201215604.png
[2026-02-08 10:15:56] [INFO] ✓ کپی شد: Pasted image 20260201215604.png → python/
[2026-02-08 10:15:56] [INFO]    ✓ تبدیل شد: Pasted image 20260201215718.png
[2026-02-08 10:15:56] [INFO] ✓ کپی شد: Pasted image 20260201215718.png → python/
[2026-02-08 10:15:56] [INFO]    ✓ تبدیل شد: Pasted image 20260201215834.png
[2026-02-08 10:15:56] [INFO] ✓ کپی شد: Pasted image 20260201215834.png → python/
[2026-02-08 10:15:56] [INFO]    ✓ تبدیل شد: Pasted image 20260201215926.png
[2026-02-08 10:15:56] [INFO] ✓ کپی شد: Pasted image 20260201215926.png → python/
[2026-02-08 10:15:56] [INFO]    ✓ تبدیل شد: Pasted image 20260201220013.png
[2026-02-08 10:15:56] [INFO] ✓ کپی شد: Pasted image 20260201220013.png → python/
[2026-02-08 10:15:56] [INFO]    ✓ تبدیل شد: Pasted image 20260201220047.png
[2026-02-08 10:15:56] [INFO] ✓ کپی شد: Pasted image 20260201220047.png → python/
[2026-02-08 10:15:56] [INFO]    ✓ تبدیل شد: Pasted image 20260201220159.png
[2026-02-08 10:15:56] [INFO] ✓ کپی شد: Pasted image 20260201220159.png → python/
[2026-02-08 10:15:56] [INFO]    ✓ تبدیل شد: Pasted image 20260201220250.png
[2026-02-08 10:15:56] [INFO] ✓ کپی شد: Pasted image 20260201220250.png → python/
[2026-02-08 10:15:56] [INFO]    ✓ تبدیل شد: Pasted image 20260201220406.png
[2026-02-08 10:15:56] [INFO] ✓ کپی شد: Pasted image 20260201220406.png → python/
[2026-02-08 10:15:56] [INFO]    ✓ تبدیل شد: Pasted image 20260201232416.png
[2026-02-08 10:15:56] [INFO] ✓ کپی شد: Pasted image 20260201232416.png → python/
[2026-02-08 10:15:56] [INFO]    ✓ تبدیل شد: Pasted image 20260201232615.png
[2026-02-08 10:15:56] [INFO] ✓ کپی شد: Pasted image 20260201232615.png → python/
[2026-02-08 10:15:56] [INFO]    ✓ تبدیل شد: Pasted image 20260201233103.png
[2026-02-08 10:15:56] [INFO] ✓ کپی شد: Pasted image 20260201233103.png → python/
[2026-02-08 10:15:56] [INFO]    ✓ تبدیل شد: Pasted image 20260201233309.png
[2026-02-08 10:15:56] [INFO] ✓ کپی شد: Pasted image 20260201233309.png → python/
[2026-02-08 10:15:56] [INFO]    ✓ تبدیل شد: Pasted image 20260201233622.png
[2026-02-08 10:15:56] [INFO] ✓ کپی شد: Pasted image 20260201233622.png → python/
[2026-02-08 10:15:56] [INFO]    ✓ تبدیل شد: Pasted image 20260201233710.png
[2026-02-08 10:15:56] [INFO] ✓ کپی شد: Pasted image 20260201233710.png → python/
[2026-02-08 10:15:56] [INFO]    ✓ تبدیل شد: Pasted image 20260201233817.png
[2026-02-08 10:15:56] [INFO] ✓ کپی شد: Pasted image 20260201233817.png → python/
[2026-02-08 10:15:56] [INFO]    ✓ تبدیل شد: Pasted image 20260201233903.png
[2026-02-08 10:15:56] [INFO] ✓ کپی شد: Pasted image 20260201233903.png → python/
[2026-02-08 10:15:56] [INFO]    💾 فایل ذخیره شد
[2026-02-08 10:15:56] [INFO] 
📄 content\python\Google Analytics\E43 - Google Analytics(Conversion - Ecommerce - Marketing).md
[2026-02-08 10:15:56] [INFO]    دسته‌بندی: python
[2026-02-08 10:15:56] [INFO]    تعداد تصاویر: 5
[2026-02-08 10:15:56] [INFO]    ✓ تبدیل شد: Pasted image 20260201235754.png
[2026-02-08 10:15:56] [INFO] ✓ کپی شد: Pasted image 20260201235754.png → python/
[2026-02-08 10:15:56] [INFO]    ✓ تبدیل شد: Pasted image 20260202001136.png
[2026-02-08 10:15:56] [INFO] ✓ کپی شد: Pasted image 20260202001136.png → python/
[2026-02-08 10:15:56] [INFO]    ✓ تبدیل شد: Pasted image 20260202001629.png
[2026-02-08 10:15:56] [INFO] ✓ کپی شد: Pasted image 20260202001629.png → python/
[2026-02-08 10:15:56] [INFO]    ✓ تبدیل شد: Pasted image 20260202002045.png
[2026-02-08 10:15:56] [INFO] ✓ کپی شد: Pasted image 20260202002045.png → python/
[2026-02-08 10:15:56] [INFO]    ✓ تبدیل شد: Pasted image 20260202002153.png
[2026-02-08 10:15:56] [INFO] ✓ کپی شد: Pasted image 20260202002153.png → python/
[2026-02-08 10:15:56] [INFO]    💾 فایل ذخیره شد
[2026-02-08 10:15:56] [INFO] 
📄 content\python\Google Analytics\E44, E45 - Google Analytics(Conversion - Multi-Channel Funnels & Attribution).md
[2026-02-08 10:15:56] [INFO]    دسته‌بندی: python
[2026-02-08 10:15:56] [INFO]    تعداد تصاویر: 29
[2026-02-08 10:15:56] [INFO]    ✓ تبدیل شد: Pasted image 20260202003547.png
[2026-02-08 10:15:56] [INFO] ✓ کپی شد: Pasted image 20260202003547.png → python/
[2026-02-08 10:15:56] [INFO]    ✓ تبدیل شد: Pasted image 20260202003555.png
[2026-02-08 10:15:56] [INFO] ✓ کپی شد: Pasted image 20260202003555.png → python/
[2026-02-08 10:15:56] [INFO]    ✓ تبدیل شد: Pasted image 20260202003718.png
[2026-02-08 10:15:56] [INFO] ✓ کپی شد: Pasted image 20260202003718.png → python/
[2026-02-08 10:15:56] [INFO]    ✓ تبدیل شد: Pasted image 20260202003957.png
[2026-02-08 10:15:56] [INFO] ✓ کپی شد: Pasted image 20260202003957.png → python/
[2026-02-08 10:15:56] [INFO]    ✓ تبدیل شد: Pasted image 20260202004044.png
[2026-02-08 10:15:56] [INFO] ✓ کپی شد: Pasted image 20260202004044.png → python/
[2026-02-08 10:15:56] [INFO]    ✓ تبدیل شد: Pasted image 20260202004128.png
[2026-02-08 10:15:56] [INFO] ✓ کپی شد: Pasted image 20260202004128.png → python/
[2026-02-08 10:15:56] [INFO]    ✓ تبدیل شد: Pasted image 20260202004403.png
[2026-02-08 10:15:56] [INFO] ✓ کپی شد: Pasted image 20260202004403.png → python/
[2026-02-08 10:15:56] [INFO]    ✓ تبدیل شد: Pasted image 20260202004534.png
[2026-02-08 10:15:56] [INFO] ✓ کپی شد: Pasted image 20260202004534.png → python/
[2026-02-08 10:15:56] [INFO]    ✓ تبدیل شد: Pasted image 20260202004658.png
[2026-02-08 10:15:56] [INFO] ✓ کپی شد: Pasted image 20260202004658.png → python/
[2026-02-08 10:15:56] [INFO]    ✓ تبدیل شد: Pasted image 20260202004923.png
[2026-02-08 10:15:56] [INFO] ✓ کپی شد: Pasted image 20260202004923.png → python/
[2026-02-08 10:15:56] [INFO]    ✓ تبدیل شد: Pasted image 20260202004912.png
[2026-02-08 10:15:56] [INFO] ✓ کپی شد: Pasted image 20260202004912.png → python/
[2026-02-08 10:15:56] [INFO]    ✓ تبدیل شد: Pasted image 20260202005032.png
[2026-02-08 10:15:56] [INFO] ✓ کپی شد: Pasted image 20260202005032.png → python/
[2026-02-08 10:15:56] [INFO]    ✓ تبدیل شد: Pasted image 20260202005313.png
[2026-02-08 10:15:56] [INFO] ✓ کپی شد: Pasted image 20260202005313.png → python/
[2026-02-08 10:15:56] [INFO]    ✓ تبدیل شد: Pasted image 20260202005503.png
[2026-02-08 10:15:56] [INFO] ✓ کپی شد: Pasted image 20260202005503.png → python/
[2026-02-08 10:15:56] [INFO]    ✓ تبدیل شد: Pasted image 20260202005837.png
[2026-02-08 10:15:56] [INFO] ✓ کپی شد: Pasted image 20260202005837.png → python/
[2026-02-08 10:15:56] [INFO]    ✓ تبدیل شد: Pasted image 20260202005942.png
[2026-02-08 10:15:56] [INFO] ✓ کپی شد: Pasted image 20260202005942.png → python/
[2026-02-08 10:15:56] [INFO]    ✓ تبدیل شد: Pasted image 20260202005930.png
[2026-02-08 10:15:56] [INFO] ✓ کپی شد: Pasted image 20260202005930.png → python/
[2026-02-08 10:15:56] [INFO]    ✓ تبدیل شد: Pasted image 20260202010115.png
[2026-02-08 10:15:56] [INFO] ✓ کپی شد: Pasted image 20260202010115.png → python/
[2026-02-08 10:15:56] [INFO]    ✓ تبدیل شد: Pasted image 20260202010626.png
[2026-02-08 10:15:56] [INFO] ✓ کپی شد: Pasted image 20260202010626.png → python/
[2026-02-08 10:15:56] [INFO]    ✓ تبدیل شد: Pasted image 20260202010639.png
[2026-02-08 10:15:56] [INFO] ✓ کپی شد: Pasted image 20260202010639.png → python/
[2026-02-08 10:15:56] [INFO]    ✓ تبدیل شد: Pasted image 20260202010656.png
[2026-02-08 10:15:56] [INFO] ✓ کپی شد: Pasted image 20260202010656.png → python/
[2026-02-08 10:15:56] [INFO]    ✓ تبدیل شد: Pasted image 20260202010705.png
[2026-02-08 10:15:56] [INFO] ✓ کپی شد: Pasted image 20260202010705.png → python/
[2026-02-08 10:15:56] [INFO]    ✓ تبدیل شد: Pasted image 20260202011325.png
[2026-02-08 10:15:56] [INFO] ✓ کپی شد: Pasted image 20260202011325.png → python/
[2026-02-08 10:15:56] [INFO]    ✓ تبدیل شد: Pasted image 20260202011432.png
[2026-02-08 10:15:56] [INFO] ✓ کپی شد: Pasted image 20260202011432.png → python/
[2026-02-08 10:15:56] [INFO]    ✓ تبدیل شد: Pasted image 20260202011535.png
[2026-02-08 10:15:56] [INFO] ✓ کپی شد: Pasted image 20260202011535.png → python/
[2026-02-08 10:15:56] [INFO]    ✓ تبدیل شد: Pasted image 20260202011841.png
[2026-02-08 10:15:56] [INFO] ✓ کپی شد: Pasted image 20260202011841.png → python/
[2026-02-08 10:15:56] [INFO]    ✓ تبدیل شد: Pasted image 20260202011921.png
[2026-02-08 10:15:56] [INFO] ✓ کپی شد: Pasted image 20260202011921.png → python/
[2026-02-08 10:15:56] [INFO]    ✓ تبدیل شد: Pasted image 20260202012021.png
[2026-02-08 10:15:56] [INFO] ✓ کپی شد: Pasted image 20260202012021.png → python/
[2026-02-08 10:15:56] [INFO]    ✓ تبدیل شد: Pasted image 20260202012123.png
[2026-02-08 10:15:56] [INFO] ✓ کپی شد: Pasted image 20260202012123.png → python/
[2026-02-08 10:15:56] [INFO]    💾 فایل ذخیره شد
[2026-02-08 10:15:56] [INFO] 
📄 content\python\Google Webmaster Tools\E24 - Google Webmaster Tools(Search Console) Basics & Concepts.md
[2026-02-08 10:15:56] [INFO]    دسته‌بندی: python
[2026-02-08 10:15:56] [INFO]    تعداد تصاویر: 21
[2026-02-08 10:15:56] [INFO]    ✓ تبدیل شد: Pasted image 20260124144526.png
[2026-02-08 10:15:56] [INFO] ✓ کپی شد: Pasted image 20260124144526.png → python/
[2026-02-08 10:15:56] [INFO]    ✓ تبدیل شد: Pasted image 20260124145142.png
[2026-02-08 10:15:56] [INFO] ✓ کپی شد: Pasted image 20260124145142.png → python/
[2026-02-08 10:15:56] [INFO]    ✓ تبدیل شد: Pasted image 20260124145046.png
[2026-02-08 10:15:56] [INFO] ✓ کپی شد: Pasted image 20260124145046.png → python/
[2026-02-08 10:15:56] [INFO]    ✓ تبدیل شد: Pasted image 20260124145728.png
[2026-02-08 10:15:56] [INFO] ✓ کپی شد: Pasted image 20260124145728.png → python/
[2026-02-08 10:15:56] [INFO]    ✓ تبدیل شد: Pasted image 20260124145637.png
[2026-02-08 10:15:56] [INFO] ✓ کپی شد: Pasted image 20260124145637.png → python/
[2026-02-08 10:15:56] [INFO]    ✓ تبدیل شد: Pasted image 20260124145939.png
[2026-02-08 10:15:56] [INFO] ✓ کپی شد: Pasted image 20260124145939.png → python/
[2026-02-08 10:15:56] [INFO]    ✓ تبدیل شد: Pasted image 20260124150057.png
[2026-02-08 10:15:56] [INFO] ✓ کپی شد: Pasted image 20260124150057.png → python/
[2026-02-08 10:15:56] [INFO]    ✓ تبدیل شد: Pasted image 20260124150216.png
[2026-02-08 10:15:56] [INFO] ✓ کپی شد: Pasted image 20260124150216.png → python/
[2026-02-08 10:15:56] [INFO]    ✓ تبدیل شد: Pasted image 20260124154039.png
[2026-02-08 10:15:56] [INFO] ✓ کپی شد: Pasted image 20260124154039.png → python/
[2026-02-08 10:15:56] [INFO]    ✓ تبدیل شد: Pasted image 20260124152136.png
[2026-02-08 10:15:56] [INFO] ✓ کپی شد: Pasted image 20260124152136.png → python/
[2026-02-08 10:15:56] [INFO]    ✓ تبدیل شد: Pasted image 20260124152308.png
[2026-02-08 10:15:56] [INFO] ✓ کپی شد: Pasted image 20260124152308.png → python/
[2026-02-08 10:15:56] [INFO]    ✓ تبدیل شد: Pasted image 20260124154053.png
[2026-02-08 10:15:57] [INFO] ✓ کپی شد: Pasted image 20260124154053.png → python/
[2026-02-08 10:15:57] [INFO]    ✓ تبدیل شد: Pasted image 20260124154104.png
[2026-02-08 10:15:57] [INFO] ✓ کپی شد: Pasted image 20260124154104.png → python/
[2026-02-08 10:15:57] [INFO]    ✓ تبدیل شد: Pasted image 20260124154111.png
[2026-02-08 10:15:57] [INFO] ✓ کپی شد: Pasted image 20260124154111.png → python/
[2026-02-08 10:15:57] [INFO]    ✓ تبدیل شد: Pasted image 20260124153908.png
[2026-02-08 10:15:57] [INFO] ✓ کپی شد: Pasted image 20260124153908.png → python/
[2026-02-08 10:15:57] [INFO]    ✓ تبدیل شد: Pasted image 20260124152502.png
[2026-02-08 10:15:57] [INFO] ✓ کپی شد: Pasted image 20260124152502.png → python/
[2026-02-08 10:15:57] [INFO]    ✓ تبدیل شد: Pasted image 20260124153624.png
[2026-02-08 10:15:57] [INFO] ✓ کپی شد: Pasted image 20260124153624.png → python/
[2026-02-08 10:15:57] [INFO]    ✓ تبدیل شد: Pasted image 20260124153603.png
[2026-02-08 10:15:57] [INFO] ✓ کپی شد: Pasted image 20260124153603.png → python/
[2026-02-08 10:15:57] [INFO]    ✓ تبدیل شد: Pasted image 20260124153223.png
[2026-02-08 10:15:57] [INFO] ✓ کپی شد: Pasted image 20260124153223.png → python/
[2026-02-08 10:15:57] [INFO]    ✓ تبدیل شد: Pasted image 20260124153448.png
[2026-02-08 10:15:57] [INFO] ✓ کپی شد: Pasted image 20260124153448.png → python/
[2026-02-08 10:15:57] [INFO]    ✓ تبدیل شد: Pasted image 20260124153530.png
[2026-02-08 10:15:57] [INFO] ✓ کپی شد: Pasted image 20260124153530.png → python/
[2026-02-08 10:15:57] [INFO]    💾 فایل ذخیره شد
[2026-02-08 10:15:57] [INFO] 
📄 content\python\Google Webmaster Tools\E25 - Search Traffic Tab(Search Analytics).md
[2026-02-08 10:15:57] [INFO]    دسته‌بندی: python
[2026-02-08 10:15:57] [INFO]    تعداد تصاویر: 12
[2026-02-08 10:15:57] [INFO]    ✓ تبدیل شد: Pasted image 20260124154938.png
[2026-02-08 10:15:57] [INFO] ✓ کپی شد: Pasted image 20260124154938.png → python/
[2026-02-08 10:15:57] [INFO]    ✓ تبدیل شد: Pasted image 20260124155355.png
[2026-02-08 10:15:57] [INFO] ✓ کپی شد: Pasted image 20260124155355.png → python/
[2026-02-08 10:15:57] [INFO]    ⏩ از قبل پردازش شده: Pasted image 20260124154938.png
[2026-02-08 10:15:57] [INFO]    ✓ تبدیل شد: Pasted image 20260124155312.png
[2026-02-08 10:15:57] [INFO] ✓ کپی شد: Pasted image 20260124155312.png → python/
[2026-02-08 10:15:57] [INFO]    ✓ تبدیل شد: Pasted image 20260124155759.png
[2026-02-08 10:15:57] [INFO] ✓ کپی شد: Pasted image 20260124155759.png → python/
[2026-02-08 10:15:57] [INFO]    ✓ تبدیل شد: Pasted image 20260124160154.png
[2026-02-08 10:15:57] [INFO] ✓ کپی شد: Pasted image 20260124160154.png → python/
[2026-02-08 10:15:57] [INFO]    ✓ تبدیل شد: Pasted image 20260124160643.png
[2026-02-08 10:15:57] [INFO] ✓ کپی شد: Pasted image 20260124160643.png → python/
[2026-02-08 10:15:57] [INFO]    ✓ تبدیل شد: Pasted image 20260124161636.png
[2026-02-08 10:15:57] [INFO] ✓ کپی شد: Pasted image 20260124161636.png → python/
[2026-02-08 10:15:57] [INFO]    ✓ تبدیل شد: Pasted image 20260124161702.png
[2026-02-08 10:15:57] [INFO] ✓ کپی شد: Pasted image 20260124161702.png → python/
[2026-02-08 10:15:57] [INFO]    ✓ تبدیل شد: Pasted image 20260124161851.png
[2026-02-08 10:15:57] [INFO] ✓ کپی شد: Pasted image 20260124161851.png → python/
[2026-02-08 10:15:57] [INFO]    ✓ تبدیل شد: Pasted image 20260124162106.png
[2026-02-08 10:15:57] [INFO] ✓ کپی شد: Pasted image 20260124162106.png → python/
[2026-02-08 10:15:57] [INFO]    ✓ تبدیل شد: Pasted image 20260124162208.png
[2026-02-08 10:15:57] [INFO] ✓ کپی شد: Pasted image 20260124162208.png → python/
[2026-02-08 10:15:57] [INFO]    💾 فایل ذخیره شد
[2026-02-08 10:15:57] [INFO] 
📄 content\python\Google Webmaster Tools\E26 - Search Traffic Tab(Other Tabs).md
[2026-02-08 10:15:57] [INFO]    دسته‌بندی: python
[2026-02-08 10:15:57] [INFO]    تعداد تصاویر: 22
[2026-02-08 10:15:57] [INFO]    ✓ تبدیل شد: Pasted image 20260124163522.png
[2026-02-08 10:15:57] [INFO] ✓ کپی شد: Pasted image 20260124163522.png → python/
[2026-02-08 10:15:57] [INFO]    ✓ تبدیل شد: Pasted image 20260124163544.png
[2026-02-08 10:15:57] [INFO] ✓ کپی شد: Pasted image 20260124163544.png → python/
[2026-02-08 10:15:57] [INFO]    ✓ تبدیل شد: Pasted image 20260124163653.png
[2026-02-08 10:15:57] [INFO] ✓ کپی شد: Pasted image 20260124163653.png → python/
[2026-02-08 10:15:57] [INFO]    ✓ تبدیل شد: Pasted image 20260124163748.png
[2026-02-08 10:15:57] [INFO] ✓ کپی شد: Pasted image 20260124163748.png → python/
[2026-02-08 10:15:57] [INFO]    ✓ تبدیل شد: Pasted image 20260124163840.png
[2026-02-08 10:15:57] [INFO] ✓ کپی شد: Pasted image 20260124163840.png → python/
[2026-02-08 10:15:57] [INFO]    ✓ تبدیل شد: Pasted image 20260124163944.png
[2026-02-08 10:15:57] [INFO] ✓ کپی شد: Pasted image 20260124163944.png → python/
[2026-02-08 10:15:57] [INFO]    ✓ تبدیل شد: Pasted image 20260124172738.png
[2026-02-08 10:15:57] [INFO] ✓ کپی شد: Pasted image 20260124172738.png → python/
[2026-02-08 10:15:57] [INFO]    ✓ تبدیل شد: Pasted image 20260124173013.png
[2026-02-08 10:15:57] [INFO] ✓ کپی شد: Pasted image 20260124173013.png → python/
[2026-02-08 10:15:57] [INFO]    ✓ تبدیل شد: Pasted image 20260124173518.png
[2026-02-08 10:15:57] [INFO] ✓ کپی شد: Pasted image 20260124173518.png → python/
[2026-02-08 10:15:57] [INFO]    ✓ تبدیل شد: Pasted image 20260124173723.png
[2026-02-08 10:15:57] [INFO] ✓ کپی شد: Pasted image 20260124173723.png → python/
[2026-02-08 10:15:57] [INFO]    ✓ تبدیل شد: Pasted image 20260124172500.png
[2026-02-08 10:15:57] [INFO] ✓ کپی شد: Pasted image 20260124172500.png → python/
[2026-02-08 10:15:57] [INFO]    ✓ تبدیل شد: Pasted image 20260124172519.png
[2026-02-08 10:15:57] [INFO] ✓ کپی شد: Pasted image 20260124172519.png → python/
[2026-02-08 10:15:57] [INFO]    ✓ تبدیل شد: Pasted image 20260124174019.png
[2026-02-08 10:15:57] [INFO] ✓ کپی شد: Pasted image 20260124174019.png → python/
[2026-02-08 10:15:57] [INFO]    ✓ تبدیل شد: Pasted image 20260124174202.png
[2026-02-08 10:15:57] [INFO] ✓ کپی شد: Pasted image 20260124174202.png → python/
[2026-02-08 10:15:57] [INFO]    ✓ تبدیل شد: Pasted image 20260124174405.png
[2026-02-08 10:15:57] [INFO] ✓ کپی شد: Pasted image 20260124174405.png → python/
[2026-02-08 10:15:57] [INFO]    ✓ تبدیل شد: Pasted image 20260124175043.png
[2026-02-08 10:15:57] [INFO] ✓ کپی شد: Pasted image 20260124175043.png → python/
[2026-02-08 10:15:57] [INFO]    ✓ تبدیل شد: Pasted image 20260124175512.png
[2026-02-08 10:15:57] [INFO] ✓ کپی شد: Pasted image 20260124175512.png → python/
[2026-02-08 10:15:57] [INFO]    ✓ تبدیل شد: Pasted image 20260124175739.png
[2026-02-08 10:15:57] [INFO] ✓ کپی شد: Pasted image 20260124175739.png → python/
[2026-02-08 10:15:57] [INFO]    ✓ تبدیل شد: Pasted image 20260124175819.png
[2026-02-08 10:15:57] [INFO] ✓ کپی شد: Pasted image 20260124175819.png → python/
[2026-02-08 10:15:57] [INFO]    ✓ تبدیل شد: Pasted image 20260124175956.png
[2026-02-08 10:15:57] [INFO] ✓ کپی شد: Pasted image 20260124175956.png → python/
[2026-02-08 10:15:57] [INFO]    ✓ تبدیل شد: Pasted image 20260124175950.png
[2026-02-08 10:15:57] [INFO] ✓ کپی شد: Pasted image 20260124175950.png → python/
[2026-02-08 10:15:57] [INFO]    ✓ تبدیل شد: Pasted image 20260124180229.png
[2026-02-08 10:15:57] [INFO] ✓ کپی شد: Pasted image 20260124180229.png → python/
[2026-02-08 10:15:57] [INFO]    💾 فایل ذخیره شد
[2026-02-08 10:15:57] [INFO] 
📄 content\python\Google Webmaster Tools\E27 - Google Index & Search Appearances(Structure Data).md
[2026-02-08 10:15:57] [INFO]    دسته‌بندی: python
[2026-02-08 10:15:57] [INFO]    تعداد تصاویر: 36
[2026-02-08 10:15:57] [INFO]    ✓ تبدیل شد: Pasted image 20260124180915.png
[2026-02-08 10:15:57] [INFO] ✓ کپی شد: Pasted image 20260124180915.png → python/
[2026-02-08 10:15:57] [INFO]    ✓ تبدیل شد: Pasted image 20260124181344.png
[2026-02-08 10:15:57] [INFO] ✓ کپی شد: Pasted image 20260124181344.png → python/
[2026-02-08 10:15:57] [INFO]    ✓ تبدیل شد: Pasted image 20260124181437.png
[2026-02-08 10:15:57] [INFO] ✓ کپی شد: Pasted image 20260124181437.png → python/
[2026-02-08 10:15:57] [INFO]    ✓ تبدیل شد: Pasted image 20260124181545.png
[2026-02-08 10:15:57] [INFO] ✓ کپی شد: Pasted image 20260124181545.png → python/
[2026-02-08 10:15:57] [INFO]    ✓ تبدیل شد: Pasted image 20260124181139.png
[2026-02-08 10:15:57] [INFO] ✓ کپی شد: Pasted image 20260124181139.png → python/
[2026-02-08 10:15:57] [INFO]    ✓ تبدیل شد: Pasted image 20260124181251.png
[2026-02-08 10:15:57] [INFO] ✓ کپی شد: Pasted image 20260124181251.png → python/
[2026-02-08 10:15:57] [INFO]    ✓ تبدیل شد: Pasted image 20260124181648.png
[2026-02-08 10:15:57] [INFO] ✓ کپی شد: Pasted image 20260124181648.png → python/
[2026-02-08 10:15:57] [INFO]    ✓ تبدیل شد: Pasted image 20260124182300.png
[2026-02-08 10:15:57] [INFO] ✓ کپی شد: Pasted image 20260124182300.png → python/
[2026-02-08 10:15:57] [INFO]    ✓ تبدیل شد: Pasted image 20260124182651.png
[2026-02-08 10:15:57] [INFO] ✓ کپی شد: Pasted image 20260124182651.png → python/
[2026-02-08 10:15:57] [INFO]    ✓ تبدیل شد: Pasted image 20260124182837.png
[2026-02-08 10:15:57] [INFO] ✓ کپی شد: Pasted image 20260124182837.png → python/
[2026-02-08 10:15:57] [INFO]    ✓ تبدیل شد: Pasted image 20260124182833.png
[2026-02-08 10:15:57] [INFO] ✓ کپی شد: Pasted image 20260124182833.png → python/
[2026-02-08 10:15:57] [INFO]    ✓ تبدیل شد: Pasted image 20260124183055.png
[2026-02-08 10:15:57] [INFO] ✓ کپی شد: Pasted image 20260124183055.png → python/
[2026-02-08 10:15:57] [INFO]    ✓ تبدیل شد: Pasted image 20260124183450.png
[2026-02-08 10:15:57] [INFO] ✓ کپی شد: Pasted image 20260124183450.png → python/
[2026-02-08 10:15:57] [INFO]    ✓ تبدیل شد: Pasted image 20260124183634.png
[2026-02-08 10:15:57] [INFO] ✓ کپی شد: Pasted image 20260124183634.png → python/
[2026-02-08 10:15:57] [INFO]    ✓ تبدیل شد: Pasted image 20260124183557.png
[2026-02-08 10:15:57] [INFO] ✓ کپی شد: Pasted image 20260124183557.png → python/
[2026-02-08 10:15:57] [INFO]    ✓ تبدیل شد: Pasted image 20260124183904.png
[2026-02-08 10:15:57] [INFO] ✓ کپی شد: Pasted image 20260124183904.png → python/
[2026-02-08 10:15:57] [INFO]    ✓ تبدیل شد: Pasted image 20260124184049.png
[2026-02-08 10:15:57] [INFO] ✓ کپی شد: Pasted image 20260124184049.png → python/
[2026-02-08 10:15:57] [INFO]    ✓ تبدیل شد: Pasted image 20260124185531.png
[2026-02-08 10:15:57] [INFO] ✓ کپی شد: Pasted image 20260124185531.png → python/
[2026-02-08 10:15:57] [INFO]    ✓ تبدیل شد: Pasted image 20260124193310.png
[2026-02-08 10:15:57] [INFO] ✓ کپی شد: Pasted image 20260124193310.png → python/
[2026-02-08 10:15:57] [INFO]    ✓ تبدیل شد: Pasted image 20260124193417.png
[2026-02-08 10:15:57] [INFO] ✓ کپی شد: Pasted image 20260124193417.png → python/
[2026-02-08 10:15:57] [INFO]    ✓ تبدیل شد: Pasted image 20260124193253.png
[2026-02-08 10:15:57] [INFO] ✓ کپی شد: Pasted image 20260124193253.png → python/
[2026-02-08 10:15:57] [INFO]    ✓ تبدیل شد: Pasted image 20260124190556.png
[2026-02-08 10:15:57] [INFO] ✓ کپی شد: Pasted image 20260124190556.png → python/
[2026-02-08 10:15:57] [INFO]    ✓ تبدیل شد: Pasted image 20260124191056.png
[2026-02-08 10:15:57] [INFO] ✓ کپی شد: Pasted image 20260124191056.png → python/
[2026-02-08 10:15:57] [INFO]    ✓ تبدیل شد: Pasted image 20260124191129.png
[2026-02-08 10:15:57] [INFO] ✓ کپی شد: Pasted image 20260124191129.png → python/
[2026-02-08 10:15:57] [INFO]    ✓ تبدیل شد: Pasted image 20260124191206.png
[2026-02-08 10:15:57] [INFO] ✓ کپی شد: Pasted image 20260124191206.png → python/
[2026-02-08 10:15:57] [INFO]    ✓ تبدیل شد: Pasted image 20260124193549.png
[2026-02-08 10:15:57] [INFO] ✓ کپی شد: Pasted image 20260124193549.png → python/
[2026-02-08 10:15:57] [INFO]    ✓ تبدیل شد: Pasted image 20260124193546.png
[2026-02-08 10:15:57] [INFO] ✓ کپی شد: Pasted image 20260124193546.png → python/
[2026-02-08 10:15:57] [INFO]    ✓ تبدیل شد: Pasted image 20260124190159.png
[2026-02-08 10:15:57] [INFO] ✓ کپی شد: Pasted image 20260124190159.png → python/
[2026-02-08 10:15:57] [INFO]    ✓ تبدیل شد: Pasted image 20260124185754.png
[2026-02-08 10:15:57] [INFO] ✓ کپی شد: Pasted image 20260124185754.png → python/
[2026-02-08 10:15:57] [INFO]    ✓ تبدیل شد: Pasted image 20260124191952.png
[2026-02-08 10:15:57] [INFO] ✓ کپی شد: Pasted image 20260124191952.png → python/
[2026-02-08 10:15:57] [INFO]    ✓ تبدیل شد: Pasted image 20260124192240.png
[2026-02-08 10:15:57] [INFO] ✓ کپی شد: Pasted image 20260124192240.png → python/
[2026-02-08 10:15:57] [INFO]    ✓ تبدیل شد: Pasted image 20260124192252.png
[2026-02-08 10:15:57] [INFO] ✓ کپی شد: Pasted image 20260124192252.png → python/
[2026-02-08 10:15:57] [INFO]    ✓ تبدیل شد: Pasted image 20260124192305.png
[2026-02-08 10:15:57] [INFO] ✓ کپی شد: Pasted image 20260124192305.png → python/
[2026-02-08 10:15:57] [INFO]    ✓ تبدیل شد: Pasted image 20260124192748.png
[2026-02-08 10:15:57] [INFO] ✓ کپی شد: Pasted image 20260124192748.png → python/
[2026-02-08 10:15:57] [INFO]    ✓ تبدیل شد: Pasted image 20260124192904.png
[2026-02-08 10:15:57] [INFO] ✓ کپی شد: Pasted image 20260124192904.png → python/
[2026-02-08 10:15:57] [INFO]    ✓ تبدیل شد: Pasted image 20260124185932.png
[2026-02-08 10:15:57] [INFO] ✓ کپی شد: Pasted image 20260124185932.png → python/
[2026-02-08 10:15:57] [INFO]    💾 فایل ذخیره شد
[2026-02-08 10:15:57] [INFO] 
📄 content\python\Google Webmaster Tools\E28 - Google Webmaster Tools, Other Menu's.md
[2026-02-08 10:15:57] [INFO]    دسته‌بندی: python
[2026-02-08 10:15:57] [INFO]    تعداد تصاویر: 45
[2026-02-08 10:15:57] [INFO]    ✓ تبدیل شد: Pasted image 20260126190618.png
[2026-02-08 10:15:57] [INFO] ✓ کپی شد: Pasted image 20260126190618.png → python/
[2026-02-08 10:15:57] [INFO]    ✓ تبدیل شد: Pasted image 20260126185811.png
[2026-02-08 10:15:57] [INFO] ✓ کپی شد: Pasted image 20260126185811.png → python/
[2026-02-08 10:15:57] [INFO]    ✓ تبدیل شد: Pasted image 20260126185940.png
[2026-02-08 10:15:57] [INFO] ✓ کپی شد: Pasted image 20260126185940.png → python/
[2026-02-08 10:15:57] [INFO]    ✓ تبدیل شد: Pasted image 20260126190056.png
[2026-02-08 10:15:57] [INFO] ✓ کپی شد: Pasted image 20260126190056.png → python/
[2026-02-08 10:15:57] [INFO]    ✓ تبدیل شد: Pasted image 20260126190436.png
[2026-02-08 10:15:57] [INFO] ✓ کپی شد: Pasted image 20260126190436.png → python/
[2026-02-08 10:15:57] [INFO]    ✓ تبدیل شد: Pasted image 20260126190740.png
[2026-02-08 10:15:57] [INFO] ✓ کپی شد: Pasted image 20260126190740.png → python/
[2026-02-08 10:15:57] [INFO]    ✓ تبدیل شد: Pasted image 20260126190700.png
[2026-02-08 10:15:57] [INFO] ✓ کپی شد: Pasted image 20260126190700.png → python/
[2026-02-08 10:15:57] [INFO]    ✓ تبدیل شد: Pasted image 20260126190838.png
[2026-02-08 10:15:57] [INFO] ✓ کپی شد: Pasted image 20260126190838.png → python/
[2026-02-08 10:15:57] [INFO]    ✓ تبدیل شد: Pasted image 20260126190939.png
[2026-02-08 10:15:57] [INFO] ✓ کپی شد: Pasted image 20260126190939.png → python/
[2026-02-08 10:15:57] [INFO]    ✓ تبدیل شد: Pasted image 20260126191947.png
[2026-02-08 10:15:57] [INFO] ✓ کپی شد: Pasted image 20260126191947.png → python/
[2026-02-08 10:15:57] [INFO]    ✓ تبدیل شد: Pasted image 20260126192041.png
[2026-02-08 10:15:57] [INFO] ✓ کپی شد: Pasted image 20260126192041.png → python/
[2026-02-08 10:15:57] [INFO]    ✓ تبدیل شد: Pasted image 20260126192713.png
[2026-02-08 10:15:57] [INFO] ✓ کپی شد: Pasted image 20260126192713.png → python/
[2026-02-08 10:15:57] [INFO]    ✓ تبدیل شد: Pasted image 20260126192951.png
[2026-02-08 10:15:57] [INFO] ✓ کپی شد: Pasted image 20260126192951.png → python/
[2026-02-08 10:15:57] [INFO]    ✓ تبدیل شد: Pasted image 20260126193101.png
[2026-02-08 10:15:57] [INFO] ✓ کپی شد: Pasted image 20260126193101.png → python/
[2026-02-08 10:15:57] [INFO]    ✓ تبدیل شد: Pasted image 20260126193539.png
[2026-02-08 10:15:57] [INFO] ✓ کپی شد: Pasted image 20260126193539.png → python/
[2026-02-08 10:15:57] [INFO]    ✓ تبدیل شد: Pasted image 20260126193404.png
[2026-02-08 10:15:57] [INFO] ✓ کپی شد: Pasted image 20260126193404.png → python/
[2026-02-08 10:15:57] [INFO]    ✓ تبدیل شد: Pasted image 20260126193435.png
[2026-02-08 10:15:57] [INFO] ✓ کپی شد: Pasted image 20260126193435.png → python/
[2026-02-08 10:15:57] [INFO]    ✓ تبدیل شد: Pasted image 20260126193758.png
[2026-02-08 10:15:57] [INFO] ✓ کپی شد: Pasted image 20260126193758.png → python/
[2026-02-08 10:15:57] [INFO]    ✓ تبدیل شد: Pasted image 20260126194114.png
[2026-02-08 10:15:57] [INFO] ✓ کپی شد: Pasted image 20260126194114.png → python/
[2026-02-08 10:15:57] [INFO]    ✓ تبدیل شد: Pasted image 20260126194112.png
[2026-02-08 10:15:57] [INFO] ✓ کپی شد: Pasted image 20260126194112.png → python/
[2026-02-08 10:15:57] [INFO]    ✓ تبدیل شد: Pasted image 20260126194243.png
[2026-02-08 10:15:57] [INFO] ✓ کپی شد: Pasted image 20260126194243.png → python/
[2026-02-08 10:15:57] [INFO]    ✓ تبدیل شد: Pasted image 20260126194421.png
[2026-02-08 10:15:57] [INFO] ✓ کپی شد: Pasted image 20260126194421.png → python/
[2026-02-08 10:15:57] [INFO]    ✓ تبدیل شد: Pasted image 20260126194828.png
[2026-02-08 10:15:57] [INFO] ✓ کپی شد: Pasted image 20260126194828.png → python/
[2026-02-08 10:15:57] [INFO]    ✓ تبدیل شد: Pasted image 20260126195349.png
[2026-02-08 10:15:57] [INFO] ✓ کپی شد: Pasted image 20260126195349.png → python/
[2026-02-08 10:15:57] [INFO]    ✓ تبدیل شد: Pasted image 20260126195455.png
[2026-02-08 10:15:57] [INFO] ✓ کپی شد: Pasted image 20260126195455.png → python/
[2026-02-08 10:15:57] [INFO]    ✓ تبدیل شد: Pasted image 20260126195558.png
[2026-02-08 10:15:57] [INFO] ✓ کپی شد: Pasted image 20260126195558.png → python/
[2026-02-08 10:15:57] [INFO]    ✓ تبدیل شد: Pasted image 20260126201220.png
[2026-02-08 10:15:57] [INFO] ✓ کپی شد: Pasted image 20260126201220.png → python/
[2026-02-08 10:15:57] [INFO]    ✓ تبدیل شد: Pasted image 20260126201206.png
[2026-02-08 10:15:57] [INFO] ✓ کپی شد: Pasted image 20260126201206.png → python/
[2026-02-08 10:15:57] [INFO]    ✓ تبدیل شد: Pasted image 20260126201831.png
[2026-02-08 10:15:57] [INFO] ✓ کپی شد: Pasted image 20260126201831.png → python/
[2026-02-08 10:15:57] [INFO]    ✓ تبدیل شد: Pasted image 20260126201752.png
[2026-02-08 10:15:57] [INFO] ✓ کپی شد: Pasted image 20260126201752.png → python/
[2026-02-08 10:15:57] [INFO]    ✓ تبدیل شد: Pasted image 20260126202318.png
[2026-02-08 10:15:57] [INFO] ✓ کپی شد: Pasted image 20260126202318.png → python/
[2026-02-08 10:15:57] [INFO]    ✓ تبدیل شد: Pasted image 20260126202833.png
[2026-02-08 10:15:57] [INFO] ✓ کپی شد: Pasted image 20260126202833.png → python/
[2026-02-08 10:15:57] [INFO]    ✓ تبدیل شد: Pasted image 20260126203036.png
[2026-02-08 10:15:57] [INFO] ✓ کپی شد: Pasted image 20260126203036.png → python/
[2026-02-08 10:15:57] [INFO]    ✓ تبدیل شد: Pasted image 20260126203102.png
[2026-02-08 10:15:57] [INFO] ✓ کپی شد: Pasted image 20260126203102.png → python/
[2026-02-08 10:15:57] [INFO]    ✓ تبدیل شد: Pasted image 20260126203238.png
[2026-02-08 10:15:57] [INFO] ✓ کپی شد: Pasted image 20260126203238.png → python/
[2026-02-08 10:15:57] [INFO]    ✓ تبدیل شد: Pasted image 20260126203854.png
[2026-02-08 10:15:57] [INFO] ✓ کپی شد: Pasted image 20260126203854.png → python/
[2026-02-08 10:15:57] [INFO]    ✓ تبدیل شد: Pasted image 20260126204028.png
[2026-02-08 10:15:57] [INFO] ✓ کپی شد: Pasted image 20260126204028.png → python/
[2026-02-08 10:15:57] [INFO]    ✓ تبدیل شد: Pasted image 20260126203408.png
[2026-02-08 10:15:57] [INFO] ✓ کپی شد: Pasted image 20260126203408.png → python/
[2026-02-08 10:15:57] [INFO]    ⏩ از قبل پردازش شده: Pasted image 20260126203408.png
[2026-02-08 10:15:57] [INFO]    ✓ تبدیل شد: Pasted image 20260126211617.png
[2026-02-08 10:15:57] [INFO] ✓ کپی شد: Pasted image 20260126211617.png → python/
[2026-02-08 10:15:57] [INFO]    ✓ تبدیل شد: Pasted image 20260126210828.png
[2026-02-08 10:15:57] [INFO] ✓ کپی شد: Pasted image 20260126210828.png → python/
[2026-02-08 10:15:57] [INFO]    ✓ تبدیل شد: Pasted image 20260126211251.png
[2026-02-08 10:15:57] [INFO] ✓ کپی شد: Pasted image 20260126211251.png → python/
[2026-02-08 10:15:57] [INFO]    ✓ تبدیل شد: Pasted image 20260126211422.png
[2026-02-08 10:15:57] [INFO] ✓ کپی شد: Pasted image 20260126211422.png → python/
[2026-02-08 10:15:57] [INFO]    ✓ تبدیل شد: Pasted image 20260126212540.png
[2026-02-08 10:15:57] [INFO] ✓ کپی شد: Pasted image 20260126212540.png → python/
[2026-02-08 10:15:57] [INFO]    ✓ تبدیل شد: Pasted image 20260126212716.png
[2026-02-08 10:15:57] [INFO] ✓ کپی شد: Pasted image 20260126212716.png → python/
[2026-02-08 10:15:57] [INFO]    💾 فایل ذخیره شد
[2026-02-08 10:15:57] [INFO] 
📄 content\seo\E18, E19 - Start On Page SEO.md
[2026-02-08 10:15:57] [INFO]    دسته‌بندی: seo
[2026-02-08 10:15:57] [INFO]    تعداد تصاویر: 8
[2026-02-08 10:15:57] [INFO]    ✓ تبدیل شد: Pasted image 20260121201718.png
[2026-02-08 10:15:57] [INFO] دایرکتوری ایجاد شد: static/images\seo
[2026-02-08 10:15:57] [INFO] ✓ کپی شد: Pasted image 20260121201718.png → seo/
[2026-02-08 10:15:57] [INFO]    ✓ تبدیل شد: Pasted image 20260121201756.png
[2026-02-08 10:15:57] [INFO] ✓ کپی شد: Pasted image 20260121201756.png → seo/
[2026-02-08 10:15:57] [INFO]    ✓ تبدیل شد: Pasted image 20260121202814.png
[2026-02-08 10:15:57] [INFO] ✓ کپی شد: Pasted image 20260121202814.png → seo/
[2026-02-08 10:15:57] [INFO]    ✓ تبدیل شد: Pasted image 20260121203033.png
[2026-02-08 10:15:57] [INFO] ✓ کپی شد: Pasted image 20260121203033.png → seo/
[2026-02-08 10:15:57] [INFO]    ✓ تبدیل شد: Pasted image 20260121203830.png
[2026-02-08 10:15:57] [INFO] ✓ کپی شد: Pasted image 20260121203830.png → seo/
[2026-02-08 10:15:57] [INFO]    ✓ تبدیل شد: Pasted image 20260121204735.png
[2026-02-08 10:15:57] [INFO] ✓ کپی شد: Pasted image 20260121204735.png → seo/
[2026-02-08 10:15:57] [INFO]    ✓ تبدیل شد: Pasted image 20260121205633.png
[2026-02-08 10:15:57] [INFO] ✓ کپی شد: Pasted image 20260121205633.png → seo/
[2026-02-08 10:15:57] [INFO]    ✓ تبدیل شد: Pasted image 20260121211216.png
[2026-02-08 10:15:57] [INFO] ✓ کپی شد: Pasted image 20260121211216.png → seo/
[2026-02-08 10:15:57] [INFO]    💾 فایل ذخیره شد
[2026-02-08 10:15:57] [INFO] 
📄 content\seo\E20 - Page Load Speed(Optimized & Increased).md
[2026-02-08 10:15:57] [INFO]    دسته‌بندی: seo
[2026-02-08 10:15:57] [INFO]    تعداد تصاویر: 42
[2026-02-08 10:15:57] [INFO]    ✓ تبدیل شد: Pasted image 20260121213241.png
[2026-02-08 10:15:57] [INFO] ✓ کپی شد: Pasted image 20260121213241.png → seo/
[2026-02-08 10:15:57] [INFO]    ✓ تبدیل شد: Pasted image 20260121213713.png
[2026-02-08 10:15:57] [INFO] ✓ کپی شد: Pasted image 20260121213713.png → seo/
[2026-02-08 10:15:57] [INFO]    ✓ تبدیل شد: Pasted image 20260121213748.png
[2026-02-08 10:15:57] [INFO] ✓ کپی شد: Pasted image 20260121213748.png → seo/
[2026-02-08 10:15:57] [INFO]    ✓ تبدیل شد: Pasted image 20260121214439.png
[2026-02-08 10:15:57] [INFO] ✓ کپی شد: Pasted image 20260121214439.png → seo/
[2026-02-08 10:15:57] [INFO]    ✓ تبدیل شد: Pasted image 20260121214451.png
[2026-02-08 10:15:57] [INFO] ✓ کپی شد: Pasted image 20260121214451.png → seo/
[2026-02-08 10:15:57] [INFO]    ✓ تبدیل شد: Pasted image 20260121214609.png
[2026-02-08 10:15:57] [INFO] ✓ کپی شد: Pasted image 20260121214609.png → seo/
[2026-02-08 10:15:57] [INFO]    ✓ تبدیل شد: Pasted image 20260121215524.png
[2026-02-08 10:15:57] [INFO] ✓ کپی شد: Pasted image 20260121215524.png → seo/
[2026-02-08 10:15:57] [INFO]    ✓ تبدیل شد: Pasted image 20260121215603.png
[2026-02-08 10:15:57] [INFO] ✓ کپی شد: Pasted image 20260121215603.png → seo/
[2026-02-08 10:15:57] [INFO]    ✓ تبدیل شد: Pasted image 20260121215801.png
[2026-02-08 10:15:57] [INFO] ✓ کپی شد: Pasted image 20260121215801.png → seo/
[2026-02-08 10:15:57] [INFO]    ✓ تبدیل شد: Pasted image 20260121215905.png
[2026-02-08 10:15:57] [INFO] ✓ کپی شد: Pasted image 20260121215905.png → seo/
[2026-02-08 10:15:57] [INFO]    ✓ تبدیل شد: Pasted image 20260121215956.png
[2026-02-08 10:15:57] [INFO] ✓ کپی شد: Pasted image 20260121215956.png → seo/
[2026-02-08 10:15:57] [INFO]    ✓ تبدیل شد: Pasted image 20260121220614.png
[2026-02-08 10:15:57] [INFO] ✓ کپی شد: Pasted image 20260121220614.png → seo/
[2026-02-08 10:15:57] [INFO]    ✓ تبدیل شد: Pasted image 20260121220708.png
[2026-02-08 10:15:57] [INFO] ✓ کپی شد: Pasted image 20260121220708.png → seo/
[2026-02-08 10:15:57] [INFO]    ✓ تبدیل شد: Pasted image 20260121221423.png
[2026-02-08 10:15:57] [INFO] ✓ کپی شد: Pasted image 20260121221423.png → seo/
[2026-02-08 10:15:57] [INFO]    ✓ تبدیل شد: Pasted image 20260121221820.png
[2026-02-08 10:15:57] [INFO] ✓ کپی شد: Pasted image 20260121221820.png → seo/
[2026-02-08 10:15:57] [INFO]    ✓ تبدیل شد: Pasted image 20260121221838.png
[2026-02-08 10:15:57] [INFO] ✓ کپی شد: Pasted image 20260121221838.png → seo/
[2026-02-08 10:15:57] [INFO]    ✓ تبدیل شد: Pasted image 20260121222922.png
[2026-02-08 10:15:57] [INFO] ✓ کپی شد: Pasted image 20260121222922.png → seo/
[2026-02-08 10:15:57] [INFO]    ✓ تبدیل شد: Pasted image 20260121223507.png
[2026-02-08 10:15:57] [INFO] ✓ کپی شد: Pasted image 20260121223507.png → seo/
[2026-02-08 10:15:57] [INFO]    ✓ تبدیل شد: Pasted image 20260121223719.png
[2026-02-08 10:15:57] [INFO] ✓ کپی شد: Pasted image 20260121223719.png → seo/
[2026-02-08 10:15:57] [INFO]    ✓ تبدیل شد: Pasted image 20260121223934.png
[2026-02-08 10:15:57] [INFO] ✓ کپی شد: Pasted image 20260121223934.png → seo/
[2026-02-08 10:15:57] [INFO]    ✓ تبدیل شد: Pasted image 20260122144812.png
[2026-02-08 10:15:57] [INFO] ✓ کپی شد: Pasted image 20260122144812.png → seo/
[2026-02-08 10:15:57] [INFO]    ✓ تبدیل شد: Pasted image 20260122151101.png
[2026-02-08 10:15:57] [INFO] ✓ کپی شد: Pasted image 20260122151101.png → seo/
[2026-02-08 10:15:57] [INFO]    ✓ تبدیل شد: Pasted image 20260122151246.png
[2026-02-08 10:15:57] [INFO] ✓ کپی شد: Pasted image 20260122151246.png → seo/
[2026-02-08 10:15:57] [INFO]    ✓ تبدیل شد: Pasted image 20260122151636.png
[2026-02-08 10:15:57] [INFO] ✓ کپی شد: Pasted image 20260122151636.png → seo/
[2026-02-08 10:15:57] [INFO]    ✓ تبدیل شد: Pasted image 20260122152501.png
[2026-02-08 10:15:57] [INFO] ✓ کپی شد: Pasted image 20260122152501.png → seo/
[2026-02-08 10:15:57] [INFO]    ✓ تبدیل شد: Pasted image 20260122153117.png
[2026-02-08 10:15:57] [INFO] ✓ کپی شد: Pasted image 20260122153117.png → seo/
[2026-02-08 10:15:57] [INFO]    ✓ تبدیل شد: Pasted image 20260122155153.png
[2026-02-08 10:15:57] [INFO] ✓ کپی شد: Pasted image 20260122155153.png → seo/
[2026-02-08 10:15:57] [INFO]    ✓ تبدیل شد: Pasted image 20260122155348.png
[2026-02-08 10:15:57] [INFO] ✓ کپی شد: Pasted image 20260122155348.png → seo/
[2026-02-08 10:15:57] [INFO]    ✓ تبدیل شد: Pasted image 20260122162401.png
[2026-02-08 10:15:57] [INFO] ✓ کپی شد: Pasted image 20260122162401.png → seo/
[2026-02-08 10:15:57] [INFO]    ✓ تبدیل شد: Pasted image 20260122170250.png
[2026-02-08 10:15:57] [INFO] ✓ کپی شد: Pasted image 20260122170250.png → seo/
[2026-02-08 10:15:57] [INFO]    ✓ تبدیل شد: Pasted image 20260122170548.png
[2026-02-08 10:15:57] [INFO] ✓ کپی شد: Pasted image 20260122170548.png → seo/
[2026-02-08 10:15:57] [INFO]    ✓ تبدیل شد: Pasted image 20260122170846.png
[2026-02-08 10:15:57] [INFO] ✓ کپی شد: Pasted image 20260122170846.png → seo/
[2026-02-08 10:15:57] [INFO]    ✓ تبدیل شد: Pasted image 20260122171513.png
[2026-02-08 10:15:57] [INFO] ✓ کپی شد: Pasted image 20260122171513.png → seo/
[2026-02-08 10:15:57] [INFO]    ✓ تبدیل شد: Pasted image 20260122172108.png
[2026-02-08 10:15:57] [INFO] ✓ کپی شد: Pasted image 20260122172108.png → seo/
[2026-02-08 10:15:57] [INFO]    ✓ تبدیل شد: Pasted image 20260122173410.png
[2026-02-08 10:15:57] [INFO] ✓ کپی شد: Pasted image 20260122173410.png → seo/
[2026-02-08 10:15:57] [INFO]    ✓ تبدیل شد: Pasted image 20260122173609.png
[2026-02-08 10:15:57] [INFO] ✓ کپی شد: Pasted image 20260122173609.png → seo/
[2026-02-08 10:15:57] [INFO]    ✓ تبدیل شد: Pasted image 20260122173907.png
[2026-02-08 10:15:57] [INFO] ✓ کپی شد: Pasted image 20260122173907.png → seo/
[2026-02-08 10:15:57] [INFO]    ✓ تبدیل شد: Pasted image 20260122180033.png
[2026-02-08 10:15:57] [INFO] ✓ کپی شد: Pasted image 20260122180033.png → seo/
[2026-02-08 10:15:57] [INFO]    ✓ تبدیل شد: Pasted image 20260122180141.png
[2026-02-08 10:15:57] [INFO] ✓ کپی شد: Pasted image 20260122180141.png → seo/
[2026-02-08 10:15:57] [INFO]    ✓ تبدیل شد: Pasted image 20260122180336.png
[2026-02-08 10:15:57] [INFO] ✓ کپی شد: Pasted image 20260122180336.png → seo/
[2026-02-08 10:15:57] [INFO]    ✓ تبدیل شد: Pasted image 20260122180519.png
[2026-02-08 10:15:57] [INFO] ✓ کپی شد: Pasted image 20260122180519.png → seo/
[2026-02-08 10:15:57] [INFO]    ✓ تبدیل شد: Pasted image 20260122180535.png
[2026-02-08 10:15:57] [INFO] ✓ کپی شد: Pasted image 20260122180535.png → seo/
[2026-02-08 10:15:57] [INFO]    💾 فایل ذخیره شد
[2026-02-08 10:15:57] [INFO] 
📄 content\seo\E21 - robots.txt.md
[2026-02-08 10:15:57] [INFO]    دسته‌بندی: seo
[2026-02-08 10:15:57] [INFO]    تعداد تصاویر: 5
[2026-02-08 10:15:57] [INFO]    ✓ تبدیل شد: Pasted image 20260122212030.png
[2026-02-08 10:15:57] [INFO] ✓ کپی شد: Pasted image 20260122212030.png → seo/
[2026-02-08 10:15:57] [INFO]    ✓ تبدیل شد: Pasted image 20260122212638.png
[2026-02-08 10:15:57] [INFO] ✓ کپی شد: Pasted image 20260122212638.png → seo/
[2026-02-08 10:15:57] [INFO]    ✓ تبدیل شد: Pasted image 20260122213042.png
[2026-02-08 10:15:57] [INFO] ✓ کپی شد: Pasted image 20260122213042.png → seo/
[2026-02-08 10:15:57] [INFO]    ✓ تبدیل شد: Pasted image 20260122213723.png
[2026-02-08 10:15:57] [INFO] ✓ کپی شد: Pasted image 20260122213723.png → seo/
[2026-02-08 10:15:57] [INFO]    ✓ تبدیل شد: Pasted image 20260122214325.png
[2026-02-08 10:15:57] [INFO] ✓ کپی شد: Pasted image 20260122214325.png → seo/
[2026-02-08 10:15:57] [INFO]    💾 فایل ذخیره شد
[2026-02-08 10:15:57] [INFO] 
📄 content\seo\E22 - Meta Tags.md
[2026-02-08 10:15:57] [INFO]    دسته‌بندی: seo
[2026-02-08 10:15:57] [INFO]    تعداد تصاویر: 2
[2026-02-08 10:15:57] [INFO]    ✓ تبدیل شد: Pasted image 20260123153817.png
[2026-02-08 10:15:57] [INFO] ✓ کپی شد: Pasted image 20260123153817.png → seo/
[2026-02-08 10:15:57] [INFO]    ✓ تبدیل شد: Pasted image 20260123161202.png
[2026-02-08 10:15:57] [INFO] ✓ کپی شد: Pasted image 20260123161202.png → seo/
[2026-02-08 10:15:57] [INFO]    💾 فایل ذخیره شد
[2026-02-08 10:15:57] [INFO] 
📄 content\seo\E23 - Sitemap.md
[2026-02-08 10:15:57] [INFO]    دسته‌بندی: seo
[2026-02-08 10:15:57] [INFO]    تعداد تصاویر: 3
[2026-02-08 10:15:57] [INFO]    ✓ تبدیل شد: Pasted image 20260123175336.png
[2026-02-08 10:15:57] [INFO] ✓ کپی شد: Pasted image 20260123175336.png → seo/
[2026-02-08 10:15:57] [INFO]    ✓ تبدیل شد: Pasted image 20260123181427.png
[2026-02-08 10:15:57] [INFO] ✓ کپی شد: Pasted image 20260123181427.png → seo/
[2026-02-08 10:15:57] [INFO]    ✓ تبدیل شد: Pasted image 20260123182621.png
[2026-02-08 10:15:57] [INFO] ✓ کپی شد: Pasted image 20260123182621.png → seo/
[2026-02-08 10:15:57] [INFO]    💾 فایل ذخیره شد
[2026-02-08 10:15:57] [INFO] 
📄 content\tools\E46 - Alexa.md
[2026-02-08 10:15:57] [INFO]    دسته‌بندی: tools
[2026-02-08 10:15:57] [INFO]    تعداد تصاویر: 23
[2026-02-08 10:15:57] [INFO]    ✓ تبدیل شد: Pasted image 20260203194640.png
[2026-02-08 10:15:57] [INFO] دایرکتوری ایجاد شد: static/images\tools
[2026-02-08 10:15:57] [INFO] ✓ کپی شد: Pasted image 20260203194640.png → tools/
[2026-02-08 10:15:57] [INFO]    ✓ تبدیل شد: Pasted image 20260203194844.png
[2026-02-08 10:15:57] [INFO] ✓ کپی شد: Pasted image 20260203194844.png → tools/
[2026-02-08 10:15:57] [INFO]    ✓ تبدیل شد: Pasted image 20260203195116.png
[2026-02-08 10:15:57] [INFO] ✓ کپی شد: Pasted image 20260203195116.png → tools/
[2026-02-08 10:15:57] [INFO]    ✓ تبدیل شد: Pasted image 20260203195218.png
[2026-02-08 10:15:57] [INFO] ✓ کپی شد: Pasted image 20260203195218.png → tools/
[2026-02-08 10:15:57] [INFO]    ✓ تبدیل شد: Pasted image 20260203195733.png
[2026-02-08 10:15:57] [INFO] ✓ کپی شد: Pasted image 20260203195733.png → tools/
[2026-02-08 10:15:57] [INFO]    ✓ تبدیل شد: Pasted image 20260203195928.png
[2026-02-08 10:15:57] [INFO] ✓ کپی شد: Pasted image 20260203195928.png → tools/
[2026-02-08 10:15:57] [INFO]    ✓ تبدیل شد: Pasted image 20260203200420.png
[2026-02-08 10:15:57] [INFO] ✓ کپی شد: Pasted image 20260203200420.png → tools/
[2026-02-08 10:15:57] [INFO]    ✓ تبدیل شد: Pasted image 20260203200253.png
[2026-02-08 10:15:57] [INFO] ✓ کپی شد: Pasted image 20260203200253.png → tools/
[2026-02-08 10:15:57] [INFO]    ✓ تبدیل شد: Pasted image 20260203200610.png
[2026-02-08 10:15:57] [INFO] ✓ کپی شد: Pasted image 20260203200610.png → tools/
[2026-02-08 10:15:57] [INFO]    ✓ تبدیل شد: Pasted image 20260203200637.png
[2026-02-08 10:15:57] [INFO] ✓ کپی شد: Pasted image 20260203200637.png → tools/
[2026-02-08 10:15:57] [INFO]    ✓ تبدیل شد: Pasted image 20260203201033.png
[2026-02-08 10:15:57] [INFO] ✓ کپی شد: Pasted image 20260203201033.png → tools/
[2026-02-08 10:15:57] [INFO]    ✓ تبدیل شد: Pasted image 20260203201506.png
[2026-02-08 10:15:57] [INFO] ✓ کپی شد: Pasted image 20260203201506.png → tools/
[2026-02-08 10:15:57] [INFO]    ✓ تبدیل شد: Pasted image 20260203201458.png
[2026-02-08 10:15:57] [INFO] ✓ کپی شد: Pasted image 20260203201458.png → tools/
[2026-02-08 10:15:57] [INFO]    ✓ تبدیل شد: Pasted image 20260203202015.png
[2026-02-08 10:15:57] [INFO] ✓ کپی شد: Pasted image 20260203202015.png → tools/
[2026-02-08 10:15:57] [INFO]    ✓ تبدیل شد: Pasted image 20260203202635.png
[2026-02-08 10:15:57] [INFO] ✓ کپی شد: Pasted image 20260203202635.png → tools/
[2026-02-08 10:15:57] [INFO]    ✓ تبدیل شد: Pasted image 20260203202750.png
[2026-02-08 10:15:57] [INFO] ✓ کپی شد: Pasted image 20260203202750.png → tools/
[2026-02-08 10:15:57] [INFO]    ✓ تبدیل شد: Pasted image 20260203203614.png
[2026-02-08 10:15:57] [INFO] ✓ کپی شد: Pasted image 20260203203614.png → tools/
[2026-02-08 10:15:57] [INFO]    ✓ تبدیل شد: Pasted image 20260203203425.png
[2026-02-08 10:15:57] [INFO] ✓ کپی شد: Pasted image 20260203203425.png → tools/
[2026-02-08 10:15:57] [INFO]    ✓ تبدیل شد: Pasted image 20260203203748.png
[2026-02-08 10:15:57] [INFO] ✓ کپی شد: Pasted image 20260203203748.png → tools/
[2026-02-08 10:15:57] [INFO]    ✓ تبدیل شد: Pasted image 20260203203858.png
[2026-02-08 10:15:57] [INFO] ✓ کپی شد: Pasted image 20260203203858.png → tools/
[2026-02-08 10:15:57] [INFO]    ✓ تبدیل شد: Pasted image 20260203204616.png
[2026-02-08 10:15:57] [INFO] ✓ کپی شد: Pasted image 20260203204616.png → tools/
[2026-02-08 10:15:57] [INFO]    ✓ تبدیل شد: Pasted image 20260203204712.png
[2026-02-08 10:15:57] [INFO] ✓ کپی شد: Pasted image 20260203204712.png → tools/
[2026-02-08 10:15:57] [INFO]    ✓ تبدیل شد: Pasted image 20260203205008.png
[2026-02-08 10:15:57] [INFO] ✓ کپی شد: Pasted image 20260203205008.png → tools/
[2026-02-08 10:15:57] [INFO]    💾 فایل ذخیره شد
[2026-02-08 10:15:57] [INFO] 
📄 content\tools\E47- Google Trends.md
[2026-02-08 10:15:57] [INFO]    دسته‌بندی: tools
[2026-02-08 10:15:57] [INFO]    تعداد تصاویر: 20
[2026-02-08 10:15:57] [INFO]    ✓ تبدیل شد: Pasted image 20260203212022.png
[2026-02-08 10:15:57] [INFO] ✓ کپی شد: Pasted image 20260203212022.png → tools/
[2026-02-08 10:15:57] [INFO]    ✓ تبدیل شد: Pasted image 20260203212353.png
[2026-02-08 10:15:57] [INFO] ✓ کپی شد: Pasted image 20260203212353.png → tools/
[2026-02-08 10:15:57] [INFO]    ✓ تبدیل شد: Pasted image 20260203212451.png
[2026-02-08 10:15:57] [INFO] ✓ کپی شد: Pasted image 20260203212451.png → tools/
[2026-02-08 10:15:57] [INFO]    ✓ تبدیل شد: Pasted image 20260203212920.png
[2026-02-08 10:15:57] [INFO] ✓ کپی شد: Pasted image 20260203212920.png → tools/
[2026-02-08 10:15:57] [INFO]    ✓ تبدیل شد: Pasted image 20260203214727.png
[2026-02-08 10:15:57] [INFO] ✓ کپی شد: Pasted image 20260203214727.png → tools/
[2026-02-08 10:15:57] [INFO]    ✓ تبدیل شد: Pasted image 20260203213253.png
[2026-02-08 10:15:57] [INFO] ✓ کپی شد: Pasted image 20260203213253.png → tools/
[2026-02-08 10:15:57] [INFO]    ✓ تبدیل شد: Pasted image 20260203213121.png
[2026-02-08 10:15:57] [INFO] ✓ کپی شد: Pasted image 20260203213121.png → tools/
[2026-02-08 10:15:57] [INFO]    ✓ تبدیل شد: Pasted image 20260203213659.png
[2026-02-08 10:15:57] [INFO] ✓ کپی شد: Pasted image 20260203213659.png → tools/
[2026-02-08 10:15:57] [INFO]    ✓ تبدیل شد: Pasted image 20260203213424.png
[2026-02-08 10:15:57] [INFO] ✓ کپی شد: Pasted image 20260203213424.png → tools/
[2026-02-08 10:15:57] [INFO]    ✓ تبدیل شد: Pasted image 20260203213551.png
[2026-02-08 10:15:57] [INFO] ✓ کپی شد: Pasted image 20260203213551.png → tools/
[2026-02-08 10:15:57] [INFO]    ✓ تبدیل شد: Pasted image 20260203213922.png
[2026-02-08 10:15:57] [INFO] ✓ کپی شد: Pasted image 20260203213922.png → tools/
[2026-02-08 10:15:57] [INFO]    ✓ تبدیل شد: Pasted image 20260203214039.png
[2026-02-08 10:15:57] [INFO] ✓ کپی شد: Pasted image 20260203214039.png → tools/
[2026-02-08 10:15:57] [INFO]    ✓ تبدیل شد: Pasted image 20260203214153.png
[2026-02-08 10:15:57] [INFO] ✓ کپی شد: Pasted image 20260203214153.png → tools/
[2026-02-08 10:15:57] [INFO]    ✓ تبدیل شد: Pasted image 20260203214840.png
[2026-02-08 10:15:57] [INFO] ✓ کپی شد: Pasted image 20260203214840.png → tools/
[2026-02-08 10:15:57] [INFO]    ✓ تبدیل شد: Pasted image 20260203214944.png
[2026-02-08 10:15:57] [INFO] ✓ کپی شد: Pasted image 20260203214944.png → tools/
[2026-02-08 10:15:57] [INFO]    ✓ تبدیل شد: Pasted image 20260203214940.png
[2026-02-08 10:15:57] [INFO] ✓ کپی شد: Pasted image 20260203214940.png → tools/
[2026-02-08 10:15:57] [INFO]    ✓ تبدیل شد: Pasted image 20260203215426.png
[2026-02-08 10:15:57] [INFO] ✓ کپی شد: Pasted image 20260203215426.png → tools/
[2026-02-08 10:15:57] [INFO]    ✓ تبدیل شد: Pasted image 20260203215554.png
[2026-02-08 10:15:57] [INFO] ✓ کپی شد: Pasted image 20260203215554.png → tools/
[2026-02-08 10:15:57] [INFO]    ✓ تبدیل شد: Pasted image 20260203215617.png
[2026-02-08 10:15:57] [INFO] ✓ کپی شد: Pasted image 20260203215617.png → tools/
[2026-02-08 10:15:57] [INFO]    ✓ تبدیل شد: Pasted image 20260203215823.png
[2026-02-08 10:15:57] [INFO] ✓ کپی شد: Pasted image 20260203215823.png → tools/
[2026-02-08 10:15:57] [INFO]    💾 فایل ذخیره شد
[2026-02-08 10:15:57] [INFO] 
📄 content\tools\E48 - OFF Page SEO.md
[2026-02-08 10:15:57] [INFO]    دسته‌بندی: tools
[2026-02-08 10:15:57] [INFO]    تعداد تصاویر: 5
[2026-02-08 10:15:57] [INFO]    ✓ تبدیل شد: Pasted image 20260205201928.png
[2026-02-08 10:15:57] [INFO] ✓ کپی شد: Pasted image 20260205201928.png → tools/
[2026-02-08 10:15:57] [INFO]    ✓ تبدیل شد: Pasted image 20260205202606.png
[2026-02-08 10:15:57] [INFO] ✓ کپی شد: Pasted image 20260205202606.png → tools/
[2026-02-08 10:15:57] [INFO]    ✓ تبدیل شد: Pasted image 20260205202146.png
[2026-02-08 10:15:57] [INFO] ✓ کپی شد: Pasted image 20260205202146.png → tools/
[2026-02-08 10:15:57] [INFO]    ✓ تبدیل شد: Pasted image 20260205202337.png
[2026-02-08 10:15:57] [INFO] ✓ کپی شد: Pasted image 20260205202337.png → tools/
[2026-02-08 10:15:57] [INFO]    ✓ تبدیل شد: Pasted image 20260205202521.png
[2026-02-08 10:15:57] [INFO] ✓ کپی شد: Pasted image 20260205202521.png → tools/
[2026-02-08 10:15:57] [INFO]    💾 فایل ذخیره شد
[2026-02-08 10:15:57] [INFO] 
📄 content\tools\E49- Branding.md
[2026-02-08 10:15:57] [INFO]    دسته‌بندی: tools
[2026-02-08 10:15:57] [INFO]    تعداد تصاویر: 3
[2026-02-08 10:15:57] [INFO]    ✓ تبدیل شد: Pasted image 20260205210215.png
[2026-02-08 10:15:57] [INFO] ✓ کپی شد: Pasted image 20260205210215.png → tools/
[2026-02-08 10:15:57] [INFO]    ✓ تبدیل شد: Pasted image 20260205210505.png
[2026-02-08 10:15:57] [INFO] ✓ کپی شد: Pasted image 20260205210505.png → tools/
[2026-02-08 10:15:57] [INFO]    ✓ تبدیل شد: Pasted image 20260205210410.png
[2026-02-08 10:15:57] [INFO] ✓ کپی شد: Pasted image 20260205210410.png → tools/
[2026-02-08 10:15:57] [INFO]    💾 فایل ذخیره شد
[2026-02-08 10:15:57] [INFO] 
📄 content\tools\E50 - Google Penalty.md
[2026-02-08 10:15:57] [INFO]    دسته‌بندی: tools
[2026-02-08 10:15:57] [INFO]    تعداد تصاویر: 1
[2026-02-08 10:15:57] [INFO]    ✓ تبدیل شد: Pasted image 20260205212135.png
[2026-02-08 10:15:57] [INFO] ✓ کپی شد: Pasted image 20260205212135.png → tools/
[2026-02-08 10:15:57] [INFO]    💾 فایل ذخیره شد
[2026-02-08 10:15:57] [INFO] 
📄 content\tools\E52- SEO.md
[2026-02-08 10:15:57] [INFO]    دسته‌بندی: tools
[2026-02-08 10:15:57] [INFO]    تعداد تصاویر: 1
[2026-02-08 10:15:57] [INFO]    ✓ تبدیل شد: Pasted image 20240621193526.png
[2026-02-08 10:15:57] [INFO] ✓ کپی شد: Pasted image 20240621193526.png → tools/
[2026-02-08 10:15:57] [INFO]    💾 فایل ذخیره شد
[2026-02-08 10:15:57] [INFO] 
📄 content\tools\E53- SEO.md
[2026-02-08 10:15:57] [INFO]    دسته‌بندی: tools
[2026-02-08 10:15:57] [INFO]    تعداد تصاویر: 1
[2026-02-08 10:15:57] [INFO]    ⏩ از قبل پردازش شده: Pasted image 20240621193526.png
[2026-02-08 10:15:57] [INFO] 
📄 content\tools\E54- SEO.md
[2026-02-08 10:15:57] [INFO]    دسته‌بندی: tools
[2026-02-08 10:15:57] [INFO]    تعداد تصاویر: 1
[2026-02-08 10:15:57] [INFO]    ⏩ از قبل پردازش شده: Pasted image 20240621193526.png
[2026-02-08 10:15:57] [INFO] 
📄 content\tools\E55- SEO.md
[2026-02-08 10:15:57] [INFO]    دسته‌بندی: tools
[2026-02-08 10:15:57] [INFO]    تعداد تصاویر: 1
[2026-02-08 10:15:57] [INFO]    ⏩ از قبل پردازش شده: Pasted image 20240621193526.png
[2026-02-08 10:15:57] [INFO] 
📄 content\tools\E56- SEO.md
[2026-02-08 10:15:57] [INFO]    دسته‌بندی: tools
[2026-02-08 10:15:57] [INFO]    تعداد تصاویر: 1
[2026-02-08 10:15:57] [INFO]    ⏩ از قبل پردازش شده: Pasted image 20240621193526.png
[2026-02-08 10:15:57] [INFO] 
📄 content\tools\E57- SEO.md
[2026-02-08 10:15:57] [INFO]    دسته‌بندی: tools
[2026-02-08 10:15:57] [INFO]    تعداد تصاویر: 1
[2026-02-08 10:15:57] [INFO]    ⏩ از قبل پردازش شده: Pasted image 20240621193526.png
[2026-02-08 10:15:57] [INFO] 
📄 content\tools\E58- SEO.md
[2026-02-08 10:15:57] [INFO]    دسته‌بندی: tools
[2026-02-08 10:15:57] [INFO]    تعداد تصاویر: 1
[2026-02-08 10:15:57] [INFO]    ⏩ از قبل پردازش شده: Pasted image 20240621193526.png
[2026-02-08 10:15:57] [INFO] 
📄 content\tools\E59- SEO.md
[2026-02-08 10:15:57] [INFO]    دسته‌بندی: tools
[2026-02-08 10:15:57] [INFO]    تعداد تصاویر: 1
[2026-02-08 10:15:57] [INFO]    ⏩ از قبل پردازش شده: Pasted image 20240621193526.png
[2026-02-08 10:15:57] [INFO] 
📄 content\tools\E60- SEO.md
[2026-02-08 10:15:57] [INFO]    دسته‌بندی: tools
[2026-02-08 10:15:57] [INFO]    تعداد تصاویر: 1
[2026-02-08 10:15:57] [INFO]    ⏩ از قبل پردازش شده: Pasted image 20240621193526.png
[2026-02-08 10:15:57] [INFO] 
📄 content\tools\E61- SEO 1.md
[2026-02-08 10:15:57] [INFO]    دسته‌بندی: tools
[2026-02-08 10:15:57] [INFO]    تعداد تصاویر: 1
[2026-02-08 10:15:57] [INFO]    ⏩ از قبل پردازش شده: Pasted image 20240621193526.png
[2026-02-08 10:15:57] [INFO] تعداد 587 تصویر در JSON ذخیره شد
[2026-02-08 10:15:57] [INFO] 
============================================================
[2026-02-08 10:15:57] [INFO] 📊 آمار نهایی:
[2026-02-08 10:15:57] [INFO] ============================================================
[2026-02-08 10:15:57] [INFO] 📁 فایل‌های اسکن شده: 58
[2026-02-08 10:15:57] [INFO] 📝 فایل‌های ویرایش شده: 44
[2026-02-08 10:15:57] [INFO] 🖼️  تصاویر پیدا شده: 674
[2026-02-08 10:15:57] [INFO] 🔄 تصاویر تبدیل شده: 640
[2026-02-08 10:15:57] [INFO] 📦 تصاویر کپی شده: 640
[2026-02-08 10:15:57] [INFO] ⏩ تصاویر رد شده (از قبل موجود): 0
[2026-02-08 10:15:57] [INFO] ❌ خطاها: 0
[2026-02-08 10:15:57] [INFO] ============================================================
[2026-02-08 10:15:57] [INFO] 
✅ تبدیل موفقیت‌آمیز بود!
[2026-02-08 10:15:57] [INFO] 📋 تصاویر پردازش شده در: processed_images.json
[2026-02-08 10:15:57] [INFO] 📋 لاگ کامل در: image_conversion.log
[2026-02-08 10:15:57] [INFO] 
📄 گزارش خلاصه ایجاد شد: image_conversion_report.txt
[2026-02-08 10:15:57] [INFO] 
✅ فرآیند به پایان رسید
[2026-02-08 10:15:57] [INFO] ============================================================

[2026-02-08 10:25:18] [INFO] ============================================================
[2026-02-08 10:25:18] [INFO] شروع فرآیند تبدیل تصاویر
[2026-02-08 10:25:18] [INFO] ============================================================
[2026-02-08 10:25:18] [INFO] 
============================================================
[2026-02-08 10:25:18] [INFO] 📂 بررسی مسیرها:
[2026-02-08 10:25:18] [INFO] ============================================================
[2026-02-08 10:25:18] [INFO] 📍 دایرکتوری فعلی: H:\Repo\Hugo\davoodya
[2026-02-08 10:25:18] [INFO] ✓ دایرکتوری content: H:\Repo\Hugo\davoodya\content
[2026-02-08 10:25:18] [INFO] 📁 دایرکتوری static: H:\Repo\Hugo\davoodya\static/images
[2026-02-08 10:25:18] [INFO] ✓ دایرکتوری Obsidian: H:\Files\Obsidian\Handouts\VaultData\Attachments
[2026-02-08 10:25:18] [INFO] ============================================================
[2026-02-08 10:25:18] [INFO] ✓ دایرکتوری Obsidian پیدا شد: H:\Files\Obsidian\Handouts\VaultData\Attachments
[2026-02-08 10:25:18] [INFO] ✓ تعداد تصاویر موجود در Obsidian: 11077
[2026-02-08 10:25:18] [INFO] تعداد 587 تصویر پردازش شده قبلی بارگذاری شد
[2026-02-08 10:25:18] [INFO] 
============================================================
[2026-02-08 10:25:18] [INFO] 🔍 مرحله 1: اسکن فایل‌های markdown و تبدیل فرمت...
[2026-02-08 10:25:18] [INFO] ============================================================
[2026-02-08 10:25:18] [INFO] 
📄 content\python\my-first-post.md
[2026-02-08 10:25:18] [INFO]    دسته‌بندی: python
[2026-02-08 10:25:18] [INFO]    تعداد تصاویر: 20
[2026-02-08 10:25:18] [INFO]    ✓ تبدیل شد: Pasted image 20260203212022.png
[2026-02-08 10:25:18] [INFO]       از: ![[Pasted image 20260203212022.png]]
[2026-02-08 10:25:18] [INFO]       به: ![Pasted image 20260203212022.png](static/images/python/Pasted image 20260203212022.png)
[2026-02-08 10:25:18] [INFO]    ✓ تبدیل شد: Pasted image 20260203212353.png
[2026-02-08 10:25:18] [INFO]       از: ![[Pasted image 20260203212353.png]]
[2026-02-08 10:25:18] [INFO]       به: ![Pasted image 20260203212353.png](static/images/python/Pasted image 20260203212353.png)
[2026-02-08 10:25:18] [INFO]    ✓ تبدیل شد: Pasted image 20260203212451.png
[2026-02-08 10:25:18] [INFO]       از: ![[Pasted image 20260203212451.png]]
[2026-02-08 10:25:18] [INFO]       به: ![Pasted image 20260203212451.png](static/images/python/Pasted image 20260203212451.png)
[2026-02-08 10:25:18] [INFO]    ✓ تبدیل شد: Pasted image 20260203212920.png
[2026-02-08 10:25:18] [INFO]       از: ![[Pasted image 20260203212920.png]]
[2026-02-08 10:25:18] [INFO]       به: ![Pasted image 20260203212920.png](static/images/python/Pasted image 20260203212920.png)
[2026-02-08 10:25:18] [INFO]    ✓ تبدیل شد: Pasted image 20260203214727.png
[2026-02-08 10:25:18] [INFO]       از: ![[Pasted image 20260203214727.png]]
[2026-02-08 10:25:18] [INFO]       به: ![Pasted image 20260203214727.png](static/images/python/Pasted image 20260203214727.png)
[2026-02-08 10:25:18] [INFO]    ✓ تبدیل شد: Pasted image 20260203213253.png
[2026-02-08 10:25:18] [INFO]       از: ![[Pasted image 20260203213253.png]]
[2026-02-08 10:25:18] [INFO]       به: ![Pasted image 20260203213253.png](static/images/python/Pasted image 20260203213253.png)
[2026-02-08 10:25:18] [INFO]    ✓ تبدیل شد: Pasted image 20260203213121.png
[2026-02-08 10:25:18] [INFO]       از: ![[Pasted image 20260203213121.png]]
[2026-02-08 10:25:18] [INFO]       به: ![Pasted image 20260203213121.png](static/images/python/Pasted image 20260203213121.png)
[2026-02-08 10:25:18] [INFO]    ✓ تبدیل شد: Pasted image 20260203213659.png
[2026-02-08 10:25:18] [INFO]       از: ![[Pasted image 20260203213659.png]]
[2026-02-08 10:25:18] [INFO]       به: ![Pasted image 20260203213659.png](static/images/python/Pasted image 20260203213659.png)
[2026-02-08 10:25:18] [INFO]    ✓ تبدیل شد: Pasted image 20260203213424.png
[2026-02-08 10:25:18] [INFO]       از: ![[Pasted image 20260203213424.png]]
[2026-02-08 10:25:18] [INFO]       به: ![Pasted image 20260203213424.png](static/images/python/Pasted image 20260203213424.png)
[2026-02-08 10:25:18] [INFO]    ✓ تبدیل شد: Pasted image 20260203213551.png
[2026-02-08 10:25:18] [INFO]       از: ![[Pasted image 20260203213551.png]]
[2026-02-08 10:25:18] [INFO]       به: ![Pasted image 20260203213551.png](static/images/python/Pasted image 20260203213551.png)
[2026-02-08 10:25:18] [INFO]    ✓ تبدیل شد: Pasted image 20260203213922.png
[2026-02-08 10:25:18] [INFO]       از: ![[Pasted image 20260203213922.png]]
[2026-02-08 10:25:18] [INFO]       به: ![Pasted image 20260203213922.png](static/images/python/Pasted image 20260203213922.png)
[2026-02-08 10:25:18] [INFO]    ✓ تبدیل شد: Pasted image 20260203214039.png
[2026-02-08 10:25:18] [INFO]       از: ![[Pasted image 20260203214039.png]]
[2026-02-08 10:25:18] [INFO]       به: ![Pasted image 20260203214039.png](static/images/python/Pasted image 20260203214039.png)
[2026-02-08 10:25:18] [INFO]    ✓ تبدیل شد: Pasted image 20260203214153.png
[2026-02-08 10:25:18] [INFO]       از: ![[Pasted image 20260203214153.png]]
[2026-02-08 10:25:18] [INFO]       به: ![Pasted image 20260203214153.png](static/images/python/Pasted image 20260203214153.png)
[2026-02-08 10:25:18] [INFO]    ✓ تبدیل شد: Pasted image 20260203214840.png
[2026-02-08 10:25:18] [INFO]       از: ![[Pasted image 20260203214840.png]]
[2026-02-08 10:25:18] [INFO]       به: ![Pasted image 20260203214840.png](static/images/python/Pasted image 20260203214840.png)
[2026-02-08 10:25:18] [INFO]    ✓ تبدیل شد: Pasted image 20260203214944.png
[2026-02-08 10:25:18] [INFO]       از: ![[Pasted image 20260203214944.png]]
[2026-02-08 10:25:18] [INFO]       به: ![Pasted image 20260203214944.png](static/images/python/Pasted image 20260203214944.png)
[2026-02-08 10:25:18] [INFO]    ✓ تبدیل شد: Pasted image 20260203214940.png
[2026-02-08 10:25:18] [INFO]       از: ![[Pasted image 20260203214940.png]]
[2026-02-08 10:25:18] [INFO]       به: ![Pasted image 20260203214940.png](static/images/python/Pasted image 20260203214940.png)
[2026-02-08 10:25:18] [INFO]    ✓ تبدیل شد: Pasted image 20260203215426.png
[2026-02-08 10:25:18] [INFO]       از: ![[Pasted image 20260203215426.png]]
[2026-02-08 10:25:18] [INFO]       به: ![Pasted image 20260203215426.png](static/images/python/Pasted image 20260203215426.png)
[2026-02-08 10:25:18] [INFO]    ✓ تبدیل شد: Pasted image 20260203215554.png
[2026-02-08 10:25:18] [INFO]       از: ![[Pasted image 20260203215554.png]]
[2026-02-08 10:25:18] [INFO]       به: ![Pasted image 20260203215554.png](static/images/python/Pasted image 20260203215554.png)
[2026-02-08 10:25:18] [INFO]    ✓ تبدیل شد: Pasted image 20260203215617.png
[2026-02-08 10:25:18] [INFO]       از: ![[Pasted image 20260203215617.png]]
[2026-02-08 10:25:18] [INFO]       به: ![Pasted image 20260203215617.png](static/images/python/Pasted image 20260203215617.png)
[2026-02-08 10:25:18] [INFO]    ✓ تبدیل شد: Pasted image 20260203215823.png
[2026-02-08 10:25:18] [INFO]       از: ![[Pasted image 20260203215823.png]]
[2026-02-08 10:25:18] [INFO]       به: ![Pasted image 20260203215823.png](static/images/python/Pasted image 20260203215823.png)
[2026-02-08 10:25:18] [INFO]    💾 فایل ذخیره شد
[2026-02-08 10:25:18] [INFO] 
📄 content\tools\E53- SEO.md
[2026-02-08 10:25:18] [INFO]    دسته‌بندی: tools
[2026-02-08 10:25:18] [INFO]    تعداد تصاویر: 1
[2026-02-08 10:25:18] [INFO]    ⏩ از قبل پردازش شده: Pasted image 20240621193526.png
[2026-02-08 10:25:18] [INFO] 
📄 content\tools\E54- SEO.md
[2026-02-08 10:25:18] [INFO]    دسته‌بندی: tools
[2026-02-08 10:25:18] [INFO]    تعداد تصاویر: 1
[2026-02-08 10:25:18] [INFO]    ⏩ از قبل پردازش شده: Pasted image 20240621193526.png
[2026-02-08 10:25:18] [INFO] 
📄 content\tools\E55- SEO.md
[2026-02-08 10:25:18] [INFO]    دسته‌بندی: tools
[2026-02-08 10:25:18] [INFO]    تعداد تصاویر: 1
[2026-02-08 10:25:18] [INFO]    ⏩ از قبل پردازش شده: Pasted image 20240621193526.png
[2026-02-08 10:25:18] [INFO] 
📄 content\tools\E56- SEO.md
[2026-02-08 10:25:18] [INFO]    دسته‌بندی: tools
[2026-02-08 10:25:18] [INFO]    تعداد تصاویر: 1
[2026-02-08 10:25:18] [INFO]    ⏩ از قبل پردازش شده: Pasted image 20240621193526.png
[2026-02-08 10:25:18] [INFO] 
📄 content\tools\E57- SEO.md
[2026-02-08 10:25:18] [INFO]    دسته‌بندی: tools
[2026-02-08 10:25:18] [INFO]    تعداد تصاویر: 1
[2026-02-08 10:25:18] [INFO]    ⏩ از قبل پردازش شده: Pasted image 20240621193526.png
[2026-02-08 10:25:18] [INFO] 
📄 content\tools\E58- SEO.md
[2026-02-08 10:25:18] [INFO]    دسته‌بندی: tools
[2026-02-08 10:25:18] [INFO]    تعداد تصاویر: 1
[2026-02-08 10:25:18] [INFO]    ⏩ از قبل پردازش شده: Pasted image 20240621193526.png
[2026-02-08 10:25:18] [INFO] 
📄 content\tools\E59- SEO.md
[2026-02-08 10:25:18] [INFO]    دسته‌بندی: tools
[2026-02-08 10:25:18] [INFO]    تعداد تصاویر: 1
[2026-02-08 10:25:18] [INFO]    ⏩ از قبل پردازش شده: Pasted image 20240621193526.png
[2026-02-08 10:25:18] [INFO] 
📄 content\tools\E60- SEO.md
[2026-02-08 10:25:18] [INFO]    دسته‌بندی: tools
[2026-02-08 10:25:18] [INFO]    تعداد تصاویر: 1
[2026-02-08 10:25:18] [INFO]    ⏩ از قبل پردازش شده: Pasted image 20240621193526.png
[2026-02-08 10:25:18] [INFO] 
📄 content\tools\E61- SEO 1.md
[2026-02-08 10:25:18] [INFO]    دسته‌بندی: tools
[2026-02-08 10:25:18] [INFO]    تعداد تصاویر: 1
[2026-02-08 10:25:18] [INFO]    ⏩ از قبل پردازش شده: Pasted image 20240621193526.png
[2026-02-08 10:25:18] [INFO] تعداد 587 تصویر در JSON ذخیره شد
[2026-02-08 10:25:18] [INFO] 
============================================================
[2026-02-08 10:25:18] [INFO] 🔍 مرحله 2: کپی تصاویر از Obsidian...
[2026-02-08 10:25:18] [INFO] ============================================================
[2026-02-08 10:25:18] [INFO] تعداد 587 تصویر برای کپی
[2026-02-08 10:25:18] [INFO] ⏩ تصویر از قبل موجود است: Pasted image 20240621193526.png
[2026-02-08 10:25:18] [INFO] ⏩ تصویر از قبل موجود است: Pasted image 20240621201236.png
[2026-02-08 10:25:18] [INFO] ⏩ تصویر از قبل موجود است: Pasted image 20240622164815.png
[2026-02-08 10:25:18] [INFO] ⏩ تصویر از قبل موجود است: Pasted image 20240622165434.png
[2026-02-08 10:25:18] [INFO] ⏩ تصویر از قبل موجود است: Pasted image 20240622165537.png
[2026-02-08 10:25:18] [INFO] ⏩ تصویر از قبل موجود است: Pasted image 20240622165713.png
[2026-02-08 10:25:18] [INFO] ⏩ تصویر از قبل موجود است: Pasted image 20240622170537.png
[2026-02-08 10:25:18] [INFO] ⏩ تصویر از قبل موجود است: Pasted image 20240622173011.png
[2026-02-08 10:25:18] [INFO] ⏩ تصویر از قبل موجود است: Pasted image 20240622173259.png
[2026-02-08 10:25:18] [INFO] ⏩ تصویر از قبل موجود است: Pasted image 20240622173409.png
[2026-02-08 10:25:18] [INFO] ⏩ تصویر از قبل موجود است: Pasted image 20240622173742.png
[2026-02-08 10:25:18] [INFO] ⏩ تصویر از قبل موجود است: Pasted image 20240623213450.png
[2026-02-08 10:25:18] [INFO] ⏩ تصویر از قبل موجود است: Pasted image 20240623224412.png
[2026-02-08 10:25:18] [INFO] ⏩ تصویر از قبل موجود است: Pasted image 20240623224528.png
[2026-02-08 10:25:18] [INFO] ⏩ تصویر از قبل موجود است: Pasted image 20240623224722.png
[2026-02-08 10:25:18] [INFO] ⏩ تصویر از قبل موجود است: Pasted image 20240624191013.png
[2026-02-08 10:25:18] [INFO] ⏩ تصویر از قبل موجود است: Pasted image 20240624191130.png
[2026-02-08 10:25:18] [INFO] ⏩ تصویر از قبل موجود است: Pasted image 20240624192827.png
[2026-02-08 10:25:18] [INFO] ⏩ تصویر از قبل موجود است: Pasted image 20240624192858.png
[2026-02-08 10:25:18] [INFO] ⏩ تصویر از قبل موجود است: Pasted image 20240624193345.png
[2026-02-08 10:25:18] [INFO] ⏩ تصویر از قبل موجود است: Pasted image 20240624194253.png
[2026-02-08 10:25:18] [INFO] ⏩ تصویر از قبل موجود است: Pasted image 20260120173303.png
[2026-02-08 10:25:18] [INFO] ⏩ تصویر از قبل موجود است: Pasted image 20260120175417.png
[2026-02-08 10:25:18] [INFO] ⏩ تصویر از قبل موجود است: Pasted image 20260120173610.png
[2026-02-08 10:25:18] [INFO] ⏩ تصویر از قبل موجود است: Pasted image 20260120174656.png
[2026-02-08 10:25:18] [INFO] ⏩ تصویر از قبل موجود است: Pasted image 20260120174632.png
[2026-02-08 10:25:18] [INFO] ⏩ تصویر از قبل موجود است: Pasted image 20260120174901.png
[2026-02-08 10:25:18] [INFO] ⏩ تصویر از قبل موجود است: Pasted image 20260120175205.png
[2026-02-08 10:25:18] [INFO] ⏩ تصویر از قبل موجود است: Pasted image 20260120175331.png
[2026-02-08 10:25:18] [INFO] ⏩ تصویر از قبل موجود است: Pasted image 20260120175554.png
[2026-02-08 10:25:18] [INFO] ⏩ تصویر از قبل موجود است: Pasted image 20260120180820.png
[2026-02-08 10:25:18] [INFO] ⏩ تصویر از قبل موجود است: Pasted image 20260120180429.png
[2026-02-08 10:25:18] [INFO] ⏩ تصویر از قبل موجود است: Pasted image 20260120181056.png
[2026-02-08 10:25:18] [INFO] ⏩ تصویر از قبل موجود است: Pasted image 20260120184940.png
[2026-02-08 10:25:18] [INFO] ⏩ تصویر از قبل موجود است: Pasted image 20260120190219.png
[2026-02-08 10:25:18] [INFO] ⏩ تصویر از قبل موجود است: Pasted image 20260120190249.png
[2026-02-08 10:25:18] [INFO] ⏩ تصویر از قبل موجود است: Pasted image 20260120195815.png
[2026-02-08 10:25:18] [INFO] ⏩ تصویر از قبل موجود است: Pasted image 20260120195854.png
[2026-02-08 10:25:18] [INFO] ⏩ تصویر از قبل موجود است: Pasted image 20260120210415.png
[2026-02-08 10:25:18] [INFO] ⏩ تصویر از قبل موجود است: Pasted image 20260120210915.png
[2026-02-08 10:25:18] [INFO] ⏩ تصویر از قبل موجود است: Pasted image 20260120210732.png
[2026-02-08 10:25:18] [INFO] ⏩ تصویر از قبل موجود است: Pasted image 20260121190100.png
[2026-02-08 10:25:18] [INFO] ⏩ تصویر از قبل موجود است: Pasted image 20240622202553.png
[2026-02-08 10:25:18] [INFO] ⏩ تصویر از قبل موجود است: Pasted image 20240622203718.png
[2026-02-08 10:25:18] [INFO] ⏩ تصویر از قبل موجود است: Pasted image 20240622203754.png
[2026-02-08 10:25:18] [INFO] ⏩ تصویر از قبل موجود است: Pasted image 20240622204050.png
[2026-02-08 10:25:18] [INFO] ⏩ تصویر از قبل موجود است: Pasted image 20240622205615.png
[2026-02-08 10:25:18] [INFO] ⏩ تصویر از قبل موجود است: Pasted image 20240622204601.png
[2026-02-08 10:25:18] [INFO] ⏩ تصویر از قبل موجود است: Pasted image 20240622204629.png
[2026-02-08 10:25:18] [INFO] ⏩ تصویر از قبل موجود است: Pasted image 20240622204951.png
[2026-02-08 10:25:18] [INFO] ⏩ تصویر از قبل موجود است: Pasted image 20240622210354.png
[2026-02-08 10:25:18] [INFO] ⏩ تصویر از قبل موجود است: Pasted image 20240622210607.png
[2026-02-08 10:25:18] [INFO] ⏩ تصویر از قبل موجود است: Pasted image 20240622210702.png
[2026-02-08 10:25:18] [INFO] ⏩ تصویر از قبل موجود است: Pasted image 20240622210835.png
[2026-02-08 10:25:18] [INFO] ⏩ تصویر از قبل موجود است: Pasted image 20240622211258.png
[2026-02-08 10:25:18] [INFO] ⏩ تصویر از قبل موجود است: Pasted image 20240622211351.png
[2026-02-08 10:25:18] [INFO] ⏩ تصویر از قبل موجود است: Pasted image 20240622211609.png
[2026-02-08 10:25:18] [INFO] ⏩ تصویر از قبل موجود است: Pasted image 20240622212132.png
[2026-02-08 10:25:18] [INFO] ⏩ تصویر از قبل موجود است: Pasted image 20240622230532.png
[2026-02-08 10:25:18] [INFO] ⏩ تصویر از قبل موجود است: Pasted image 20240622231205.png
[2026-02-08 10:25:18] [INFO] ⏩ تصویر از قبل موجود است: Pasted image 20240622231245.png
[2026-02-08 10:25:18] [INFO] ⏩ تصویر از قبل موجود است: Pasted image 20240622231644.png
[2026-02-08 10:25:18] [INFO] ⏩ تصویر از قبل موجود است: Pasted image 20240622233917.png
[2026-02-08 10:25:18] [INFO] ⏩ تصویر از قبل موجود است: Pasted image 20240622235442.png
[2026-02-08 10:25:18] [INFO] ⏩ تصویر از قبل موجود است: Pasted image 20240622235712.png
[2026-02-08 10:25:18] [INFO] ⏩ تصویر از قبل موجود است: Pasted image 20240622234913.png
[2026-02-08 10:25:18] [INFO] ⏩ تصویر از قبل موجود است: Pasted image 20240622234916.png
[2026-02-08 10:25:18] [INFO] ⏩ تصویر از قبل موجود است: Pasted image 20240623211107.png
[2026-02-08 10:25:18] [INFO] ⏩ تصویر از قبل موجود است: Pasted image 20240623211223.png
[2026-02-08 10:25:18] [INFO] ⏩ تصویر از قبل موجود است: Pasted image 20240623204152.png
[2026-02-08 10:25:18] [INFO] ⏩ تصویر از قبل موجود است: Pasted image 20240623204902.png
[2026-02-08 10:25:18] [INFO] ⏩ تصویر از قبل موجود است: Pasted image 20240623205050.png
[2026-02-08 10:25:18] [INFO] ⏩ تصویر از قبل موجود است: Pasted image 20240623205615.png
[2026-02-08 10:25:18] [INFO] ⏩ تصویر از قبل موجود است: Pasted image 20240623210733.png
[2026-02-08 10:25:18] [INFO] ⏩ تصویر از قبل موجود است: Pasted image 20240623210734.png
[2026-02-08 10:25:18] [INFO] ⏩ تصویر از قبل موجود است: Pasted image 20260203194640.png
[2026-02-08 10:25:18] [INFO] ⏩ تصویر از قبل موجود است: Pasted image 20260203194844.png
[2026-02-08 10:25:18] [INFO] ⏩ تصویر از قبل موجود است: Pasted image 20260203195116.png
[2026-02-08 10:25:18] [INFO] ⏩ تصویر از قبل موجود است: Pasted image 20260203195218.png
[2026-02-08 10:25:18] [INFO] ⏩ تصویر از قبل موجود است: Pasted image 20260203195733.png
[2026-02-08 10:25:18] [INFO] ⏩ تصویر از قبل موجود است: Pasted image 20260203195928.png
[2026-02-08 10:25:18] [INFO] ⏩ تصویر از قبل موجود است: Pasted image 20260203200420.png
[2026-02-08 10:25:18] [INFO] ⏩ تصویر از قبل موجود است: Pasted image 20260203200253.png
[2026-02-08 10:25:18] [INFO] ⏩ تصویر از قبل موجود است: Pasted image 20260203200610.png
[2026-02-08 10:25:18] [INFO] ⏩ تصویر از قبل موجود است: Pasted image 20260203200637.png
[2026-02-08 10:25:18] [INFO] ⏩ تصویر از قبل موجود است: Pasted image 20260203201033.png
[2026-02-08 10:25:18] [INFO] ⏩ تصویر از قبل موجود است: Pasted image 20260203201506.png
[2026-02-08 10:25:18] [INFO] ⏩ تصویر از قبل موجود است: Pasted image 20260203201458.png
[2026-02-08 10:25:18] [INFO] ⏩ تصویر از قبل موجود است: Pasted image 20260203202015.png
[2026-02-08 10:25:18] [INFO] ⏩ تصویر از قبل موجود است: Pasted image 20260203202635.png
[2026-02-08 10:25:18] [INFO] ⏩ تصویر از قبل موجود است: Pasted image 20260203202750.png
[2026-02-08 10:25:18] [INFO] ⏩ تصویر از قبل موجود است: Pasted image 20260203203614.png
[2026-02-08 10:25:18] [INFO] ⏩ تصویر از قبل موجود است: Pasted image 20260203203425.png
[2026-02-08 10:25:18] [INFO] ⏩ تصویر از قبل موجود است: Pasted image 20260203203748.png
[2026-02-08 10:25:18] [INFO] ⏩ تصویر از قبل موجود است: Pasted image 20260203203858.png
[2026-02-08 10:25:18] [INFO] ⏩ تصویر از قبل موجود است: Pasted image 20260203204616.png
[2026-02-08 10:25:18] [INFO] ⏩ تصویر از قبل موجود است: Pasted image 20260203204712.png
[2026-02-08 10:25:18] [INFO] ⏩ تصویر از قبل موجود است: Pasted image 20260203205008.png
[2026-02-08 10:25:18] [INFO] ⏩ تصویر از قبل موجود است: Pasted image 20260203212022.png
[2026-02-08 10:25:18] [INFO] ⏩ تصویر از قبل موجود است: Pasted image 20260203212353.png
[2026-02-08 10:25:18] [INFO] ⏩ تصویر از قبل موجود است: Pasted image 20260203212451.png
[2026-02-08 10:25:18] [INFO] ⏩ تصویر از قبل موجود است: Pasted image 20260203212920.png
[2026-02-08 10:25:18] [INFO] ⏩ تصویر از قبل موجود است: Pasted image 20260203214727.png
[2026-02-08 10:25:18] [INFO] ⏩ تصویر از قبل موجود است: Pasted image 20260203213253.png
[2026-02-08 10:25:18] [INFO] ⏩ تصویر از قبل موجود است: Pasted image 20260203213121.png
[2026-02-08 10:25:18] [INFO] ⏩ تصویر از قبل موجود است: Pasted image 20260203213659.png
[2026-02-08 10:25:18] [INFO] ⏩ تصویر از قبل موجود است: Pasted image 20260203213424.png
[2026-02-08 10:25:18] [INFO] ⏩ تصویر از قبل موجود است: Pasted image 20260203213551.png
[2026-02-08 10:25:18] [INFO] ⏩ تصویر از قبل موجود است: Pasted image 20260203213922.png
[2026-02-08 10:25:18] [INFO] ⏩ تصویر از قبل موجود است: Pasted image 20260203214039.png
[2026-02-08 10:25:18] [INFO] ⏩ تصویر از قبل موجود است: Pasted image 20260203214153.png
[2026-02-08 10:25:18] [INFO] ⏩ تصویر از قبل موجود است: Pasted image 20260203214840.png
[2026-02-08 10:25:18] [INFO] ⏩ تصویر از قبل موجود است: Pasted image 20260203214944.png
[2026-02-08 10:25:18] [INFO] ⏩ تصویر از قبل موجود است: Pasted image 20260203214940.png
[2026-02-08 10:25:18] [INFO] ⏩ تصویر از قبل موجود است: Pasted image 20260203215426.png
[2026-02-08 10:25:18] [INFO] ⏩ تصویر از قبل موجود است: Pasted image 20260203215554.png
[2026-02-08 10:25:18] [INFO] ⏩ تصویر از قبل موجود است: Pasted image 20260203215617.png
[2026-02-08 10:25:18] [INFO] ⏩ تصویر از قبل موجود است: Pasted image 20260203215823.png
[2026-02-08 10:25:18] [INFO] ⏩ تصویر از قبل موجود است: Pasted image 20260205201928.png
[2026-02-08 10:25:18] [INFO] ⏩ تصویر از قبل موجود است: Pasted image 20260205202606.png
[2026-02-08 10:25:18] [INFO] ⏩ تصویر از قبل موجود است: Pasted image 20260205202146.png
[2026-02-08 10:25:18] [INFO] ⏩ تصویر از قبل موجود است: Pasted image 20260205202337.png
[2026-02-08 10:25:18] [INFO] ⏩ تصویر از قبل موجود است: Pasted image 20260205202521.png
[2026-02-08 10:25:18] [INFO] ⏩ تصویر از قبل موجود است: Pasted image 20260205210215.png
[2026-02-08 10:25:18] [INFO] ⏩ تصویر از قبل موجود است: Pasted image 20260205210505.png
[2026-02-08 10:25:18] [INFO] ⏩ تصویر از قبل موجود است: Pasted image 20260205210410.png
[2026-02-08 10:25:18] [INFO] ⏩ تصویر از قبل موجود است: Pasted image 20260205212135.png
[2026-02-08 10:25:18] [INFO] ⏩ تصویر از قبل موجود است: Pasted image 20260126214543.png
[2026-02-08 10:25:18] [INFO] ⏩ تصویر از قبل موجود است: Pasted image 20260126214712.png
[2026-02-08 10:25:18] [INFO] ⏩ تصویر از قبل موجود است: Pasted image 20260126215026.png
[2026-02-08 10:25:18] [INFO] ⏩ تصویر از قبل موجود است: Pasted image 20260126215238.png
[2026-02-08 10:25:18] [INFO] ⏩ تصویر از قبل موجود است: Pasted image 20260126215422.png
[2026-02-08 10:25:18] [INFO] ⏩ تصویر از قبل موجود است: Pasted image 20260126215515.png
[2026-02-08 10:25:18] [INFO] ⏩ تصویر از قبل موجود است: Pasted image 20260127145853.png
[2026-02-08 10:25:18] [INFO] ⏩ تصویر از قبل موجود است: Pasted image 20260127150236.png
[2026-02-08 10:25:18] [INFO] ⏩ تصویر از قبل موجود است: Pasted image 20260127150308.png
[2026-02-08 10:25:18] [INFO] ⏩ تصویر از قبل موجود است: Pasted image 20260127150637.png
[2026-02-08 10:25:18] [INFO] ⏩ تصویر از قبل موجود است: Pasted image 20260127150652.png
[2026-02-08 10:25:18] [INFO] ⏩ تصویر از قبل موجود است: Pasted image 20260127151821.png
[2026-02-08 10:25:18] [INFO] ⏩ تصویر از قبل موجود است: Pasted image 20260127151221.png
[2026-02-08 10:25:18] [INFO] ⏩ تصویر از قبل موجود است: Pasted image 20260127151358.png
[2026-02-08 10:25:18] [INFO] ⏩ تصویر از قبل موجود است: Pasted image 20260127151614.png
[2026-02-08 10:25:18] [INFO] ⏩ تصویر از قبل موجود است: Pasted image 20260127154044.png
[2026-02-08 10:25:18] [INFO] ⏩ تصویر از قبل موجود است: Pasted image 20260127151958.png
[2026-02-08 10:25:18] [INFO] ⏩ تصویر از قبل موجود است: Pasted image 20260127152258.png
[2026-02-08 10:25:18] [INFO] ⏩ تصویر از قبل موجود است: Pasted image 20260127161629.png
[2026-02-08 10:25:18] [INFO] ⏩ تصویر از قبل موجود است: Pasted image 20260127161739.png
[2026-02-08 10:25:18] [INFO] ⏩ تصویر از قبل موجود است: Pasted image 20260127152806.png
[2026-02-08 10:25:18] [INFO] ⏩ تصویر از قبل موجود است: Pasted image 20260127152943.png
[2026-02-08 10:25:18] [INFO] ⏩ تصویر از قبل موجود است: Pasted image 20260127153050.png
[2026-02-08 10:25:18] [INFO] ⏩ تصویر از قبل موجود است: Pasted image 20260127153335.png
[2026-02-08 10:25:18] [INFO] ⏩ تصویر از قبل موجود است: Pasted image 20260127153621.png
[2026-02-08 10:25:18] [INFO] ⏩ تصویر از قبل موجود است: Pasted image 20260127155037.png
[2026-02-08 10:25:18] [INFO] ⏩ تصویر از قبل موجود است: Pasted image 20260127155214.png
[2026-02-08 10:25:18] [INFO] ⏩ تصویر از قبل موجود است: Pasted image 20260127155350.png
[2026-02-08 10:25:18] [INFO] ⏩ تصویر از قبل موجود است: Pasted image 20260127155451.png
[2026-02-08 10:25:18] [INFO] ⏩ تصویر از قبل موجود است: Pasted image 20260127155952.png
[2026-02-08 10:25:18] [INFO] ⏩ تصویر از قبل موجود است: Pasted image 20260127160041.png
[2026-02-08 10:25:18] [INFO] ⏩ تصویر از قبل موجود است: Pasted image 20260127160124.png
[2026-02-08 10:25:18] [INFO] ⏩ تصویر از قبل موجود است: Pasted image 20260127160312.png
[2026-02-08 10:25:18] [INFO] ⏩ تصویر از قبل موجود است: Pasted image 20260127160326.png
[2026-02-08 10:25:18] [INFO] ⏩ تصویر از قبل موجود است: Pasted image 20260127160343.png
[2026-02-08 10:25:18] [INFO] ⏩ تصویر از قبل موجود است: Pasted image 20260127161947.png
[2026-02-08 10:25:18] [INFO] ⏩ تصویر از قبل موجود است: Pasted image 20260127162433.png
[2026-02-08 10:25:18] [INFO] ⏩ تصویر از قبل موجود است: Pasted image 20260127163628.png
[2026-02-08 10:25:18] [INFO] ⏩ تصویر از قبل موجود است: Pasted image 20260127163748.png
[2026-02-08 10:25:18] [INFO] ⏩ تصویر از قبل موجود است: Pasted image 20260127163921.png
[2026-02-08 10:25:18] [INFO] ⏩ تصویر از قبل موجود است: Pasted image 20260127164416.png
[2026-02-08 10:25:18] [INFO] ⏩ تصویر از قبل موجود است: Pasted image 20260127164621.png
[2026-02-08 10:25:18] [INFO] ⏩ تصویر از قبل موجود است: Pasted image 20260127164624.png
[2026-02-08 10:25:18] [INFO] ⏩ تصویر از قبل موجود است: Pasted image 20260127164844.png
[2026-02-08 10:25:18] [INFO] ⏩ تصویر از قبل موجود است: Pasted image 20260127164959.png
[2026-02-08 10:25:18] [INFO] ⏩ تصویر از قبل موجود است: Pasted image 20260127165254.png
[2026-02-08 10:25:18] [INFO] ⏩ تصویر از قبل موجود است: Pasted image 20260127165249.png
[2026-02-08 10:25:18] [INFO] ⏩ تصویر از قبل موجود است: Pasted image 20260127165644.png
[2026-02-08 10:25:18] [INFO] ⏩ تصویر از قبل موجود است: Pasted image 20260127165628.png
[2026-02-08 10:25:18] [INFO] ⏩ تصویر از قبل موجود است: Pasted image 20260127170045.png
[2026-02-08 10:25:18] [INFO] ⏩ تصویر از قبل موجود است: Pasted image 20260127170121.png
[2026-02-08 10:25:18] [INFO] ⏩ تصویر از قبل موجود است: Pasted image 20260127170223.png
[2026-02-08 10:25:18] [INFO] ⏩ تصویر از قبل موجود است: Pasted image 20260127170154.png
[2026-02-08 10:25:18] [INFO] ⏩ تصویر از قبل موجود است: Pasted image 20260127170403.png
[2026-02-08 10:25:18] [INFO] ⏩ تصویر از قبل موجود است: Pasted image 20260127170504.png
[2026-02-08 10:25:18] [INFO] ⏩ تصویر از قبل موجود است: Pasted image 20260127170622.png
[2026-02-08 10:25:18] [INFO] ⏩ تصویر از قبل موجود است: Pasted image 20260127170737.png
[2026-02-08 10:25:18] [INFO] ⏩ تصویر از قبل موجود است: Pasted image 20260127171016.png
[2026-02-08 10:25:18] [INFO] ⏩ تصویر از قبل موجود است: Pasted image 20260127175715.png
[2026-02-08 10:25:18] [INFO] ⏩ تصویر از قبل موجود است: Pasted image 20260127180300.png
[2026-02-08 10:25:18] [INFO] ⏩ تصویر از قبل موجود است: Pasted image 20260127180427.png
[2026-02-08 10:25:18] [INFO] ⏩ تصویر از قبل موجود است: Pasted image 20260127180558.png
[2026-02-08 10:25:18] [INFO] ⏩ تصویر از قبل موجود است: Pasted image 20260127180700.png
[2026-02-08 10:25:18] [INFO] ⏩ تصویر از قبل موجود است: Pasted image 20260127180831.png
[2026-02-08 10:25:18] [INFO] ⏩ تصویر از قبل موجود است: Pasted image 20260127180944.png
[2026-02-08 10:25:18] [INFO] ⏩ تصویر از قبل موجود است: Pasted image 20260127181221.png
[2026-02-08 10:25:18] [INFO] ⏩ تصویر از قبل موجود است: Pasted image 20260127181321.png
[2026-02-08 10:25:18] [INFO] ⏩ تصویر از قبل موجود است: Pasted image 20260128154608.png
[2026-02-08 10:25:18] [INFO] ⏩ تصویر از قبل موجود است: Pasted image 20260128155002.png
[2026-02-08 10:25:18] [INFO] ⏩ تصویر از قبل موجود است: Pasted image 20260128155801.png
[2026-02-08 10:25:18] [INFO] ⏩ تصویر از قبل موجود است: Pasted image 20260128155102.png
[2026-02-08 10:25:18] [INFO] ⏩ تصویر از قبل موجود است: Pasted image 20260128155158.png
[2026-02-08 10:25:18] [INFO] ⏩ تصویر از قبل موجود است: Pasted image 20260128155343.png
[2026-02-08 10:25:18] [INFO] ⏩ تصویر از قبل موجود است: Pasted image 20260128160220.png
[2026-02-08 10:25:18] [INFO] ⏩ تصویر از قبل موجود است: Pasted image 20260128160250.png
[2026-02-08 10:25:18] [INFO] ⏩ تصویر از قبل موجود است: Pasted image 20260128155924.png
[2026-02-08 10:25:18] [INFO] ⏩ تصویر از قبل موجود است: Pasted image 20260128161423.png
[2026-02-08 10:25:18] [INFO] ⏩ تصویر از قبل موجود است: Pasted image 20260128160904.png
[2026-02-08 10:25:18] [INFO] ⏩ تصویر از قبل موجود است: Pasted image 20260128161012.png
[2026-02-08 10:25:18] [INFO] ⏩ تصویر از قبل موجود است: Pasted image 20260128161204.png
[2026-02-08 10:25:18] [INFO] ⏩ تصویر از قبل موجود است: Pasted image 20260128161220.png
[2026-02-08 10:25:18] [INFO] ⏩ تصویر از قبل موجود است: Pasted image 20260128161548.png
[2026-02-08 10:25:18] [INFO] ⏩ تصویر از قبل موجود است: Pasted image 20260128161900.png
[2026-02-08 10:25:18] [INFO] ⏩ تصویر از قبل موجود است: Pasted image 20260128161910.png
[2026-02-08 10:25:18] [INFO] ⏩ تصویر از قبل موجود است: Pasted image 20260128162009.png
[2026-02-08 10:25:18] [INFO] ⏩ تصویر از قبل موجود است: Pasted image 20260128162137.png
[2026-02-08 10:25:18] [INFO] ⏩ تصویر از قبل موجود است: Pasted image 20260129145816.png
[2026-02-08 10:25:18] [INFO] ⏩ تصویر از قبل موجود است: Pasted image 20260129150551.png
[2026-02-08 10:25:18] [INFO] ⏩ تصویر از قبل موجود است: Pasted image 20260129150708.png
[2026-02-08 10:25:18] [INFO] ⏩ تصویر از قبل موجود است: Pasted image 20260129151047.png
[2026-02-08 10:25:18] [INFO] ⏩ تصویر از قبل موجود است: Pasted image 20260129151207.png
[2026-02-08 10:25:18] [INFO] ⏩ تصویر از قبل موجود است: Pasted image 20260129151915.png
[2026-02-08 10:25:18] [INFO] ⏩ تصویر از قبل موجود است: Pasted image 20260129151843.png
[2026-02-08 10:25:18] [INFO] ⏩ تصویر از قبل موجود است: Pasted image 20260129161517.png
[2026-02-08 10:25:18] [INFO] ⏩ تصویر از قبل موجود است: Pasted image 20260129153312.png
[2026-02-08 10:25:18] [INFO] ⏩ تصویر از قبل موجود است: Pasted image 20260129153438.png
[2026-02-08 10:25:18] [INFO] ⏩ تصویر از قبل موجود است: Pasted image 20260129153417.png
[2026-02-08 10:25:18] [INFO] ⏩ تصویر از قبل موجود است: Pasted image 20260129153534.png
[2026-02-08 10:25:18] [INFO] ⏩ تصویر از قبل موجود است: Pasted image 20260129153632.png
[2026-02-08 10:25:18] [INFO] ⏩ تصویر از قبل موجود است: Pasted image 20260129154043.png
[2026-02-08 10:25:18] [INFO] ⏩ تصویر از قبل موجود است: Pasted image 20260129154429.png
[2026-02-08 10:25:18] [INFO] ⏩ تصویر از قبل موجود است: Pasted image 20260129154535.png
[2026-02-08 10:25:18] [INFO] ⏩ تصویر از قبل موجود است: Pasted image 20260129154638.png
[2026-02-08 10:25:18] [INFO] ⏩ تصویر از قبل موجود است: Pasted image 20260129154736.png
[2026-02-08 10:25:18] [INFO] ⏩ تصویر از قبل موجود است: Pasted image 20260129154905.png
[2026-02-08 10:25:18] [INFO] ⏩ تصویر از قبل موجود است: Pasted image 20260129155342.png
[2026-02-08 10:25:18] [INFO] ⏩ تصویر از قبل موجود است: Pasted image 20260129155534.png
[2026-02-08 10:25:18] [INFO] ⏩ تصویر از قبل موجود است: Pasted image 20260129155459.png
[2026-02-08 10:25:18] [INFO] ⏩ تصویر از قبل موجود است: Pasted image 20260129155953.png
[2026-02-08 10:25:18] [INFO] ⏩ تصویر از قبل موجود است: Pasted image 20260129160113.png
[2026-02-08 10:25:18] [INFO] ⏩ تصویر از قبل موجود است: Pasted image 20260129160238.png
[2026-02-08 10:25:18] [INFO] ⏩ تصویر از قبل موجود است: Pasted image 20260129160652.png
[2026-02-08 10:25:18] [INFO] ⏩ تصویر از قبل موجود است: Pasted image 20260129160822.png
[2026-02-08 10:25:18] [INFO] ⏩ تصویر از قبل موجود است: Pasted image 20260129164356.png
[2026-02-08 10:25:18] [INFO] ⏩ تصویر از قبل موجود است: Pasted image 20260129164424.png
[2026-02-08 10:25:18] [INFO] ⏩ تصویر از قبل موجود است: Pasted image 20260129164638.png
[2026-02-08 10:25:18] [INFO] ⏩ تصویر از قبل موجود است: Pasted image 20260129162026.png
[2026-02-08 10:25:18] [INFO] ⏩ تصویر از قبل موجود است: Pasted image 20260129162452.png
[2026-02-08 10:25:18] [INFO] ⏩ تصویر از قبل موجود است: Pasted image 20260129162850.png
[2026-02-08 10:25:18] [INFO] ⏩ تصویر از قبل موجود است: Pasted image 20260129162854.png
[2026-02-08 10:25:18] [INFO] ⏩ تصویر از قبل موجود است: Pasted image 20260129163355.png
[2026-02-08 10:25:18] [INFO] ⏩ تصویر از قبل موجود است: Pasted image 20260129163548.png
[2026-02-08 10:25:18] [INFO] ⏩ تصویر از قبل موجود است: Pasted image 20260129163726.png
[2026-02-08 10:25:18] [INFO] ⏩ تصویر از قبل موجود است: Pasted image 20260129163848.png
[2026-02-08 10:25:18] [INFO] ⏩ تصویر از قبل موجود است: Pasted image 20260129174227.png
[2026-02-08 10:25:18] [INFO] ⏩ تصویر از قبل موجود است: Pasted image 20260129175252.png
[2026-02-08 10:25:18] [INFO] ⏩ تصویر از قبل موجود است: Pasted image 20260129175728.png
[2026-02-08 10:25:18] [INFO] ⏩ تصویر از قبل موجود است: Pasted image 20260129175627.png
[2026-02-08 10:25:18] [INFO] ⏩ تصویر از قبل موجود است: Pasted image 20260129180216.png
[2026-02-08 10:25:18] [INFO] ⏩ تصویر از قبل موجود است: Pasted image 20260129180309.png
[2026-02-08 10:25:18] [INFO] ⏩ تصویر از قبل موجود است: Pasted image 20260129175710.png
[2026-02-08 10:25:18] [INFO] ⏩ تصویر از قبل موجود است: Pasted image 20260129180053.png
[2026-02-08 10:25:18] [INFO] ⏩ تصویر از قبل موجود است: Pasted image 20260129180437.png
[2026-02-08 10:25:18] [INFO] ⏩ تصویر از قبل موجود است: Pasted image 20260129180455.png
[2026-02-08 10:25:18] [INFO] ⏩ تصویر از قبل موجود است: Pasted image 20260129184001.png
[2026-02-08 10:25:18] [INFO] ⏩ تصویر از قبل موجود است: Pasted image 20260129184014.png
[2026-02-08 10:25:18] [INFO] ⏩ تصویر از قبل موجود است: Pasted image 20260129180922.png
[2026-02-08 10:25:18] [INFO] ⏩ تصویر از قبل موجود است: Pasted image 20260129181005.png
[2026-02-08 10:25:18] [INFO] ⏩ تصویر از قبل موجود است: Pasted image 20260129181222.png
[2026-02-08 10:25:18] [INFO] ⏩ تصویر از قبل موجود است: Pasted image 20260129181516.png
[2026-02-08 10:25:18] [INFO] ⏩ تصویر از قبل موجود است: Pasted image 20260129181312.png
[2026-02-08 10:25:18] [INFO] ⏩ تصویر از قبل موجود است: Pasted image 20260129184256.png
[2026-02-08 10:25:18] [INFO] ⏩ تصویر از قبل موجود است: Pasted image 20260129184438.png
[2026-02-08 10:25:18] [INFO] ⏩ تصویر از قبل موجود است: Pasted image 20260129184706.png
[2026-02-08 10:25:18] [INFO] ⏩ تصویر از قبل موجود است: Pasted image 20260129184955.png
[2026-02-08 10:25:18] [INFO] ⏩ تصویر از قبل موجود است: Pasted image 20260129184810.png
[2026-02-08 10:25:18] [INFO] ⏩ تصویر از قبل موجود است: Pasted image 20260129182117.png
[2026-02-08 10:25:18] [INFO] ⏩ تصویر از قبل موجود است: Pasted image 20260129182308.png
[2026-02-08 10:25:18] [INFO] ⏩ تصویر از قبل موجود است: Pasted image 20260129182540.png
[2026-02-08 10:25:18] [INFO] ⏩ تصویر از قبل موجود است: Pasted image 20260129182734.png
[2026-02-08 10:25:18] [INFO] ⏩ تصویر از قبل موجود است: Pasted image 20260129182737.png
[2026-02-08 10:25:18] [INFO] ⏩ تصویر از قبل موجود است: Pasted image 20260129183300.png
[2026-02-08 10:25:18] [INFO] ⏩ تصویر از قبل موجود است: Pasted image 20260129183420.png
[2026-02-08 10:25:18] [INFO] ⏩ تصویر از قبل موجود است: Pasted image 20260129183500.png
[2026-02-08 10:25:18] [INFO] ⏩ تصویر از قبل موجود است: Pasted image 20260129190012.png
[2026-02-08 10:25:18] [INFO] ⏩ تصویر از قبل موجود است: Pasted image 20260129190117.png
[2026-02-08 10:25:18] [INFO] ⏩ تصویر از قبل موجود است: Pasted image 20260129190502.png
[2026-02-08 10:25:18] [INFO] ⏩ تصویر از قبل موجود است: Pasted image 20260129190710.png
[2026-02-08 10:25:18] [INFO] ⏩ تصویر از قبل موجود است: Pasted image 20260129191159.png
[2026-02-08 10:25:18] [INFO] ⏩ تصویر از قبل موجود است: Pasted image 20260129191750.png
[2026-02-08 10:25:18] [INFO] ⏩ تصویر از قبل موجود است: Pasted image 20260129191936.png
[2026-02-08 10:25:18] [INFO] ⏩ تصویر از قبل موجود است: Pasted image 20260129192034.png
[2026-02-08 10:25:18] [INFO] ⏩ تصویر از قبل موجود است: Pasted image 20260129192147.png
[2026-02-08 10:25:18] [INFO] ⏩ تصویر از قبل موجود است: Pasted image 20260129192305.png
[2026-02-08 10:25:18] [INFO] ⏩ تصویر از قبل موجود است: Pasted image 20260129192620.png
[2026-02-08 10:25:18] [INFO] ⏩ تصویر از قبل موجود است: Pasted image 20260129192854.png
[2026-02-08 10:25:18] [INFO] ⏩ تصویر از قبل موجود است: Pasted image 20260129192947.png
[2026-02-08 10:25:18] [INFO] ⏩ تصویر از قبل موجود است: Pasted image 20260131144829.png
[2026-02-08 10:25:18] [INFO] ⏩ تصویر از قبل موجود است: Pasted image 20260131144955.png
[2026-02-08 10:25:18] [INFO] ⏩ تصویر از قبل موجود است: Pasted image 20260131150110.png
[2026-02-08 10:25:18] [INFO] ⏩ تصویر از قبل موجود است: Pasted image 20260131145535.png
[2026-02-08 10:25:18] [INFO] ⏩ تصویر از قبل موجود است: Pasted image 20260131150724.png
[2026-02-08 10:25:18] [INFO] ⏩ تصویر از قبل موجود است: Pasted image 20260131151635.png
[2026-02-08 10:25:18] [INFO] ⏩ تصویر از قبل موجود است: Pasted image 20260131152118.png
[2026-02-08 10:25:18] [INFO] ⏩ تصویر از قبل موجود است: Pasted image 20260131152048.png
[2026-02-08 10:25:18] [INFO] ⏩ تصویر از قبل موجود است: Pasted image 20260131151825.png
[2026-02-08 10:25:18] [INFO] ⏩ تصویر از قبل موجود است: Pasted image 20260131152409.png
[2026-02-08 10:25:18] [INFO] ⏩ تصویر از قبل موجود است: Pasted image 20260131152703.png
[2026-02-08 10:25:18] [INFO] ⏩ تصویر از قبل موجود است: Pasted image 20260131152741.png
[2026-02-08 10:25:18] [INFO] ⏩ تصویر از قبل موجود است: Pasted image 20260131153911.png
[2026-02-08 10:25:18] [INFO] ⏩ تصویر از قبل موجود است: Pasted image 20260131161208.png
[2026-02-08 10:25:18] [INFO] ⏩ تصویر از قبل موجود است: Pasted image 20260131161526.png
[2026-02-08 10:25:18] [INFO] ⏩ تصویر از قبل موجود است: Pasted image 20260131161437.png
[2026-02-08 10:25:18] [INFO] ⏩ تصویر از قبل موجود است: Pasted image 20260131161838.png
[2026-02-08 10:25:18] [INFO] ⏩ تصویر از قبل موجود است: Pasted image 20260131162823.png
[2026-02-08 10:25:18] [INFO] ⏩ تصویر از قبل موجود است: Pasted image 20260131163351.png
[2026-02-08 10:25:18] [INFO] ⏩ تصویر از قبل موجود است: Pasted image 20260131163403.png
[2026-02-08 10:25:18] [INFO] ⏩ تصویر از قبل موجود است: Pasted image 20260131163545.png
[2026-02-08 10:25:18] [INFO] ⏩ تصویر از قبل موجود است: Pasted image 20260131164349.png
[2026-02-08 10:25:18] [INFO] ⏩ تصویر از قبل موجود است: Pasted image 20260131164529.png
[2026-02-08 10:25:18] [INFO] ⏩ تصویر از قبل موجود است: Pasted image 20260131165802.png
[2026-02-08 10:25:18] [INFO] ⏩ تصویر از قبل موجود است: Pasted image 20260131165853.png
[2026-02-08 10:25:18] [INFO] ⏩ تصویر از قبل موجود است: Pasted image 20260131170034.png
[2026-02-08 10:25:18] [INFO] ⏩ تصویر از قبل موجود است: Pasted image 20260131170357.png
[2026-02-08 10:25:18] [INFO] ⏩ تصویر از قبل موجود است: Pasted image 20260131170537.png
[2026-02-08 10:25:18] [INFO] ⏩ تصویر از قبل موجود است: Pasted image 20260131170655.png
[2026-02-08 10:25:18] [INFO] ⏩ تصویر از قبل موجود است: Pasted image 20260201202830.png
[2026-02-08 10:25:18] [INFO] ⏩ تصویر از قبل موجود است: Pasted image 20260201203816.png
[2026-02-08 10:25:18] [INFO] ⏩ تصویر از قبل موجود است: Pasted image 20260201205812.png
[2026-02-08 10:25:18] [INFO] ⏩ تصویر از قبل موجود است: Pasted image 20260201204411.png
[2026-02-08 10:25:18] [INFO] ⏩ تصویر از قبل موجود است: Pasted image 20260201204703.png
[2026-02-08 10:25:18] [INFO] ⏩ تصویر از قبل موجود است: Pasted image 20260201204958.png
[2026-02-08 10:25:18] [INFO] ⏩ تصویر از قبل موجود است: Pasted image 20260201210625.png
[2026-02-08 10:25:18] [INFO] ⏩ تصویر از قبل موجود است: Pasted image 20260201210849.png
[2026-02-08 10:25:18] [INFO] ⏩ تصویر از قبل موجود است: Pasted image 20260201211046.png
[2026-02-08 10:25:18] [INFO] ⏩ تصویر از قبل موجود است: Pasted image 20260201211246.png
[2026-02-08 10:25:18] [INFO] ⏩ تصویر از قبل موجود است: Pasted image 20260201212048.png
[2026-02-08 10:25:18] [INFO] ⏩ تصویر از قبل موجود است: Pasted image 20260201212956.png
[2026-02-08 10:25:18] [INFO] ⏩ تصویر از قبل موجود است: Pasted image 20260201213153.png
[2026-02-08 10:25:18] [INFO] ⏩ تصویر از قبل موجود است: Pasted image 20260201213425.png
[2026-02-08 10:25:18] [INFO] ⏩ تصویر از قبل موجود است: Pasted image 20260201214004.png
[2026-02-08 10:25:18] [INFO] ⏩ تصویر از قبل موجود است: Pasted image 20260201214231.png
[2026-02-08 10:25:18] [INFO] ⏩ تصویر از قبل موجود است: Pasted image 20260201214251.png
[2026-02-08 10:25:18] [INFO] ⏩ تصویر از قبل موجود است: Pasted image 20260201214531.png
[2026-02-08 10:25:18] [INFO] ⏩ تصویر از قبل موجود است: Pasted image 20260201215438.png
[2026-02-08 10:25:18] [INFO] ⏩ تصویر از قبل موجود است: Pasted image 20260201215604.png
[2026-02-08 10:25:18] [INFO] ⏩ تصویر از قبل موجود است: Pasted image 20260201215718.png
[2026-02-08 10:25:18] [INFO] ⏩ تصویر از قبل موجود است: Pasted image 20260201215834.png
[2026-02-08 10:25:18] [INFO] ⏩ تصویر از قبل موجود است: Pasted image 20260201215926.png
[2026-02-08 10:25:18] [INFO] ⏩ تصویر از قبل موجود است: Pasted image 20260201220013.png
[2026-02-08 10:25:18] [INFO] ⏩ تصویر از قبل موجود است: Pasted image 20260201220047.png
[2026-02-08 10:25:18] [INFO] ⏩ تصویر از قبل موجود است: Pasted image 20260201220159.png
[2026-02-08 10:25:18] [INFO] ⏩ تصویر از قبل موجود است: Pasted image 20260201220250.png
[2026-02-08 10:25:18] [INFO] ⏩ تصویر از قبل موجود است: Pasted image 20260201220406.png
[2026-02-08 10:25:18] [INFO] ⏩ تصویر از قبل موجود است: Pasted image 20260201232416.png
[2026-02-08 10:25:18] [INFO] ⏩ تصویر از قبل موجود است: Pasted image 20260201232615.png
[2026-02-08 10:25:18] [INFO] ⏩ تصویر از قبل موجود است: Pasted image 20260201233103.png
[2026-02-08 10:25:18] [INFO] ⏩ تصویر از قبل موجود است: Pasted image 20260201233309.png
[2026-02-08 10:25:18] [INFO] ⏩ تصویر از قبل موجود است: Pasted image 20260201233622.png
[2026-02-08 10:25:18] [INFO] ⏩ تصویر از قبل موجود است: Pasted image 20260201233710.png
[2026-02-08 10:25:18] [INFO] ⏩ تصویر از قبل موجود است: Pasted image 20260201233817.png
[2026-02-08 10:25:18] [INFO] ⏩ تصویر از قبل موجود است: Pasted image 20260201233903.png
[2026-02-08 10:25:18] [INFO] ⏩ تصویر از قبل موجود است: Pasted image 20260201235754.png
[2026-02-08 10:25:18] [INFO] ⏩ تصویر از قبل موجود است: Pasted image 20260202001136.png
[2026-02-08 10:25:18] [INFO] ⏩ تصویر از قبل موجود است: Pasted image 20260202001629.png
[2026-02-08 10:25:18] [INFO] ⏩ تصویر از قبل موجود است: Pasted image 20260202002045.png
[2026-02-08 10:25:18] [INFO] ⏩ تصویر از قبل موجود است: Pasted image 20260202002153.png
[2026-02-08 10:25:18] [INFO] ⏩ تصویر از قبل موجود است: Pasted image 20260202003547.png
[2026-02-08 10:25:18] [INFO] ⏩ تصویر از قبل موجود است: Pasted image 20260202003555.png
[2026-02-08 10:25:18] [INFO] ⏩ تصویر از قبل موجود است: Pasted image 20260202003718.png
[2026-02-08 10:25:18] [INFO] ⏩ تصویر از قبل موجود است: Pasted image 20260202003957.png
[2026-02-08 10:25:18] [INFO] ⏩ تصویر از قبل موجود است: Pasted image 20260202004044.png
[2026-02-08 10:25:18] [INFO] ⏩ تصویر از قبل موجود است: Pasted image 20260202004128.png
[2026-02-08 10:25:18] [INFO] ⏩ تصویر از قبل موجود است: Pasted image 20260202004403.png
[2026-02-08 10:25:18] [INFO] ⏩ تصویر از قبل موجود است: Pasted image 20260202004534.png
[2026-02-08 10:25:18] [INFO] ⏩ تصویر از قبل موجود است: Pasted image 20260202004658.png
[2026-02-08 10:25:18] [INFO] ⏩ تصویر از قبل موجود است: Pasted image 20260202004923.png
[2026-02-08 10:25:18] [INFO] ⏩ تصویر از قبل موجود است: Pasted image 20260202004912.png
[2026-02-08 10:25:18] [INFO] ⏩ تصویر از قبل موجود است: Pasted image 20260202005032.png
[2026-02-08 10:25:18] [INFO] ⏩ تصویر از قبل موجود است: Pasted image 20260202005313.png
[2026-02-08 10:25:18] [INFO] ⏩ تصویر از قبل موجود است: Pasted image 20260202005503.png
[2026-02-08 10:25:18] [INFO] ⏩ تصویر از قبل موجود است: Pasted image 20260202005837.png
[2026-02-08 10:25:18] [INFO] ⏩ تصویر از قبل موجود است: Pasted image 20260202005942.png
[2026-02-08 10:25:18] [INFO] ⏩ تصویر از قبل موجود است: Pasted image 20260202005930.png
[2026-02-08 10:25:18] [INFO] ⏩ تصویر از قبل موجود است: Pasted image 20260202010115.png
[2026-02-08 10:25:18] [INFO] ⏩ تصویر از قبل موجود است: Pasted image 20260202010626.png
[2026-02-08 10:25:18] [INFO] ⏩ تصویر از قبل موجود است: Pasted image 20260202010639.png
[2026-02-08 10:25:18] [INFO] ⏩ تصویر از قبل موجود است: Pasted image 20260202010656.png
[2026-02-08 10:25:18] [INFO] ⏩ تصویر از قبل موجود است: Pasted image 20260202010705.png
[2026-02-08 10:25:18] [INFO] ⏩ تصویر از قبل موجود است: Pasted image 20260202011325.png
[2026-02-08 10:25:18] [INFO] ⏩ تصویر از قبل موجود است: Pasted image 20260202011432.png
[2026-02-08 10:25:18] [INFO] ⏩ تصویر از قبل موجود است: Pasted image 20260202011535.png
[2026-02-08 10:25:18] [INFO] ⏩ تصویر از قبل موجود است: Pasted image 20260202011841.png
[2026-02-08 10:25:18] [INFO] ⏩ تصویر از قبل موجود است: Pasted image 20260202011921.png
[2026-02-08 10:25:18] [INFO] ⏩ تصویر از قبل موجود است: Pasted image 20260202012021.png
[2026-02-08 10:25:18] [INFO] ⏩ تصویر از قبل موجود است: Pasted image 20260202012123.png
[2026-02-08 10:25:18] [INFO] ⏩ تصویر از قبل موجود است: Pasted image 20260124144526.png
[2026-02-08 10:25:18] [INFO] ⏩ تصویر از قبل موجود است: Pasted image 20260124145142.png
[2026-02-08 10:25:18] [INFO] ⏩ تصویر از قبل موجود است: Pasted image 20260124145046.png
[2026-02-08 10:25:18] [INFO] ⏩ تصویر از قبل موجود است: Pasted image 20260124145728.png
[2026-02-08 10:25:18] [INFO] ⏩ تصویر از قبل موجود است: Pasted image 20260124145637.png
[2026-02-08 10:25:18] [INFO] ⏩ تصویر از قبل موجود است: Pasted image 20260124145939.png
[2026-02-08 10:25:18] [INFO] ⏩ تصویر از قبل موجود است: Pasted image 20260124150057.png
[2026-02-08 10:25:18] [INFO] ⏩ تصویر از قبل موجود است: Pasted image 20260124150216.png
[2026-02-08 10:25:18] [INFO] ⏩ تصویر از قبل موجود است: Pasted image 20260124154039.png
[2026-02-08 10:25:18] [INFO] ⏩ تصویر از قبل موجود است: Pasted image 20260124152136.png
[2026-02-08 10:25:18] [INFO] ⏩ تصویر از قبل موجود است: Pasted image 20260124152308.png
[2026-02-08 10:25:18] [INFO] ⏩ تصویر از قبل موجود است: Pasted image 20260124154053.png
[2026-02-08 10:25:18] [INFO] ⏩ تصویر از قبل موجود است: Pasted image 20260124154104.png
[2026-02-08 10:25:18] [INFO] ⏩ تصویر از قبل موجود است: Pasted image 20260124154111.png
[2026-02-08 10:25:18] [INFO] ⏩ تصویر از قبل موجود است: Pasted image 20260124153908.png
[2026-02-08 10:25:18] [INFO] ⏩ تصویر از قبل موجود است: Pasted image 20260124152502.png
[2026-02-08 10:25:18] [INFO] ⏩ تصویر از قبل موجود است: Pasted image 20260124153624.png
[2026-02-08 10:25:18] [INFO] ⏩ تصویر از قبل موجود است: Pasted image 20260124153603.png
[2026-02-08 10:25:18] [INFO] ⏩ تصویر از قبل موجود است: Pasted image 20260124153223.png
[2026-02-08 10:25:18] [INFO] ⏩ تصویر از قبل موجود است: Pasted image 20260124153448.png
[2026-02-08 10:25:18] [INFO] ⏩ تصویر از قبل موجود است: Pasted image 20260124153530.png
[2026-02-08 10:25:18] [INFO] ⏩ تصویر از قبل موجود است: Pasted image 20260124154938.png
[2026-02-08 10:25:18] [INFO] ⏩ تصویر از قبل موجود است: Pasted image 20260124155355.png
[2026-02-08 10:25:18] [INFO] ⏩ تصویر از قبل موجود است: Pasted image 20260124155312.png
[2026-02-08 10:25:18] [INFO] ⏩ تصویر از قبل موجود است: Pasted image 20260124155759.png
[2026-02-08 10:25:18] [INFO] ⏩ تصویر از قبل موجود است: Pasted image 20260124160154.png
[2026-02-08 10:25:18] [INFO] ⏩ تصویر از قبل موجود است: Pasted image 20260124160643.png
[2026-02-08 10:25:18] [INFO] ⏩ تصویر از قبل موجود است: Pasted image 20260124161636.png
[2026-02-08 10:25:18] [INFO] ⏩ تصویر از قبل موجود است: Pasted image 20260124161702.png
[2026-02-08 10:25:18] [INFO] ⏩ تصویر از قبل موجود است: Pasted image 20260124161851.png
[2026-02-08 10:25:18] [INFO] ⏩ تصویر از قبل موجود است: Pasted image 20260124162106.png
[2026-02-08 10:25:18] [INFO] ⏩ تصویر از قبل موجود است: Pasted image 20260124162208.png
[2026-02-08 10:25:18] [INFO] ⏩ تصویر از قبل موجود است: Pasted image 20260124163522.png
[2026-02-08 10:25:18] [INFO] ⏩ تصویر از قبل موجود است: Pasted image 20260124163544.png
[2026-02-08 10:25:18] [INFO] ⏩ تصویر از قبل موجود است: Pasted image 20260124163653.png
[2026-02-08 10:25:18] [INFO] ⏩ تصویر از قبل موجود است: Pasted image 20260124163748.png
[2026-02-08 10:25:18] [INFO] ⏩ تصویر از قبل موجود است: Pasted image 20260124163840.png
[2026-02-08 10:25:18] [INFO] ⏩ تصویر از قبل موجود است: Pasted image 20260124163944.png
[2026-02-08 10:25:18] [INFO] ⏩ تصویر از قبل موجود است: Pasted image 20260124172738.png
[2026-02-08 10:25:18] [INFO] ⏩ تصویر از قبل موجود است: Pasted image 20260124173013.png
[2026-02-08 10:25:18] [INFO] ⏩ تصویر از قبل موجود است: Pasted image 20260124173518.png
[2026-02-08 10:25:18] [INFO] ⏩ تصویر از قبل موجود است: Pasted image 20260124173723.png
[2026-02-08 10:25:18] [INFO] ⏩ تصویر از قبل موجود است: Pasted image 20260124172500.png
[2026-02-08 10:25:18] [INFO] ⏩ تصویر از قبل موجود است: Pasted image 20260124172519.png
[2026-02-08 10:25:18] [INFO] ⏩ تصویر از قبل موجود است: Pasted image 20260124174019.png
[2026-02-08 10:25:18] [INFO] ⏩ تصویر از قبل موجود است: Pasted image 20260124174202.png
[2026-02-08 10:25:18] [INFO] ⏩ تصویر از قبل موجود است: Pasted image 20260124174405.png
[2026-02-08 10:25:18] [INFO] ⏩ تصویر از قبل موجود است: Pasted image 20260124175043.png
[2026-02-08 10:25:18] [INFO] ⏩ تصویر از قبل موجود است: Pasted image 20260124175512.png
[2026-02-08 10:25:18] [INFO] ⏩ تصویر از قبل موجود است: Pasted image 20260124175739.png
[2026-02-08 10:25:18] [INFO] ⏩ تصویر از قبل موجود است: Pasted image 20260124175819.png
[2026-02-08 10:25:18] [INFO] ⏩ تصویر از قبل موجود است: Pasted image 20260124175956.png
[2026-02-08 10:25:18] [INFO] ⏩ تصویر از قبل موجود است: Pasted image 20260124175950.png
[2026-02-08 10:25:18] [INFO] ⏩ تصویر از قبل موجود است: Pasted image 20260124180229.png
[2026-02-08 10:25:18] [INFO] ⏩ تصویر از قبل موجود است: Pasted image 20260124180915.png
[2026-02-08 10:25:18] [INFO] ⏩ تصویر از قبل موجود است: Pasted image 20260124181344.png
[2026-02-08 10:25:18] [INFO] ⏩ تصویر از قبل موجود است: Pasted image 20260124181437.png
[2026-02-08 10:25:18] [INFO] ⏩ تصویر از قبل موجود است: Pasted image 20260124181545.png
[2026-02-08 10:25:18] [INFO] ⏩ تصویر از قبل موجود است: Pasted image 20260124181139.png
[2026-02-08 10:25:18] [INFO] ⏩ تصویر از قبل موجود است: Pasted image 20260124181251.png
[2026-02-08 10:25:18] [INFO] ⏩ تصویر از قبل موجود است: Pasted image 20260124181648.png
[2026-02-08 10:25:18] [INFO] ⏩ تصویر از قبل موجود است: Pasted image 20260124182300.png
[2026-02-08 10:25:18] [INFO] ⏩ تصویر از قبل موجود است: Pasted image 20260124182651.png
[2026-02-08 10:25:18] [INFO] ⏩ تصویر از قبل موجود است: Pasted image 20260124182837.png
[2026-02-08 10:25:18] [INFO] ⏩ تصویر از قبل موجود است: Pasted image 20260124182833.png
[2026-02-08 10:25:18] [INFO] ⏩ تصویر از قبل موجود است: Pasted image 20260124183055.png
[2026-02-08 10:25:18] [INFO] ⏩ تصویر از قبل موجود است: Pasted image 20260124183450.png
[2026-02-08 10:25:18] [INFO] ⏩ تصویر از قبل موجود است: Pasted image 20260124183634.png
[2026-02-08 10:25:18] [INFO] ⏩ تصویر از قبل موجود است: Pasted image 20260124183557.png
[2026-02-08 10:25:18] [INFO] ⏩ تصویر از قبل موجود است: Pasted image 20260124183904.png
[2026-02-08 10:25:18] [INFO] ⏩ تصویر از قبل موجود است: Pasted image 20260124184049.png
[2026-02-08 10:25:18] [INFO] ⏩ تصویر از قبل موجود است: Pasted image 20260124185531.png
[2026-02-08 10:25:18] [INFO] ⏩ تصویر از قبل موجود است: Pasted image 20260124193310.png
[2026-02-08 10:25:18] [INFO] ⏩ تصویر از قبل موجود است: Pasted image 20260124193417.png
[2026-02-08 10:25:18] [INFO] ⏩ تصویر از قبل موجود است: Pasted image 20260124193253.png
[2026-02-08 10:25:18] [INFO] ⏩ تصویر از قبل موجود است: Pasted image 20260124190556.png
[2026-02-08 10:25:18] [INFO] ⏩ تصویر از قبل موجود است: Pasted image 20260124191056.png
[2026-02-08 10:25:18] [INFO] ⏩ تصویر از قبل موجود است: Pasted image 20260124191129.png
[2026-02-08 10:25:18] [INFO] ⏩ تصویر از قبل موجود است: Pasted image 20260124191206.png
[2026-02-08 10:25:18] [INFO] ⏩ تصویر از قبل موجود است: Pasted image 20260124193549.png
[2026-02-08 10:25:18] [INFO] ⏩ تصویر از قبل موجود است: Pasted image 20260124193546.png
[2026-02-08 10:25:18] [INFO] ⏩ تصویر از قبل موجود است: Pasted image 20260124190159.png
[2026-02-08 10:25:18] [INFO] ⏩ تصویر از قبل موجود است: Pasted image 20260124185754.png
[2026-02-08 10:25:18] [INFO] ⏩ تصویر از قبل موجود است: Pasted image 20260124191952.png
[2026-02-08 10:25:18] [INFO] ⏩ تصویر از قبل موجود است: Pasted image 20260124192240.png
[2026-02-08 10:25:18] [INFO] ⏩ تصویر از قبل موجود است: Pasted image 20260124192252.png
[2026-02-08 10:25:18] [INFO] ⏩ تصویر از قبل موجود است: Pasted image 20260124192305.png
[2026-02-08 10:25:18] [INFO] ⏩ تصویر از قبل موجود است: Pasted image 20260124192748.png
[2026-02-08 10:25:18] [INFO] ⏩ تصویر از قبل موجود است: Pasted image 20260124192904.png
[2026-02-08 10:25:18] [INFO] ⏩ تصویر از قبل موجود است: Pasted image 20260124185932.png
[2026-02-08 10:25:18] [INFO] ⏩ تصویر از قبل موجود است: Pasted image 20260126190618.png
[2026-02-08 10:25:18] [INFO] ⏩ تصویر از قبل موجود است: Pasted image 20260126185811.png
[2026-02-08 10:25:18] [INFO] ⏩ تصویر از قبل موجود است: Pasted image 20260126185940.png
[2026-02-08 10:25:18] [INFO] ⏩ تصویر از قبل موجود است: Pasted image 20260126190056.png
[2026-02-08 10:25:18] [INFO] ⏩ تصویر از قبل موجود است: Pasted image 20260126190436.png
[2026-02-08 10:25:18] [INFO] ⏩ تصویر از قبل موجود است: Pasted image 20260126190740.png
[2026-02-08 10:25:18] [INFO] ⏩ تصویر از قبل موجود است: Pasted image 20260126190700.png
[2026-02-08 10:25:18] [INFO] ⏩ تصویر از قبل موجود است: Pasted image 20260126190838.png
[2026-02-08 10:25:18] [INFO] ⏩ تصویر از قبل موجود است: Pasted image 20260126190939.png
[2026-02-08 10:25:18] [INFO] ⏩ تصویر از قبل موجود است: Pasted image 20260126191947.png
[2026-02-08 10:25:18] [INFO] ⏩ تصویر از قبل موجود است: Pasted image 20260126192041.png
[2026-02-08 10:25:18] [INFO] ⏩ تصویر از قبل موجود است: Pasted image 20260126192713.png
[2026-02-08 10:25:18] [INFO] ⏩ تصویر از قبل موجود است: Pasted image 20260126192951.png
[2026-02-08 10:25:18] [INFO] ⏩ تصویر از قبل موجود است: Pasted image 20260126193101.png
[2026-02-08 10:25:18] [INFO] ⏩ تصویر از قبل موجود است: Pasted image 20260126193539.png
[2026-02-08 10:25:18] [INFO] ⏩ تصویر از قبل موجود است: Pasted image 20260126193404.png
[2026-02-08 10:25:18] [INFO] ⏩ تصویر از قبل موجود است: Pasted image 20260126193435.png
[2026-02-08 10:25:18] [INFO] ⏩ تصویر از قبل موجود است: Pasted image 20260126193758.png
[2026-02-08 10:25:18] [INFO] ⏩ تصویر از قبل موجود است: Pasted image 20260126194114.png
[2026-02-08 10:25:18] [INFO] ⏩ تصویر از قبل موجود است: Pasted image 20260126194112.png
[2026-02-08 10:25:18] [INFO] ⏩ تصویر از قبل موجود است: Pasted image 20260126194243.png
[2026-02-08 10:25:18] [INFO] ⏩ تصویر از قبل موجود است: Pasted image 20260126194421.png
[2026-02-08 10:25:18] [INFO] ⏩ تصویر از قبل موجود است: Pasted image 20260126194828.png
[2026-02-08 10:25:18] [INFO] ⏩ تصویر از قبل موجود است: Pasted image 20260126195349.png
[2026-02-08 10:25:18] [INFO] ⏩ تصویر از قبل موجود است: Pasted image 20260126195455.png
[2026-02-08 10:25:18] [INFO] ⏩ تصویر از قبل موجود است: Pasted image 20260126195558.png
[2026-02-08 10:25:18] [INFO] ⏩ تصویر از قبل موجود است: Pasted image 20260126201220.png
[2026-02-08 10:25:18] [INFO] ⏩ تصویر از قبل موجود است: Pasted image 20260126201206.png
[2026-02-08 10:25:18] [INFO] ⏩ تصویر از قبل موجود است: Pasted image 20260126201831.png
[2026-02-08 10:25:18] [INFO] ⏩ تصویر از قبل موجود است: Pasted image 20260126201752.png
[2026-02-08 10:25:18] [INFO] ⏩ تصویر از قبل موجود است: Pasted image 20260126202318.png
[2026-02-08 10:25:18] [INFO] ⏩ تصویر از قبل موجود است: Pasted image 20260126202833.png
[2026-02-08 10:25:18] [INFO] ⏩ تصویر از قبل موجود است: Pasted image 20260126203036.png
[2026-02-08 10:25:18] [INFO] ⏩ تصویر از قبل موجود است: Pasted image 20260126203102.png
[2026-02-08 10:25:18] [INFO] ⏩ تصویر از قبل موجود است: Pasted image 20260126203238.png
[2026-02-08 10:25:18] [INFO] ⏩ تصویر از قبل موجود است: Pasted image 20260126203854.png
[2026-02-08 10:25:18] [INFO] ⏩ تصویر از قبل موجود است: Pasted image 20260126204028.png
[2026-02-08 10:25:18] [INFO] ⏩ تصویر از قبل موجود است: Pasted image 20260126203408.png
[2026-02-08 10:25:18] [INFO] ⏩ تصویر از قبل موجود است: Pasted image 20260126211617.png
[2026-02-08 10:25:18] [INFO] ⏩ تصویر از قبل موجود است: Pasted image 20260126210828.png
[2026-02-08 10:25:18] [INFO] ⏩ تصویر از قبل موجود است: Pasted image 20260126211251.png
[2026-02-08 10:25:18] [INFO] ⏩ تصویر از قبل موجود است: Pasted image 20260126211422.png
[2026-02-08 10:25:18] [INFO] ⏩ تصویر از قبل موجود است: Pasted image 20260126212540.png
[2026-02-08 10:25:18] [INFO] ⏩ تصویر از قبل موجود است: Pasted image 20260126212716.png
[2026-02-08 10:25:18] [INFO] ⏩ تصویر از قبل موجود است: Pasted image 20260121201718.png
[2026-02-08 10:25:18] [INFO] ⏩ تصویر از قبل موجود است: Pasted image 20260121201756.png
[2026-02-08 10:25:18] [INFO] ⏩ تصویر از قبل موجود است: Pasted image 20260121202814.png
[2026-02-08 10:25:18] [INFO] ⏩ تصویر از قبل موجود است: Pasted image 20260121203033.png
[2026-02-08 10:25:18] [INFO] ⏩ تصویر از قبل موجود است: Pasted image 20260121203830.png
[2026-02-08 10:25:18] [INFO] ⏩ تصویر از قبل موجود است: Pasted image 20260121204735.png
[2026-02-08 10:25:18] [INFO] ⏩ تصویر از قبل موجود است: Pasted image 20260121205633.png
[2026-02-08 10:25:18] [INFO] ⏩ تصویر از قبل موجود است: Pasted image 20260121211216.png
[2026-02-08 10:25:18] [INFO] ⏩ تصویر از قبل موجود است: Pasted image 20260121213241.png
[2026-02-08 10:25:18] [INFO] ⏩ تصویر از قبل موجود است: Pasted image 20260121213713.png
[2026-02-08 10:25:18] [INFO] ⏩ تصویر از قبل موجود است: Pasted image 20260121213748.png
[2026-02-08 10:25:18] [INFO] ⏩ تصویر از قبل موجود است: Pasted image 20260121214439.png
[2026-02-08 10:25:18] [INFO] ⏩ تصویر از قبل موجود است: Pasted image 20260121214451.png
[2026-02-08 10:25:18] [INFO] ⏩ تصویر از قبل موجود است: Pasted image 20260121214609.png
[2026-02-08 10:25:18] [INFO] ⏩ تصویر از قبل موجود است: Pasted image 20260121215524.png
[2026-02-08 10:25:18] [INFO] ⏩ تصویر از قبل موجود است: Pasted image 20260121215603.png
[2026-02-08 10:25:18] [INFO] ⏩ تصویر از قبل موجود است: Pasted image 20260121215801.png
[2026-02-08 10:25:18] [INFO] ⏩ تصویر از قبل موجود است: Pasted image 20260121215905.png
[2026-02-08 10:25:18] [INFO] ⏩ تصویر از قبل موجود است: Pasted image 20260121215956.png
[2026-02-08 10:25:18] [INFO] ⏩ تصویر از قبل موجود است: Pasted image 20260121220614.png
[2026-02-08 10:25:18] [INFO] ⏩ تصویر از قبل موجود است: Pasted image 20260121220708.png
[2026-02-08 10:25:18] [INFO] ⏩ تصویر از قبل موجود است: Pasted image 20260121221423.png
[2026-02-08 10:25:18] [INFO] ⏩ تصویر از قبل موجود است: Pasted image 20260121221820.png
[2026-02-08 10:25:18] [INFO] ⏩ تصویر از قبل موجود است: Pasted image 20260121221838.png
[2026-02-08 10:25:18] [INFO] ⏩ تصویر از قبل موجود است: Pasted image 20260121222922.png
[2026-02-08 10:25:18] [INFO] ⏩ تصویر از قبل موجود است: Pasted image 20260121223507.png
[2026-02-08 10:25:18] [INFO] ⏩ تصویر از قبل موجود است: Pasted image 20260121223719.png
[2026-02-08 10:25:18] [INFO] ⏩ تصویر از قبل موجود است: Pasted image 20260121223934.png
[2026-02-08 10:25:18] [INFO] ⏩ تصویر از قبل موجود است: Pasted image 20260122144812.png
[2026-02-08 10:25:18] [INFO] ⏩ تصویر از قبل موجود است: Pasted image 20260122151101.png
[2026-02-08 10:25:18] [INFO] ⏩ تصویر از قبل موجود است: Pasted image 20260122151246.png
[2026-02-08 10:25:18] [INFO] ⏩ تصویر از قبل موجود است: Pasted image 20260122151636.png
[2026-02-08 10:25:18] [INFO] ⏩ تصویر از قبل موجود است: Pasted image 20260122152501.png
[2026-02-08 10:25:18] [INFO] ⏩ تصویر از قبل موجود است: Pasted image 20260122153117.png
[2026-02-08 10:25:18] [INFO] ⏩ تصویر از قبل موجود است: Pasted image 20260122155153.png
[2026-02-08 10:25:18] [INFO] ⏩ تصویر از قبل موجود است: Pasted image 20260122155348.png
[2026-02-08 10:25:18] [INFO] ⏩ تصویر از قبل موجود است: Pasted image 20260122162401.png
[2026-02-08 10:25:18] [INFO] ⏩ تصویر از قبل موجود است: Pasted image 20260122170250.png
[2026-02-08 10:25:18] [INFO] ⏩ تصویر از قبل موجود است: Pasted image 20260122170548.png
[2026-02-08 10:25:18] [INFO] ⏩ تصویر از قبل موجود است: Pasted image 20260122170846.png
[2026-02-08 10:25:18] [INFO] ⏩ تصویر از قبل موجود است: Pasted image 20260122171513.png
[2026-02-08 10:25:18] [INFO] ⏩ تصویر از قبل موجود است: Pasted image 20260122172108.png
[2026-02-08 10:25:18] [INFO] ⏩ تصویر از قبل موجود است: Pasted image 20260122173410.png
[2026-02-08 10:25:18] [INFO] ⏩ تصویر از قبل موجود است: Pasted image 20260122173609.png
[2026-02-08 10:25:18] [INFO] ⏩ تصویر از قبل موجود است: Pasted image 20260122173907.png
[2026-02-08 10:25:18] [INFO] ⏩ تصویر از قبل موجود است: Pasted image 20260122180033.png
[2026-02-08 10:25:18] [INFO] ⏩ تصویر از قبل موجود است: Pasted image 20260122180141.png
[2026-02-08 10:25:18] [INFO] ⏩ تصویر از قبل موجود است: Pasted image 20260122180336.png
[2026-02-08 10:25:18] [INFO] ⏩ تصویر از قبل موجود است: Pasted image 20260122180519.png
[2026-02-08 10:25:18] [INFO] ⏩ تصویر از قبل موجود است: Pasted image 20260122180535.png
[2026-02-08 10:25:18] [INFO] ⏩ تصویر از قبل موجود است: Pasted image 20260122212030.png
[2026-02-08 10:25:18] [INFO] ⏩ تصویر از قبل موجود است: Pasted image 20260122212638.png
[2026-02-08 10:25:18] [INFO] ⏩ تصویر از قبل موجود است: Pasted image 20260122213042.png
[2026-02-08 10:25:18] [INFO] ⏩ تصویر از قبل موجود است: Pasted image 20260122213723.png
[2026-02-08 10:25:18] [INFO] ⏩ تصویر از قبل موجود است: Pasted image 20260122214325.png
[2026-02-08 10:25:18] [INFO] ⏩ تصویر از قبل موجود است: Pasted image 20260123153817.png
[2026-02-08 10:25:18] [INFO] ⏩ تصویر از قبل موجود است: Pasted image 20260123161202.png
[2026-02-08 10:25:18] [INFO] ⏩ تصویر از قبل موجود است: Pasted image 20260123175336.png
[2026-02-08 10:25:18] [INFO] ⏩ تصویر از قبل موجود است: Pasted image 20260123181427.png
[2026-02-08 10:25:18] [INFO] ⏩ تصویر از قبل موجود است: Pasted image 20260123182621.png
[2026-02-08 10:25:18] [INFO] 
============================================================
[2026-02-08 10:25:18] [INFO] 📊 آمار نهایی:
[2026-02-08 10:25:18] [INFO] ============================================================
[2026-02-08 10:25:18] [INFO] 📁 فایل‌های اسکن شده: 58
[2026-02-08 10:25:18] [INFO] 📝 فایل‌های ویرایش شده: 1
[2026-02-08 10:25:18] [INFO] 🖼️  تصاویر پیدا شده: 29
[2026-02-08 10:25:18] [INFO] 🔄 تصاویر تبدیل شده: 20
[2026-02-08 10:25:18] [INFO] 📦 تصاویر کپی شده: 0
[2026-02-08 10:25:18] [INFO] ⏩ تصاویر رد شده (از قبل موجود): 587
[2026-02-08 10:25:18] [INFO] ❌ خطاها: 0
[2026-02-08 10:25:18] [INFO] 📋 تعداد کل تصاویر در JSON: 587
[2026-02-08 10:25:18] [INFO] ============================================================
[2026-02-08 10:25:18] [INFO] 
✅ تبدیل موفقیت‌آمیز بود!
[2026-02-08 10:25:18] [INFO] 📋 تصاویر پردازش شده در: processed_images.json
[2026-02-08 10:25:18] [INFO] 📋 لاگ کامل در: image_conversion.log
[2026-02-08 10:25:18] [INFO] 
📄 گزارش خلاصه ایجاد شد: image_conversion_report.txt
[2026-02-08 10:25:18] [INFO] 
✅ فرآیند به پایان رسید
[2026-02-08 10:25:18] [INFO] ============================================================

