[2026-02-08 12:18:22] [INFO] ============================================================
[2026-02-08 12:18:22] [INFO] Starting image migration process
[2026-02-08 12:18:22] [INFO] ============================================================
[2026-02-08 12:18:22] [INFO] 
============================================================
[2026-02-08 12:18:22] [INFO] PATH VERIFICATION:
[2026-02-08 12:18:22] [INFO] ============================================================
[2026-02-08 12:18:22] [INFO] Current directory: H:\Repo\Hugo\davoodya
[2026-02-08 12:18:22] [INFO] + Content directory: H:\Repo\Hugo\davoodya\content
[2026-02-08 12:18:22] [INFO] + Static directory: H:\Repo\Hugo\davoodya\static/images
[2026-02-08 12:18:22] [INFO] + Obsidian directory: H:\Files\Obsidian\Handouts\VaultData\Attachments
[2026-02-08 12:18:22] [INFO] ============================================================
[2026-02-08 12:18:22] [INFO] + Obsidian directory found: H:\Files\Obsidian\Handouts\VaultData\Attachments
[2026-02-08 12:18:22] [INFO] + Total images in Obsidian: 11084
[2026-02-08 12:18:22] [INFO] No previous JSON file found - starting fresh
[2026-02-08 12:18:22] [INFO] 
============================================================
[2026-02-08 12:18:22] [INFO] PHASE 1: Scanning markdown files for images...
[2026-02-08 12:18:22] [INFO] ============================================================
[2026-02-08 12:18:22] [INFO] 
[File] content\cyber-security\SANS-401\SANS-401-E0, E1 - (Introduction & Prepare Lab).md
[2026-02-08 12:18:22] [INFO]   Category: cyber-security
[2026-02-08 12:18:22] [INFO]   Found 8 image(s)
[2026-02-08 12:18:22] [INFO] 
[File] content\cyber-security\SANS-401\SANS-401-E2 - Networking and Protocols (401.1).md
[2026-02-08 12:18:22] [INFO]   Category: cyber-security
[2026-02-08 12:18:22] [INFO]   Found 13 image(s)
[2026-02-08 12:18:22] [INFO] 
[File] content\cyber-security\SANS-401\SANS-401-E3 - Virtualization & Cloud Infrastructure(401.1).md
[2026-02-08 12:18:22] [INFO]   Category: cyber-security
[2026-02-08 12:18:22] [INFO]   Found 14 image(s)
[2026-02-08 12:18:22] [INFO] 
[File] content\cyber-security\SANS-401\SANS-401-E4, E5, E6 - Wireless, Aircrack-ng, Wireshark (401.1).md
[2026-02-08 12:18:22] [INFO]   Category: cyber-security
[2026-02-08 12:18:22] [INFO]   Found 12 image(s)
[2026-02-08 12:18:22] [INFO] 
[File] content\cyber-security\SANS-401\SANS-401-E7- Defense-in-Depth (401.2).md
[2026-02-08 12:18:22] [INFO]   Category: cyber-security
[2026-02-08 12:18:22] [INFO]   Found 9 image(s)
[2026-02-08 12:18:22] [INFO] 
[File] content\cyber-security\SANS-401\SANS-401-E8, E9 - Password Cracking.md
[2026-02-08 12:18:22] [INFO]   Category: cyber-security
[2026-02-08 12:18:22] [INFO]   Found 30 image(s)
[2026-02-08 12:18:22] [INFO] 
[File] content\linux\60 Commands Hacker Should Know it.md
[2026-02-08 12:18:22] [INFO]   Category: linux
[2026-02-08 12:18:22] [INFO]   Found 24 image(s)
[2026-02-08 12:18:22] [INFO] 
[File] content\seo\0-SEO-Theories\E1 to E5 - SEO Intro, Search Engines, Keywords.md
[2026-02-08 12:18:22] [INFO]   Category: seo
[2026-02-08 12:18:22] [INFO]   Found 11 image(s)
[2026-02-08 12:18:22] [INFO] 
[File] content\seo\0-SEO-Theories\E10, E11, - Content SEO, Important Website Pages.md
[2026-02-08 12:18:22] [INFO]   Category: seo
[2026-02-08 12:18:22] [INFO]   Found 10 image(s)
[2026-02-08 12:18:22] [INFO] 
[File] content\seo\0-SEO-Theories\E12- Woorank(Check Website SEO).md
[2026-02-08 12:18:22] [INFO]   Category: seo
[2026-02-08 12:18:22] [INFO]   Found 12 image(s)
[2026-02-08 12:18:22] [INFO] 
[File] content\seo\0-SEO-Theories\E13 - Good Contents for SEO.md
[2026-02-08 12:18:22] [INFO]   Category: seo
[2026-02-08 12:18:22] [INFO]   Found 3 image(s)
[2026-02-08 12:18:22] [INFO] 
[File] content\seo\0-SEO-Theories\E15 - Page Rank.md
[2026-02-08 12:18:22] [INFO]   Category: seo
[2026-02-08 12:18:22] [INFO]   Found 2 image(s)
[2026-02-08 12:18:22] [INFO] 
[File] content\seo\0-SEO-Theories\E16 - Page Authority & Domain Authority.md
[2026-02-08 12:18:22] [INFO]   Category: seo
[2026-02-08 12:18:22] [INFO]   Found 3 image(s)
[2026-02-08 12:18:22] [INFO] 
[File] content\seo\0-SEO-Theories\E17 - Backlinks.md
[2026-02-08 12:18:22] [INFO]   Category: seo
[2026-02-08 12:18:22] [INFO]   Found 1 image(s)
[2026-02-08 12:18:22] [INFO] 
[File] content\seo\0-SEO-Theories\E6 to E9 - Find Keywords,  Website Structure & Necessary HTML Tags for SEO.md
[2026-02-08 12:18:22] [INFO]   Category: seo
[2026-02-08 12:18:22] [INFO]   Found 33 image(s)
[2026-02-08 12:18:22] [INFO] 
[File] content\tools\MSFConsole Commands.md
[2026-02-08 12:18:22] [INFO]   Category: tools
[2026-02-08 12:18:22] [INFO]   Found 43 image(s)
[2026-02-08 12:18:22] [INFO] 
[File] content\tools\Burpsuite\1-Install Burpsuite.md
[2026-02-08 12:18:22] [INFO]   Category: tools
[2026-02-08 12:18:22] [INFO]   Found 12 image(s)
[2026-02-08 12:18:22] [INFO] 
[File] content\tools\Burpsuite\2-Change HTTP Data & Bypass Parameters.md
[2026-02-08 12:18:22] [INFO]   Category: tools
[2026-02-08 12:18:22] [INFO]   Found 6 image(s)
[2026-02-08 12:18:22] [INFO] 
============================================================
[2026-02-08 12:18:22] [INFO] SUMMARY: Found 246 image references
[2026-02-08 12:18:22] [INFO]          (246 unique images)
[2026-02-08 12:18:22] [INFO] ============================================================
[2026-02-08 12:18:22] [INFO] 
============================================================
[2026-02-08 12:18:22] [INFO] PHASE 2: Copying images from Obsidian...
[2026-02-08 12:18:22] [INFO] ============================================================
[2026-02-08 12:18:22] [INFO] + Created directory: static/images\tools
[2026-02-08 12:18:22] [INFO]   + Copied: Pasted image 20231206125905.png
[2026-02-08 12:18:22] [INFO]     -> Pastedimage20231206125905.png
[2026-02-08 12:18:22] [INFO]     (Renamed: removed spaces)
[2026-02-08 12:18:22] [INFO]   + Copied: Pasted image 20231206130557.png
[2026-02-08 12:18:22] [INFO]     -> Pastedimage20231206130557.png
[2026-02-08 12:18:22] [INFO]     (Renamed: removed spaces)
[2026-02-08 12:18:22] [INFO]   + Copied: Pasted image 20231206131615.png
[2026-02-08 12:18:22] [INFO]     -> Pastedimage20231206131615.png
[2026-02-08 12:18:22] [INFO]     (Renamed: removed spaces)
[2026-02-08 12:18:22] [INFO]   + Copied: Pasted image 20231206131818.png
[2026-02-08 12:18:22] [INFO]     -> Pastedimage20231206131818.png
[2026-02-08 12:18:22] [INFO]     (Renamed: removed spaces)
[2026-02-08 12:18:22] [INFO]   + Copied: Pasted image 20231206131938.png
[2026-02-08 12:18:22] [INFO]     -> Pastedimage20231206131938.png
[2026-02-08 12:18:22] [INFO]     (Renamed: removed spaces)
[2026-02-08 12:18:22] [INFO]   + Copied: Pasted image 20231206132303.png
[2026-02-08 12:18:22] [INFO]     -> Pastedimage20231206132303.png
[2026-02-08 12:18:22] [INFO]     (Renamed: removed spaces)
[2026-02-08 12:18:22] [INFO]   + Copied: Pasted image 20231206132745.png
[2026-02-08 12:18:22] [INFO]     -> Pastedimage20231206132745.png
[2026-02-08 12:18:22] [INFO]     (Renamed: removed spaces)
[2026-02-08 12:18:22] [INFO]   + Copied: Pasted image 20231206132830.png
[2026-02-08 12:18:22] [INFO]     -> Pastedimage20231206132830.png
[2026-02-08 12:18:22] [INFO]     (Renamed: removed spaces)
[2026-02-08 12:18:22] [INFO]   + Copied: Pasted image 20231206133019.png
[2026-02-08 12:18:22] [INFO]     -> Pastedimage20231206133019.png
[2026-02-08 12:18:22] [INFO]     (Renamed: removed spaces)
[2026-02-08 12:18:22] [INFO]   + Copied: Pasted image 20231206133709.png
[2026-02-08 12:18:22] [INFO]     -> Pastedimage20231206133709.png
[2026-02-08 12:18:22] [INFO]     (Renamed: removed spaces)
[2026-02-08 12:18:22] [INFO]   + Copied: Pasted image 20231206134110.png
[2026-02-08 12:18:22] [INFO]     -> Pastedimage20231206134110.png
[2026-02-08 12:18:22] [INFO]     (Renamed: removed spaces)
[2026-02-08 12:18:22] [INFO]   + Copied: Pasted image 20231206134213.png
[2026-02-08 12:18:22] [INFO]     -> Pastedimage20231206134213.png
[2026-02-08 12:18:22] [INFO]     (Renamed: removed spaces)
[2026-02-08 12:18:22] [INFO]   + Copied: Pasted image 20231206140108.png
[2026-02-08 12:18:22] [INFO]     -> Pastedimage20231206140108.png
[2026-02-08 12:18:22] [INFO]     (Renamed: removed spaces)
[2026-02-08 12:18:22] [INFO]   + Copied: Pasted image 20231206140614.png
[2026-02-08 12:18:22] [INFO]     -> Pastedimage20231206140614.png
[2026-02-08 12:18:22] [INFO]     (Renamed: removed spaces)
[2026-02-08 12:18:22] [INFO]   + Copied: Pasted image 20231206140859.png
[2026-02-08 12:18:22] [INFO]     -> Pastedimage20231206140859.png
[2026-02-08 12:18:22] [INFO]     (Renamed: removed spaces)
[2026-02-08 12:18:22] [INFO]   + Copied: Pasted image 20231206141110.png
[2026-02-08 12:18:22] [INFO]     -> Pastedimage20231206141110.png
[2026-02-08 12:18:22] [INFO]     (Renamed: removed spaces)
[2026-02-08 12:18:22] [INFO]   + Copied: Pasted image 20231206141215.png
[2026-02-08 12:18:22] [INFO]     -> Pastedimage20231206141215.png
[2026-02-08 12:18:22] [INFO]     (Renamed: removed spaces)
[2026-02-08 12:18:22] [INFO]   + Copied: Pasted image 20231206142326.png
[2026-02-08 12:18:22] [INFO]     -> Pastedimage20231206142326.png
[2026-02-08 12:18:22] [INFO]     (Renamed: removed spaces)
[2026-02-08 12:18:22] [INFO] + Created directory: static/images\cyber-security
[2026-02-08 12:18:22] [INFO]   + Copied: Pasted image 20240620162926.png
[2026-02-08 12:18:22] [INFO]     -> Pastedimage20240620162926.png
[2026-02-08 12:18:22] [INFO]     (Renamed: removed spaces)
[2026-02-08 12:18:22] [INFO]   + Copied: Pasted image 20240620163247.png
[2026-02-08 12:18:22] [INFO]     -> Pastedimage20240620163247.png
[2026-02-08 12:18:22] [INFO]     (Renamed: removed spaces)
[2026-02-08 12:18:22] [INFO]   + Copied: Pasted image 20240620163325.png
[2026-02-08 12:18:22] [INFO]     -> Pastedimage20240620163325.png
[2026-02-08 12:18:22] [INFO]     (Renamed: removed spaces)
[2026-02-08 12:18:22] [INFO]   + Copied: Pasted image 20240620163445.png
[2026-02-08 12:18:22] [INFO]     -> Pastedimage20240620163445.png
[2026-02-08 12:18:22] [INFO]     (Renamed: removed spaces)
[2026-02-08 12:18:22] [INFO]   + Copied: Pasted image 20240620163844.png
[2026-02-08 12:18:22] [INFO]     -> Pastedimage20240620163844.png
[2026-02-08 12:18:22] [INFO]     (Renamed: removed spaces)
[2026-02-08 12:18:22] [INFO]   + Copied: Pasted image 20240620164103.png
[2026-02-08 12:18:22] [INFO]     -> Pastedimage20240620164103.png
[2026-02-08 12:18:22] [INFO]     (Renamed: removed spaces)
[2026-02-08 12:18:22] [INFO]   + Copied: Pasted image 20240620164251.png
[2026-02-08 12:18:22] [INFO]     -> Pastedimage20240620164251.png
[2026-02-08 12:18:22] [INFO]     (Renamed: removed spaces)
[2026-02-08 12:18:22] [INFO]   + Copied: Pasted image 20240620164453.png
[2026-02-08 12:18:22] [INFO]     -> Pastedimage20240620164453.png
[2026-02-08 12:18:22] [INFO]     (Renamed: removed spaces)
[2026-02-08 12:18:22] [INFO]   + Copied: Pasted image 20240620165523.png
[2026-02-08 12:18:22] [INFO]     -> Pastedimage20240620165523.png
[2026-02-08 12:18:22] [INFO]     (Renamed: removed spaces)
[2026-02-08 12:18:22] [INFO]   + Copied: Pasted image 20240620165923.png
[2026-02-08 12:18:22] [INFO]     -> Pastedimage20240620165923.png
[2026-02-08 12:18:22] [INFO]     (Renamed: removed spaces)
[2026-02-08 12:18:22] [INFO]   + Copied: Pasted image 20240620170018.png
[2026-02-08 12:18:22] [INFO]     -> Pastedimage20240620170018.png
[2026-02-08 12:18:22] [INFO]     (Renamed: removed spaces)
[2026-02-08 12:18:22] [INFO]   + Copied: Pasted image 20240620170629.png
[2026-02-08 12:18:22] [INFO]     -> Pastedimage20240620170629.png
[2026-02-08 12:18:22] [INFO]     (Renamed: removed spaces)
[2026-02-08 12:18:22] [INFO]   + Copied: Pasted image 20240620171105.png
[2026-02-08 12:18:22] [INFO]     -> Pastedimage20240620171105.png
[2026-02-08 12:18:22] [INFO]     (Renamed: removed spaces)
[2026-02-08 12:18:22] [INFO]   + Copied: Pasted image 20240620174957.png
[2026-02-08 12:18:22] [INFO]     -> Pastedimage20240620174957.png
[2026-02-08 12:18:22] [INFO]     (Renamed: removed spaces)
[2026-02-08 12:18:22] [INFO]   + Copied: Pasted image 20240620175001.png
[2026-02-08 12:18:22] [INFO]     -> Pastedimage20240620175001.png
[2026-02-08 12:18:22] [INFO]     (Renamed: removed spaces)
[2026-02-08 12:18:22] [INFO]   + Copied: Pasted image 20240620175636.png
[2026-02-08 12:18:22] [INFO]     -> Pastedimage20240620175636.png
[2026-02-08 12:18:22] [INFO]     (Renamed: removed spaces)
[2026-02-08 12:18:22] [INFO]   + Copied: Pasted image 20240620180042.png
[2026-02-08 12:18:22] [INFO]     -> Pastedimage20240620180042.png
[2026-02-08 12:18:22] [INFO]     (Renamed: removed spaces)
[2026-02-08 12:18:22] [INFO]   + Copied: Pasted image 20240620181147.png
[2026-02-08 12:18:22] [INFO]     -> Pastedimage20240620181147.png
[2026-02-08 12:18:22] [INFO]     (Renamed: removed spaces)
[2026-02-08 12:18:22] [INFO]   + Copied: Pasted image 20240620181551.png
[2026-02-08 12:18:22] [INFO]     -> Pastedimage20240620181551.png
[2026-02-08 12:18:22] [INFO]     (Renamed: removed spaces)
[2026-02-08 12:18:22] [INFO]   + Copied: Pasted image 20240620182037.png
[2026-02-08 12:18:22] [INFO]     -> Pastedimage20240620182037.png
[2026-02-08 12:18:22] [INFO]     (Renamed: removed spaces)
[2026-02-08 12:18:22] [INFO]   + Copied: Pasted image 20240620182614.png
[2026-02-08 12:18:22] [INFO]     -> Pastedimage20240620182614.png
[2026-02-08 12:18:22] [INFO]     (Renamed: removed spaces)
[2026-02-08 12:18:22] [INFO]   + Copied: Pasted image 20240620183121.png
[2026-02-08 12:18:22] [INFO]     -> Pastedimage20240620183121.png
[2026-02-08 12:18:22] [INFO]     (Renamed: removed spaces)
[2026-02-08 12:18:22] [INFO]   + Copied: Pasted image 20240620183204.png
[2026-02-08 12:18:22] [INFO]     -> Pastedimage20240620183204.png
[2026-02-08 12:18:22] [INFO]     (Renamed: removed spaces)
[2026-02-08 12:18:22] [INFO]   + Copied: Pasted image 20240620183227.png
[2026-02-08 12:18:22] [INFO]     -> Pastedimage20240620183227.png
[2026-02-08 12:18:22] [INFO]     (Renamed: removed spaces)
[2026-02-08 12:18:22] [INFO]   + Copied: Pasted image 20240620183242.png
[2026-02-08 12:18:22] [INFO]     -> Pastedimage20240620183242.png
[2026-02-08 12:18:22] [INFO]     (Renamed: removed spaces)
[2026-02-08 12:18:22] [INFO]   + Copied: Pasted image 20240620183352.png
[2026-02-08 12:18:22] [INFO]     -> Pastedimage20240620183352.png
[2026-02-08 12:18:22] [INFO]     (Renamed: removed spaces)
[2026-02-08 12:18:22] [INFO]   + Copied: Pasted image 20240620184519.png
[2026-02-08 12:18:22] [INFO]     -> Pastedimage20240620184519.png
[2026-02-08 12:18:22] [INFO]     (Renamed: removed spaces)
[2026-02-08 12:18:22] [INFO]   + Copied: Pasted image 20240620194028.png
[2026-02-08 12:18:22] [INFO]     -> Pastedimage20240620194028.png
[2026-02-08 12:18:22] [INFO]     (Renamed: removed spaces)
[2026-02-08 12:18:22] [INFO]   + Copied: Pasted image 20240620194123.png
[2026-02-08 12:18:22] [INFO]     -> Pastedimage20240620194123.png
[2026-02-08 12:18:22] [INFO]     (Renamed: removed spaces)
[2026-02-08 12:18:22] [INFO]   + Copied: Pasted image 20240620194240.png
[2026-02-08 12:18:22] [INFO]     -> Pastedimage20240620194240.png
[2026-02-08 12:18:22] [INFO]     (Renamed: removed spaces)
[2026-02-08 12:18:22] [INFO]   + Copied: Pasted image 20240620194553.png
[2026-02-08 12:18:22] [INFO]     -> Pastedimage20240620194553.png
[2026-02-08 12:18:22] [INFO]     (Renamed: removed spaces)
[2026-02-08 12:18:22] [INFO]   + Copied: Pasted image 20240620195702.png
[2026-02-08 12:18:22] [INFO]     -> Pastedimage20240620195702.png
[2026-02-08 12:18:22] [INFO]     (Renamed: removed spaces)
[2026-02-08 12:18:22] [INFO]   + Copied: Pasted image 20240620200538.png
[2026-02-08 12:18:22] [INFO]     -> Pastedimage20240620200538.png
[2026-02-08 12:18:22] [INFO]     (Renamed: removed spaces)
[2026-02-08 12:18:22] [INFO]   + Copied: Pasted image 20240620201106.png
[2026-02-08 12:18:22] [INFO]     -> Pastedimage20240620201106.png
[2026-02-08 12:18:22] [INFO]     (Renamed: removed spaces)
[2026-02-08 12:18:22] [INFO]   + Copied: Pasted image 20240620202009.png
[2026-02-08 12:18:22] [INFO]     -> Pastedimage20240620202009.png
[2026-02-08 12:18:22] [INFO]     (Renamed: removed spaces)
[2026-02-08 12:18:22] [INFO]   + Copied: Pasted image 20240620203510.png
[2026-02-08 12:18:22] [INFO]     -> Pastedimage20240620203510.png
[2026-02-08 12:18:22] [INFO]     (Renamed: removed spaces)
[2026-02-08 12:18:22] [INFO]   + Copied: Pasted image 20240620203819.png
[2026-02-08 12:18:22] [INFO]     -> Pastedimage20240620203819.png
[2026-02-08 12:18:22] [INFO]     (Renamed: removed spaces)
[2026-02-08 12:18:22] [INFO]   + Copied: Pasted image 20240620204019.png
[2026-02-08 12:18:22] [INFO]     -> Pastedimage20240620204019.png
[2026-02-08 12:18:22] [INFO]     (Renamed: removed spaces)
[2026-02-08 12:18:22] [INFO]   + Copied: Pasted image 20240620204807.png
[2026-02-08 12:18:22] [INFO]     -> Pastedimage20240620204807.png
[2026-02-08 12:18:22] [INFO]     (Renamed: removed spaces)
[2026-02-08 12:18:22] [INFO]   + Copied: Pasted image 20240620205025.png
[2026-02-08 12:18:22] [INFO]     -> Pastedimage20240620205025.png
[2026-02-08 12:18:22] [INFO]     (Renamed: removed spaces)
[2026-02-08 12:18:22] [INFO]   + Copied: Pasted image 20240621164752.png
[2026-02-08 12:18:22] [INFO]     -> Pastedimage20240621164752.png
[2026-02-08 12:18:22] [INFO]     (Renamed: removed spaces)
[2026-02-08 12:18:22] [INFO]   + Copied: Pasted image 20240621165857.png
[2026-02-08 12:18:22] [INFO]     -> Pastedimage20240621165857.png
[2026-02-08 12:18:22] [INFO]     (Renamed: removed spaces)
[2026-02-08 12:18:22] [INFO]   + Copied: Pasted image 20240621170039.png
[2026-02-08 12:18:22] [INFO]     -> Pastedimage20240621170039.png
[2026-02-08 12:18:22] [INFO]     (Renamed: removed spaces)
[2026-02-08 12:18:22] [INFO]   + Copied: Pasted image 20240621170041.png
[2026-02-08 12:18:22] [INFO]     -> Pastedimage20240621170041.png
[2026-02-08 12:18:22] [INFO]     (Renamed: removed spaces)
[2026-02-08 12:18:22] [INFO]   + Copied: Pasted image 20240621170532.png
[2026-02-08 12:18:22] [INFO]     -> Pastedimage20240621170532.png
[2026-02-08 12:18:22] [INFO]     (Renamed: removed spaces)
[2026-02-08 12:18:22] [INFO]   + Copied: Pasted image 20240621172255.png
[2026-02-08 12:18:22] [INFO]     -> Pastedimage20240621172255.png
[2026-02-08 12:18:22] [INFO]     (Renamed: removed spaces)
[2026-02-08 12:18:22] [INFO]   + Copied: Pasted image 20240621172422.png
[2026-02-08 12:18:22] [INFO]     -> Pastedimage20240621172422.png
[2026-02-08 12:18:22] [INFO]     (Renamed: removed spaces)
[2026-02-08 12:18:22] [INFO]   + Copied: Pasted image 20240621173423.png
[2026-02-08 12:18:22] [INFO]     -> Pastedimage20240621173423.png
[2026-02-08 12:18:22] [INFO]     (Renamed: removed spaces)
[2026-02-08 12:18:22] [INFO]   + Copied: Pasted image 20240621173706.png
[2026-02-08 12:18:22] [INFO]     -> Pastedimage20240621173706.png
[2026-02-08 12:18:22] [INFO]     (Renamed: removed spaces)
[2026-02-08 12:18:22] [INFO]   + Copied: Pasted image 20240621180821.png
[2026-02-08 12:18:22] [INFO]     -> Pastedimage20240621180821.png
[2026-02-08 12:18:22] [INFO]     (Renamed: removed spaces)
[2026-02-08 12:18:22] [INFO]   + Copied: Pasted image 20240621181416.png
[2026-02-08 12:18:22] [INFO]     -> Pastedimage20240621181416.png
[2026-02-08 12:18:22] [INFO]     (Renamed: removed spaces)
[2026-02-08 12:18:22] [INFO]   + Copied: Pasted image 20240621181800.png
[2026-02-08 12:18:22] [INFO]     -> Pastedimage20240621181800.png
[2026-02-08 12:18:22] [INFO]     (Renamed: removed spaces)
[2026-02-08 12:18:22] [INFO]   + Copied: Pasted image 20240621182040.png
[2026-02-08 12:18:22] [INFO]     -> Pastedimage20240621182040.png
[2026-02-08 12:18:22] [INFO]     (Renamed: removed spaces)
[2026-02-08 12:18:22] [INFO]   + Copied: Pasted image 20240621182546.png
[2026-02-08 12:18:22] [INFO]     -> Pastedimage20240621182546.png
[2026-02-08 12:18:22] [INFO]     (Renamed: removed spaces)
[2026-02-08 12:18:22] [INFO]   + Copied: Pasted image 20240621182838.png
[2026-02-08 12:18:22] [INFO]     -> Pastedimage20240621182838.png
[2026-02-08 12:18:22] [INFO]     (Renamed: removed spaces)
[2026-02-08 12:18:22] [INFO]   + Copied: Pasted image 20240621184130.png
[2026-02-08 12:18:22] [INFO]     -> Pastedimage20240621184130.png
[2026-02-08 12:18:22] [INFO]     (Renamed: removed spaces)
[2026-02-08 12:18:22] [INFO] + Created directory: static/images\seo
[2026-02-08 12:18:22] [INFO]   + Copied: Pasted image 20240621193526.png
[2026-02-08 12:18:22] [INFO]     -> Pastedimage20240621193526.png
[2026-02-08 12:18:22] [INFO]     (Renamed: removed spaces)
[2026-02-08 12:18:22] [INFO]   + Copied: Pasted image 20240621201236.png
[2026-02-08 12:18:22] [INFO]     -> Pastedimage20240621201236.png
[2026-02-08 12:18:22] [INFO]     (Renamed: removed spaces)
[2026-02-08 12:18:22] [INFO]   + Copied: Pasted image 20240622164815.png
[2026-02-08 12:18:22] [INFO]     -> Pastedimage20240622164815.png
[2026-02-08 12:18:22] [INFO]     (Renamed: removed spaces)
[2026-02-08 12:18:22] [INFO]   + Copied: Pasted image 20240622165434.png
[2026-02-08 12:18:22] [INFO]     -> Pastedimage20240622165434.png
[2026-02-08 12:18:22] [INFO]     (Renamed: removed spaces)
[2026-02-08 12:18:22] [INFO]   + Copied: Pasted image 20240622165537.png
[2026-02-08 12:18:22] [INFO]     -> Pastedimage20240622165537.png
[2026-02-08 12:18:22] [INFO]     (Renamed: removed spaces)
[2026-02-08 12:18:22] [INFO]   + Copied: Pasted image 20240622165713.png
[2026-02-08 12:18:22] [INFO]     -> Pastedimage20240622165713.png
[2026-02-08 12:18:22] [INFO]     (Renamed: removed spaces)
[2026-02-08 12:18:22] [INFO]   + Copied: Pasted image 20240622170537.png
[2026-02-08 12:18:22] [INFO]     -> Pastedimage20240622170537.png
[2026-02-08 12:18:22] [INFO]     (Renamed: removed spaces)
[2026-02-08 12:18:22] [INFO]   + Copied: Pasted image 20240622173011.png
[2026-02-08 12:18:22] [INFO]     -> Pastedimage20240622173011.png
[2026-02-08 12:18:22] [INFO]     (Renamed: removed spaces)
[2026-02-08 12:18:22] [INFO]   + Copied: Pasted image 20240622173259.png
[2026-02-08 12:18:22] [INFO]     -> Pastedimage20240622173259.png
[2026-02-08 12:18:22] [INFO]     (Renamed: removed spaces)
[2026-02-08 12:18:22] [INFO]   + Copied: Pasted image 20240622173409.png
[2026-02-08 12:18:22] [INFO]     -> Pastedimage20240622173409.png
[2026-02-08 12:18:22] [INFO]     (Renamed: removed spaces)
[2026-02-08 12:18:22] [INFO]   + Copied: Pasted image 20240622173742.png
[2026-02-08 12:18:22] [INFO]     -> Pastedimage20240622173742.png
[2026-02-08 12:18:22] [INFO]     (Renamed: removed spaces)
[2026-02-08 12:18:22] [INFO]   + Copied: Pasted image 20240622202553.png
[2026-02-08 12:18:22] [INFO]     -> Pastedimage20240622202553.png
[2026-02-08 12:18:22] [INFO]     (Renamed: removed spaces)
[2026-02-08 12:18:22] [INFO]   + Copied: Pasted image 20240622203718.png
[2026-02-08 12:18:22] [INFO]     -> Pastedimage20240622203718.png
[2026-02-08 12:18:22] [INFO]     (Renamed: removed spaces)
[2026-02-08 12:18:22] [INFO]   + Copied: Pasted image 20240622203754.png
[2026-02-08 12:18:22] [INFO]     -> Pastedimage20240622203754.png
[2026-02-08 12:18:22] [INFO]     (Renamed: removed spaces)
[2026-02-08 12:18:22] [INFO]   + Copied: Pasted image 20240622204050.png
[2026-02-08 12:18:22] [INFO]     -> Pastedimage20240622204050.png
[2026-02-08 12:18:22] [INFO]     (Renamed: removed spaces)
[2026-02-08 12:18:22] [INFO]   + Copied: Pasted image 20240622204601.png
[2026-02-08 12:18:22] [INFO]     -> Pastedimage20240622204601.png
[2026-02-08 12:18:22] [INFO]     (Renamed: removed spaces)
[2026-02-08 12:18:22] [INFO]   + Copied: Pasted image 20240622204629.png
[2026-02-08 12:18:22] [INFO]     -> Pastedimage20240622204629.png
[2026-02-08 12:18:22] [INFO]     (Renamed: removed spaces)
[2026-02-08 12:18:22] [INFO]   + Copied: Pasted image 20240622204951.png
[2026-02-08 12:18:22] [INFO]     -> Pastedimage20240622204951.png
[2026-02-08 12:18:22] [INFO]     (Renamed: removed spaces)
[2026-02-08 12:18:22] [INFO]   + Copied: Pasted image 20240622205615.png
[2026-02-08 12:18:22] [INFO]     -> Pastedimage20240622205615.png
[2026-02-08 12:18:22] [INFO]     (Renamed: removed spaces)
[2026-02-08 12:18:22] [INFO]   + Copied: Pasted image 20240622210354.png
[2026-02-08 12:18:22] [INFO]     -> Pastedimage20240622210354.png
[2026-02-08 12:18:22] [INFO]     (Renamed: removed spaces)
[2026-02-08 12:18:22] [INFO]   + Copied: Pasted image 20240622210607.png
[2026-02-08 12:18:22] [INFO]     -> Pastedimage20240622210607.png
[2026-02-08 12:18:22] [INFO]     (Renamed: removed spaces)
[2026-02-08 12:18:22] [INFO]   + Copied: Pasted image 20240622210702.png
[2026-02-08 12:18:22] [INFO]     -> Pastedimage20240622210702.png
[2026-02-08 12:18:22] [INFO]     (Renamed: removed spaces)
[2026-02-08 12:18:22] [INFO]   + Copied: Pasted image 20240622210835.png
[2026-02-08 12:18:22] [INFO]     -> Pastedimage20240622210835.png
[2026-02-08 12:18:22] [INFO]     (Renamed: removed spaces)
[2026-02-08 12:18:22] [INFO]   + Copied: Pasted image 20240622211258.png
[2026-02-08 12:18:22] [INFO]     -> Pastedimage20240622211258.png
[2026-02-08 12:18:22] [INFO]     (Renamed: removed spaces)
[2026-02-08 12:18:22] [INFO]   + Copied: Pasted image 20240622211351.png
[2026-02-08 12:18:22] [INFO]     -> Pastedimage20240622211351.png
[2026-02-08 12:18:22] [INFO]     (Renamed: removed spaces)
[2026-02-08 12:18:22] [INFO]   + Copied: Pasted image 20240622211609.png
[2026-02-08 12:18:22] [INFO]     -> Pastedimage20240622211609.png
[2026-02-08 12:18:22] [INFO]     (Renamed: removed spaces)
[2026-02-08 12:18:22] [INFO]   + Copied: Pasted image 20240622212132.png
[2026-02-08 12:18:22] [INFO]     -> Pastedimage20240622212132.png
[2026-02-08 12:18:22] [INFO]     (Renamed: removed spaces)
[2026-02-08 12:18:22] [INFO]   + Copied: Pasted image 20240622230532.png
[2026-02-08 12:18:22] [INFO]     -> Pastedimage20240622230532.png
[2026-02-08 12:18:22] [INFO]     (Renamed: removed spaces)
[2026-02-08 12:18:22] [INFO]   + Copied: Pasted image 20240622231205.png
[2026-02-08 12:18:22] [INFO]     -> Pastedimage20240622231205.png
[2026-02-08 12:18:22] [INFO]     (Renamed: removed spaces)
[2026-02-08 12:18:22] [INFO]   + Copied: Pasted image 20240622231245.png
[2026-02-08 12:18:22] [INFO]     -> Pastedimage20240622231245.png
[2026-02-08 12:18:22] [INFO]     (Renamed: removed spaces)
[2026-02-08 12:18:22] [INFO]   + Copied: Pasted image 20240622231644.png
[2026-02-08 12:18:22] [INFO]     -> Pastedimage20240622231644.png
[2026-02-08 12:18:22] [INFO]     (Renamed: removed spaces)
[2026-02-08 12:18:22] [INFO]   + Copied: Pasted image 20240622233917.png
[2026-02-08 12:18:22] [INFO]     -> Pastedimage20240622233917.png
[2026-02-08 12:18:22] [INFO]     (Renamed: removed spaces)
[2026-02-08 12:18:22] [INFO]   + Copied: Pasted image 20240622234913.png
[2026-02-08 12:18:22] [INFO]     -> Pastedimage20240622234913.png
[2026-02-08 12:18:22] [INFO]     (Renamed: removed spaces)
[2026-02-08 12:18:22] [INFO]   + Copied: Pasted image 20240622234916.png
[2026-02-08 12:18:22] [INFO]     -> Pastedimage20240622234916.png
[2026-02-08 12:18:22] [INFO]     (Renamed: removed spaces)
[2026-02-08 12:18:22] [INFO]   + Copied: Pasted image 20240622235442.png
[2026-02-08 12:18:22] [INFO]     -> Pastedimage20240622235442.png
[2026-02-08 12:18:22] [INFO]     (Renamed: removed spaces)
[2026-02-08 12:18:22] [INFO]   + Copied: Pasted image 20240622235712.png
[2026-02-08 12:18:22] [INFO]     -> Pastedimage20240622235712.png
[2026-02-08 12:18:22] [INFO]     (Renamed: removed spaces)
[2026-02-08 12:18:22] [INFO]   + Copied: Pasted image 20240623204152.png
[2026-02-08 12:18:22] [INFO]     -> Pastedimage20240623204152.png
[2026-02-08 12:18:22] [INFO]     (Renamed: removed spaces)
[2026-02-08 12:18:22] [INFO]   + Copied: Pasted image 20240623204902.png
[2026-02-08 12:18:22] [INFO]     -> Pastedimage20240623204902.png
[2026-02-08 12:18:22] [INFO]     (Renamed: removed spaces)
[2026-02-08 12:18:22] [INFO]   + Copied: Pasted image 20240623205050.png
[2026-02-08 12:18:22] [INFO]     -> Pastedimage20240623205050.png
[2026-02-08 12:18:22] [INFO]     (Renamed: removed spaces)
[2026-02-08 12:18:22] [INFO]   + Copied: Pasted image 20240623205615.png
[2026-02-08 12:18:22] [INFO]     -> Pastedimage20240623205615.png
[2026-02-08 12:18:22] [INFO]     (Renamed: removed spaces)
[2026-02-08 12:18:22] [INFO]   + Copied: Pasted image 20240623210733.png
[2026-02-08 12:18:22] [INFO]     -> Pastedimage20240623210733.png
[2026-02-08 12:18:22] [INFO]     (Renamed: removed spaces)
[2026-02-08 12:18:22] [INFO]   + Copied: Pasted image 20240623210734.png
[2026-02-08 12:18:22] [INFO]     -> Pastedimage20240623210734.png
[2026-02-08 12:18:22] [INFO]     (Renamed: removed spaces)
[2026-02-08 12:18:22] [INFO]   + Copied: Pasted image 20240623211107.png
[2026-02-08 12:18:22] [INFO]     -> Pastedimage20240623211107.png
[2026-02-08 12:18:22] [INFO]     (Renamed: removed spaces)
[2026-02-08 12:18:22] [INFO]   + Copied: Pasted image 20240623211223.png
[2026-02-08 12:18:22] [INFO]     -> Pastedimage20240623211223.png
[2026-02-08 12:18:22] [INFO]     (Renamed: removed spaces)
[2026-02-08 12:18:22] [INFO]   + Copied: Pasted image 20240623213450.png
[2026-02-08 12:18:22] [INFO]     -> Pastedimage20240623213450.png
[2026-02-08 12:18:22] [INFO]     (Renamed: removed spaces)
[2026-02-08 12:18:22] [INFO]   + Copied: Pasted image 20240623224412.png
[2026-02-08 12:18:22] [INFO]     -> Pastedimage20240623224412.png
[2026-02-08 12:18:22] [INFO]     (Renamed: removed spaces)
[2026-02-08 12:18:22] [INFO]   + Copied: Pasted image 20240623224528.png
[2026-02-08 12:18:22] [INFO]     -> Pastedimage20240623224528.png
[2026-02-08 12:18:22] [INFO]     (Renamed: removed spaces)
[2026-02-08 12:18:22] [INFO]   + Copied: Pasted image 20240623224722.png
[2026-02-08 12:18:22] [INFO]     -> Pastedimage20240623224722.png
[2026-02-08 12:18:22] [INFO]     (Renamed: removed spaces)
[2026-02-08 12:18:22] [INFO]   + Copied: Pasted image 20240624191013.png
[2026-02-08 12:18:22] [INFO]     -> Pastedimage20240624191013.png
[2026-02-08 12:18:22] [INFO]     (Renamed: removed spaces)
[2026-02-08 12:18:22] [INFO]   + Copied: Pasted image 20240624191130.png
[2026-02-08 12:18:22] [INFO]     -> Pastedimage20240624191130.png
[2026-02-08 12:18:22] [INFO]     (Renamed: removed spaces)
[2026-02-08 12:18:22] [INFO]   + Copied: Pasted image 20240624192827.png
[2026-02-08 12:18:22] [INFO]     -> Pastedimage20240624192827.png
[2026-02-08 12:18:22] [INFO]     (Renamed: removed spaces)
[2026-02-08 12:18:22] [INFO]   + Copied: Pasted image 20240624192858.png
[2026-02-08 12:18:22] [INFO]     -> Pastedimage20240624192858.png
[2026-02-08 12:18:22] [INFO]     (Renamed: removed spaces)
[2026-02-08 12:18:22] [INFO]   + Copied: Pasted image 20240624193345.png
[2026-02-08 12:18:22] [INFO]     -> Pastedimage20240624193345.png
[2026-02-08 12:18:22] [INFO]     (Renamed: removed spaces)
[2026-02-08 12:18:22] [INFO]   + Copied: Pasted image 20240624194253.png
[2026-02-08 12:18:22] [INFO]     -> Pastedimage20240624194253.png
[2026-02-08 12:18:22] [INFO]     (Renamed: removed spaces)
[2026-02-08 12:18:22] [INFO]   + Copied: Pasted image 20240624195037.png
[2026-02-08 12:18:22] [INFO]     -> Pastedimage20240624195037.png
[2026-02-08 12:18:22] [INFO]     (Renamed: removed spaces)
[2026-02-08 12:18:22] [INFO]   + Copied: Pasted image 20240624195151.png
[2026-02-08 12:18:22] [INFO]     -> Pastedimage20240624195151.png
[2026-02-08 12:18:22] [INFO]     (Renamed: removed spaces)
[2026-02-08 12:18:22] [INFO]   + Copied: Pasted image 20240624195533.png
[2026-02-08 12:18:22] [INFO]     -> Pastedimage20240624195533.png
[2026-02-08 12:18:22] [INFO]     (Renamed: removed spaces)
[2026-02-08 12:18:22] [INFO]   + Copied: Pasted image 20240624204001.png
[2026-02-08 12:18:22] [INFO]     -> Pastedimage20240624204001.png
[2026-02-08 12:18:22] [INFO]     (Renamed: removed spaces)
[2026-02-08 12:18:22] [INFO]   + Copied: Pasted image 20240624205403.png
[2026-02-08 12:18:22] [INFO]     -> Pastedimage20240624205403.png
[2026-02-08 12:18:22] [INFO]     (Renamed: removed spaces)
[2026-02-08 12:18:22] [INFO]   + Copied: Pasted image 20240624205939.png
[2026-02-08 12:18:22] [INFO]     -> Pastedimage20240624205939.png
[2026-02-08 12:18:22] [INFO]     (Renamed: removed spaces)
[2026-02-08 12:18:22] [INFO]   + Copied: Pasted image 20240624210729.png
[2026-02-08 12:18:22] [INFO]     -> Pastedimage20240624210729.png
[2026-02-08 12:18:22] [INFO]     (Renamed: removed spaces)
[2026-02-08 12:18:22] [INFO]   + Copied: Pasted image 20240624210842.png
[2026-02-08 12:18:22] [INFO]     -> Pastedimage20240624210842.png
[2026-02-08 12:18:22] [INFO]     (Renamed: removed spaces)
[2026-02-08 12:18:22] [INFO]   + Copied: Pasted image 20240624210955.png
[2026-02-08 12:18:22] [INFO]     -> Pastedimage20240624210955.png
[2026-02-08 12:18:22] [INFO]     (Renamed: removed spaces)
[2026-02-08 12:18:22] [INFO]   + Copied: Pasted image 20240624211034.png
[2026-02-08 12:18:22] [INFO]     -> Pastedimage20240624211034.png
[2026-02-08 12:18:22] [INFO]     (Renamed: removed spaces)
[2026-02-08 12:18:22] [INFO]   + Copied: Pasted image 20240624211100.png
[2026-02-08 12:18:22] [INFO]     -> Pastedimage20240624211100.png
[2026-02-08 12:18:22] [INFO]     (Renamed: removed spaces)
[2026-02-08 12:18:22] [INFO]   + Copied: Pasted image 20240624211139.png
[2026-02-08 12:18:22] [INFO]     -> Pastedimage20240624211139.png
[2026-02-08 12:18:22] [INFO]     (Renamed: removed spaces)
[2026-02-08 12:18:22] [INFO]   + Copied: Pasted image 20240624211241.png
[2026-02-08 12:18:22] [INFO]     -> Pastedimage20240624211241.png
[2026-02-08 12:18:22] [INFO]     (Renamed: removed spaces)
[2026-02-08 12:18:22] [INFO]   + Copied: Pasted image 20240624211736.png
[2026-02-08 12:18:22] [INFO]     -> Pastedimage20240624211736.png
[2026-02-08 12:18:22] [INFO]     (Renamed: removed spaces)
[2026-02-08 12:18:22] [INFO]   + Copied: Pasted image 20240624212005.png
[2026-02-08 12:18:22] [INFO]     -> Pastedimage20240624212005.png
[2026-02-08 12:18:22] [INFO]     (Renamed: removed spaces)
[2026-02-08 12:18:22] [INFO]   + Copied: Pasted image 20240624212124.png
[2026-02-08 12:18:22] [INFO]     -> Pastedimage20240624212124.png
[2026-02-08 12:18:22] [INFO]     (Renamed: removed spaces)
[2026-02-08 12:18:22] [INFO]   + Copied: Pasted image 20240624212250.png
[2026-02-08 12:18:22] [INFO]     -> Pastedimage20240624212250.png
[2026-02-08 12:18:22] [INFO]     (Renamed: removed spaces)
[2026-02-08 12:18:22] [INFO]   + Copied: Pasted image 20240624212751.png
[2026-02-08 12:18:22] [INFO]     -> Pastedimage20240624212751.png
[2026-02-08 12:18:22] [INFO]     (Renamed: removed spaces)
[2026-02-08 12:18:22] [INFO]   + Copied: Pasted image 20240624212900.png
[2026-02-08 12:18:22] [INFO]     -> Pastedimage20240624212900.png
[2026-02-08 12:18:22] [INFO]     (Renamed: removed spaces)
[2026-02-08 12:18:22] [INFO]   + Copied: Pasted image 20240624213056.png
[2026-02-08 12:18:22] [INFO]     -> Pastedimage20240624213056.png
[2026-02-08 12:18:22] [INFO]     (Renamed: removed spaces)
[2026-02-08 12:18:22] [INFO]   + Copied: Pasted image 20240624213224.png
[2026-02-08 12:18:22] [INFO]     -> Pastedimage20240624213224.png
[2026-02-08 12:18:22] [INFO]     (Renamed: removed spaces)
[2026-02-08 12:18:22] [INFO]   + Copied: Pasted image 20240624213704.png
[2026-02-08 12:18:22] [INFO]     -> Pastedimage20240624213704.png
[2026-02-08 12:18:22] [INFO]     (Renamed: removed spaces)
[2026-02-08 12:18:22] [INFO]   + Copied: Pasted image 20240624213812.png
[2026-02-08 12:18:22] [INFO]     -> Pastedimage20240624213812.png
[2026-02-08 12:18:22] [INFO]     (Renamed: removed spaces)
[2026-02-08 12:18:22] [INFO]   + Copied: Pasted image 20240624213852.png
[2026-02-08 12:18:22] [INFO]     -> Pastedimage20240624213852.png
[2026-02-08 12:18:22] [INFO]     (Renamed: removed spaces)
[2026-02-08 12:18:22] [INFO]   + Copied: Pasted image 20240624214101.png
[2026-02-08 12:18:22] [INFO]     -> Pastedimage20240624214101.png
[2026-02-08 12:18:22] [INFO]     (Renamed: removed spaces)
[2026-02-08 12:18:22] [INFO]   + Copied: Pasted image 20240624214347.png
[2026-02-08 12:18:22] [INFO]     -> Pastedimage20240624214347.png
[2026-02-08 12:18:22] [INFO]     (Renamed: removed spaces)
[2026-02-08 12:18:22] [INFO]   + Copied: Pasted image 20240624214522.png
[2026-02-08 12:18:22] [INFO]     -> Pastedimage20240624214522.png
[2026-02-08 12:18:22] [INFO]     (Renamed: removed spaces)
[2026-02-08 12:18:22] [INFO]   + Copied: Pasted image 20240624214603.png
[2026-02-08 12:18:22] [INFO]     -> Pastedimage20240624214603.png
[2026-02-08 12:18:22] [INFO]     (Renamed: removed spaces)
[2026-02-08 12:18:22] [INFO]   + Copied: Pasted image 20240624214731.png
[2026-02-08 12:18:22] [INFO]     -> Pastedimage20240624214731.png
[2026-02-08 12:18:22] [INFO]     (Renamed: removed spaces)
[2026-02-08 12:18:22] [INFO]   + Copied: Pasted image 20240624214923.png
[2026-02-08 12:18:22] [INFO]     -> Pastedimage20240624214923.png
[2026-02-08 12:18:22] [INFO]     (Renamed: removed spaces)
[2026-02-08 12:18:22] [INFO]   + Copied: Pasted image 20250703164923.png
[2026-02-08 12:18:22] [INFO]     -> Pastedimage20250703164923.png
[2026-02-08 12:18:22] [INFO]     (Renamed: removed spaces)
[2026-02-08 12:18:22] [INFO]   + Copied: Pasted image 20250703164925.png
[2026-02-08 12:18:22] [INFO]     -> Pastedimage20250703164925.png
[2026-02-08 12:18:22] [INFO]     (Renamed: removed spaces)
[2026-02-08 12:18:22] [INFO]   + Copied: Pasted image 20250703164927.png
[2026-02-08 12:18:22] [INFO]     -> Pastedimage20250703164927.png
[2026-02-08 12:18:22] [INFO]     (Renamed: removed spaces)
[2026-02-08 12:18:22] [INFO]   + Copied: Pasted image 20250703164954.png
[2026-02-08 12:18:22] [INFO]     -> Pastedimage20250703164954.png
[2026-02-08 12:18:22] [INFO]     (Renamed: removed spaces)
[2026-02-08 12:18:22] [INFO]   + Copied: Pasted image 20250703165130.png
[2026-02-08 12:18:22] [INFO]     -> Pastedimage20250703165130.png
[2026-02-08 12:18:22] [INFO]     (Renamed: removed spaces)
[2026-02-08 12:18:22] [INFO]   + Copied: Pasted image 20250703165252.png
[2026-02-08 12:18:22] [INFO]     -> Pastedimage20250703165252.png
[2026-02-08 12:18:22] [INFO]     (Renamed: removed spaces)
[2026-02-08 12:18:22] [INFO]   + Copied: Pasted image 20250703165421.png
[2026-02-08 12:18:22] [INFO]     -> Pastedimage20250703165421.png
[2026-02-08 12:18:22] [INFO]     (Renamed: removed spaces)
[2026-02-08 12:18:22] [INFO]   + Copied: Pasted image 20250703165516.png
[2026-02-08 12:18:22] [INFO]     -> Pastedimage20250703165516.png
[2026-02-08 12:18:22] [INFO]     (Renamed: removed spaces)
[2026-02-08 12:18:22] [INFO]   + Copied: Pasted image 20250703165711.png
[2026-02-08 12:18:22] [INFO]     -> Pastedimage20250703165711.png
[2026-02-08 12:18:22] [INFO]     (Renamed: removed spaces)
[2026-02-08 12:18:22] [INFO]   + Copied: Pasted image 20250703165817.png
[2026-02-08 12:18:22] [INFO]     -> Pastedimage20250703165817.png
[2026-02-08 12:18:22] [INFO]     (Renamed: removed spaces)
[2026-02-08 12:18:22] [INFO]   + Copied: Pasted image 20250703165945.png
[2026-02-08 12:18:22] [INFO]     -> Pastedimage20250703165945.png
[2026-02-08 12:18:22] [INFO]     (Renamed: removed spaces)
[2026-02-08 12:18:22] [INFO]   + Copied: Pasted image 20250703170130.png
[2026-02-08 12:18:22] [INFO]     -> Pastedimage20250703170130.png
[2026-02-08 12:18:22] [INFO]     (Renamed: removed spaces)
[2026-02-08 12:18:22] [INFO]   + Copied: Pasted image 20250703175515.png
[2026-02-08 12:18:22] [INFO]     -> Pastedimage20250703175515.png
[2026-02-08 12:18:22] [INFO]     (Renamed: removed spaces)
[2026-02-08 12:18:22] [INFO]   + Copied: Pasted image 20250703175745.png
[2026-02-08 12:18:22] [INFO]     -> Pastedimage20250703175745.png
[2026-02-08 12:18:22] [INFO]     (Renamed: removed spaces)
[2026-02-08 12:18:22] [INFO]   + Copied: Pasted image 20250703175959.png
[2026-02-08 12:18:22] [INFO]     -> Pastedimage20250703175959.png
[2026-02-08 12:18:22] [INFO]     (Renamed: removed spaces)
[2026-02-08 12:18:22] [INFO]   + Copied: Pasted image 20250703180214.png
[2026-02-08 12:18:22] [INFO]     -> Pastedimage20250703180214.png
[2026-02-08 12:18:22] [INFO]     (Renamed: removed spaces)
[2026-02-08 12:18:22] [INFO]   + Copied: Pasted image 20250703180345.png
[2026-02-08 12:18:22] [INFO]     -> Pastedimage20250703180345.png
[2026-02-08 12:18:22] [INFO]     (Renamed: removed spaces)
[2026-02-08 12:18:22] [INFO]   + Copied: Pasted image 20250703180539.png
[2026-02-08 12:18:22] [INFO]     -> Pastedimage20250703180539.png
[2026-02-08 12:18:22] [INFO]     (Renamed: removed spaces)
[2026-02-08 12:18:22] [INFO]   + Copied: Pasted image 20250703180616.png
[2026-02-08 12:18:22] [INFO]     -> Pastedimage20250703180616.png
[2026-02-08 12:18:22] [INFO]     (Renamed: removed spaces)
[2026-02-08 12:18:22] [INFO]   + Copied: Pasted image 20250703180745.png
[2026-02-08 12:18:22] [INFO]     -> Pastedimage20250703180745.png
[2026-02-08 12:18:22] [INFO]     (Renamed: removed spaces)
[2026-02-08 12:18:22] [INFO]   + Copied: Pasted image 20250703180931.png
[2026-02-08 12:18:22] [INFO]     -> Pastedimage20250703180931.png
[2026-02-08 12:18:22] [INFO]     (Renamed: removed spaces)
[2026-02-08 12:18:22] [INFO]   + Copied: Pasted image 20250703181241.png
[2026-02-08 12:18:22] [INFO]     -> Pastedimage20250703181241.png
[2026-02-08 12:18:22] [INFO]     (Renamed: removed spaces)
[2026-02-08 12:18:22] [INFO]   + Copied: Pasted image 20250703181503.png
[2026-02-08 12:18:22] [INFO]     -> Pastedimage20250703181503.png
[2026-02-08 12:18:22] [INFO]     (Renamed: removed spaces)
[2026-02-08 12:18:22] [INFO]   + Copied: Pasted image 20250703181559.png
[2026-02-08 12:18:22] [INFO]     -> Pastedimage20250703181559.png
[2026-02-08 12:18:22] [INFO]     (Renamed: removed spaces)
[2026-02-08 12:18:22] [INFO]   + Copied: Pasted image 20250704163118.png
[2026-02-08 12:18:22] [INFO]     -> Pastedimage20250704163118.png
[2026-02-08 12:18:22] [INFO]     (Renamed: removed spaces)
[2026-02-08 12:18:22] [INFO]   + Copied: Pasted image 20250704163854.png
[2026-02-08 12:18:22] [INFO]     -> Pastedimage20250704163854.png
[2026-02-08 12:18:22] [INFO]     (Renamed: removed spaces)
[2026-02-08 12:18:22] [INFO]   + Copied: Pasted image 20250704164125.png
[2026-02-08 12:18:22] [INFO]     -> Pastedimage20250704164125.png
[2026-02-08 12:18:22] [INFO]     (Renamed: removed spaces)
[2026-02-08 12:18:22] [INFO]   + Copied: Pasted image 20250704164158.png
[2026-02-08 12:18:22] [INFO]     -> Pastedimage20250704164158.png
[2026-02-08 12:18:22] [INFO]     (Renamed: removed spaces)
[2026-02-08 12:18:22] [INFO]   + Copied: Pasted image 20250704164604.png
[2026-02-08 12:18:22] [INFO]     -> Pastedimage20250704164604.png
[2026-02-08 12:18:22] [INFO]     (Renamed: removed spaces)
[2026-02-08 12:18:22] [INFO]   + Copied: Pasted image 20250704164628.png
[2026-02-08 12:18:22] [INFO]     -> Pastedimage20250704164628.png
[2026-02-08 12:18:22] [INFO]     (Renamed: removed spaces)
[2026-02-08 12:18:22] [INFO]   + Copied: Pasted image 20250704164943.png
[2026-02-08 12:18:22] [INFO]     -> Pastedimage20250704164943.png
[2026-02-08 12:18:22] [INFO]     (Renamed: removed spaces)
[2026-02-08 12:18:22] [INFO]   + Copied: Pasted image 20250704165021.png
[2026-02-08 12:18:22] [INFO]     -> Pastedimage20250704165021.png
[2026-02-08 12:18:22] [INFO]     (Renamed: removed spaces)
[2026-02-08 12:18:22] [INFO]   + Copied: Pasted image 20250704165108.png
[2026-02-08 12:18:22] [INFO]     -> Pastedimage20250704165108.png
[2026-02-08 12:18:22] [INFO]     (Renamed: removed spaces)
[2026-02-08 12:18:22] [INFO]   + Copied: Pasted image 20250704165334.png
[2026-02-08 12:18:22] [INFO]     -> Pastedimage20250704165334.png
[2026-02-08 12:18:22] [INFO]     (Renamed: removed spaces)
[2026-02-08 12:18:22] [INFO]   + Copied: Pasted image 20250704165505.png
[2026-02-08 12:18:22] [INFO]     -> Pastedimage20250704165505.png
[2026-02-08 12:18:22] [INFO]     (Renamed: removed spaces)
[2026-02-08 12:18:22] [INFO]   + Copied: Pasted image 20250704165532.png
[2026-02-08 12:18:22] [INFO]     -> Pastedimage20250704165532.png
[2026-02-08 12:18:22] [INFO]     (Renamed: removed spaces)
[2026-02-08 12:18:22] [INFO]   + Copied: Pasted image 20250704170455.png
[2026-02-08 12:18:22] [INFO]     -> Pastedimage20250704170455.png
[2026-02-08 12:18:22] [INFO]     (Renamed: removed spaces)
[2026-02-08 12:18:22] [INFO]   + Copied: Pasted image 20250704171310.png
[2026-02-08 12:18:22] [INFO]     -> Pastedimage20250704171310.png
[2026-02-08 12:18:22] [INFO]     (Renamed: removed spaces)
[2026-02-08 12:18:22] [INFO]   + Copied: Pasted image 20250704171932.png
[2026-02-08 12:18:22] [INFO]     -> Pastedimage20250704171932.png
[2026-02-08 12:18:22] [INFO]     (Renamed: removed spaces)
[2026-02-08 12:18:22] [INFO]   + Copied: Pasted image 20250704172410.png
[2026-02-08 12:18:22] [INFO]     -> Pastedimage20250704172410.png
[2026-02-08 12:18:22] [INFO]     (Renamed: removed spaces)
[2026-02-08 12:18:22] [INFO]   + Copied: Pasted image 20250704172634.png
[2026-02-08 12:18:22] [INFO]     -> Pastedimage20250704172634.png
[2026-02-08 12:18:22] [INFO]     (Renamed: removed spaces)
[2026-02-08 12:18:22] [INFO]   + Copied: Pasted image 20250704173452.png
[2026-02-08 12:18:22] [INFO]     -> Pastedimage20250704173452.png
[2026-02-08 12:18:22] [INFO]     (Renamed: removed spaces)
[2026-02-08 12:18:22] [INFO]   + Copied: Pasted image 20250704173920.png
[2026-02-08 12:18:22] [INFO]     -> Pastedimage20250704173920.png
[2026-02-08 12:18:22] [INFO]     (Renamed: removed spaces)
[2026-02-08 12:18:22] [INFO] + Created directory: static/images\linux
[2026-02-08 12:18:22] [INFO]   + Copied: Pasted image 20251201181732.png
[2026-02-08 12:18:22] [INFO]     -> Pastedimage20251201181732.png
[2026-02-08 12:18:22] [INFO]     (Renamed: removed spaces)
[2026-02-08 12:18:22] [INFO]   + Copied: Pasted image 20251201181847.png
[2026-02-08 12:18:22] [INFO]     -> Pastedimage20251201181847.png
[2026-02-08 12:18:22] [INFO]     (Renamed: removed spaces)
[2026-02-08 12:18:22] [INFO]   + Copied: Pasted image 20251201182046.png
[2026-02-08 12:18:22] [INFO]     -> Pastedimage20251201182046.png
[2026-02-08 12:18:22] [INFO]     (Renamed: removed spaces)
[2026-02-08 12:18:22] [INFO]   + Copied: Pasted image 20251201182137.png
[2026-02-08 12:18:22] [INFO]     -> Pastedimage20251201182137.png
[2026-02-08 12:18:22] [INFO]     (Renamed: removed spaces)
[2026-02-08 12:18:22] [INFO]   + Copied: Pasted image 20251201182336.png
[2026-02-08 12:18:22] [INFO]     -> Pastedimage20251201182336.png
[2026-02-08 12:18:22] [INFO]     (Renamed: removed spaces)
[2026-02-08 12:18:22] [INFO]   + Copied: Pasted image 20251201182425.png
[2026-02-08 12:18:22] [INFO]     -> Pastedimage20251201182425.png
[2026-02-08 12:18:22] [INFO]     (Renamed: removed spaces)
[2026-02-08 12:18:22] [INFO]   + Copied: Pasted image 20251201182611.png
[2026-02-08 12:18:22] [INFO]     -> Pastedimage20251201182611.png
[2026-02-08 12:18:22] [INFO]     (Renamed: removed spaces)
[2026-02-08 12:18:22] [INFO]   + Copied: Pasted image 20251201182934.png
[2026-02-08 12:18:22] [INFO]     -> Pastedimage20251201182934.png
[2026-02-08 12:18:22] [INFO]     (Renamed: removed spaces)
[2026-02-08 12:18:22] [INFO]   + Copied: Pasted image 20251201183204.png
[2026-02-08 12:18:22] [INFO]     -> Pastedimage20251201183204.png
[2026-02-08 12:18:22] [INFO]     (Renamed: removed spaces)
[2026-02-08 12:18:22] [INFO]   + Copied: Pasted image 20251201183318.png
[2026-02-08 12:18:22] [INFO]     -> Pastedimage20251201183318.png
[2026-02-08 12:18:22] [INFO]     (Renamed: removed spaces)
[2026-02-08 12:18:22] [INFO]   + Copied: Pasted image 20251201183534.png
[2026-02-08 12:18:22] [INFO]     -> Pastedimage20251201183534.png
[2026-02-08 12:18:22] [INFO]     (Renamed: removed spaces)
[2026-02-08 12:18:22] [INFO]   + Copied: Pasted image 20251201183918.png
[2026-02-08 12:18:22] [INFO]     -> Pastedimage20251201183918.png
[2026-02-08 12:18:22] [INFO]     (Renamed: removed spaces)
[2026-02-08 12:18:22] [INFO]   + Copied: Pasted image 20251201184053.png
[2026-02-08 12:18:22] [INFO]     -> Pastedimage20251201184053.png
[2026-02-08 12:18:22] [INFO]     (Renamed: removed spaces)
[2026-02-08 12:18:22] [INFO]   + Copied: Pasted image 20251201184400.png
[2026-02-08 12:18:22] [INFO]     -> Pastedimage20251201184400.png
[2026-02-08 12:18:22] [INFO]     (Renamed: removed spaces)
[2026-02-08 12:18:22] [INFO]   + Copied: Pasted image 20251201184619.png
[2026-02-08 12:18:22] [INFO]     -> Pastedimage20251201184619.png
[2026-02-08 12:18:22] [INFO]     (Renamed: removed spaces)
[2026-02-08 12:18:22] [INFO]   + Copied: Pasted image 20251201184843.png
[2026-02-08 12:18:22] [INFO]     -> Pastedimage20251201184843.png
[2026-02-08 12:18:22] [INFO]     (Renamed: removed spaces)
[2026-02-08 12:18:22] [INFO]   + Copied: Pasted image 20251201184925.png
[2026-02-08 12:18:22] [INFO]     -> Pastedimage20251201184925.png
[2026-02-08 12:18:22] [INFO]     (Renamed: removed spaces)
[2026-02-08 12:18:22] [INFO]   + Copied: Pasted image 20251201185105.png
[2026-02-08 12:18:22] [INFO]     -> Pastedimage20251201185105.png
[2026-02-08 12:18:22] [INFO]     (Renamed: removed spaces)
[2026-02-08 12:18:22] [INFO]   + Copied: Pasted image 20251201185312.png
[2026-02-08 12:18:22] [INFO]     -> Pastedimage20251201185312.png
[2026-02-08 12:18:22] [INFO]     (Renamed: removed spaces)
[2026-02-08 12:18:22] [INFO]   + Copied: Pasted image 20251201185334.png
[2026-02-08 12:18:22] [INFO]     -> Pastedimage20251201185334.png
[2026-02-08 12:18:22] [INFO]     (Renamed: removed spaces)
[2026-02-08 12:18:22] [INFO]   + Copied: Pasted image 20251201185841.png
[2026-02-08 12:18:22] [INFO]     -> Pastedimage20251201185841.png
[2026-02-08 12:18:22] [INFO]     (Renamed: removed spaces)
[2026-02-08 12:18:22] [INFO]   + Copied: Pasted image 20251201185958.png
[2026-02-08 12:18:22] [INFO]     -> Pastedimage20251201185958.png
[2026-02-08 12:18:22] [INFO]     (Renamed: removed spaces)
[2026-02-08 12:18:22] [INFO]   + Copied: Pasted image 20251201190000.png
[2026-02-08 12:18:22] [INFO]     -> Pastedimage20251201190000.png
[2026-02-08 12:18:22] [INFO]     (Renamed: removed spaces)
[2026-02-08 12:18:22] [INFO]   + Copied: Pasted image 20251201190027.png
[2026-02-08 12:18:22] [INFO]     -> Pastedimage20251201190027.png
[2026-02-08 12:18:22] [INFO]     (Renamed: removed spaces)
[2026-02-08 12:18:22] [INFO]   + Copied: Pasted image 20260120173303.png
[2026-02-08 12:18:22] [INFO]     -> Pastedimage20260120173303.png
[2026-02-08 12:18:22] [INFO]     (Renamed: removed spaces)
[2026-02-08 12:18:22] [INFO]   + Copied: Pasted image 20260120173610.png
[2026-02-08 12:18:22] [INFO]     -> Pastedimage20260120173610.png
[2026-02-08 12:18:22] [INFO]     (Renamed: removed spaces)
[2026-02-08 12:18:22] [INFO]   + Copied: Pasted image 20260120174632.png
[2026-02-08 12:18:22] [INFO]     -> Pastedimage20260120174632.png
[2026-02-08 12:18:22] [INFO]     (Renamed: removed spaces)
[2026-02-08 12:18:22] [INFO]   + Copied: Pasted image 20260120174656.png
[2026-02-08 12:18:22] [INFO]     -> Pastedimage20260120174656.png
[2026-02-08 12:18:22] [INFO]     (Renamed: removed spaces)
[2026-02-08 12:18:22] [INFO]   + Copied: Pasted image 20260120174901.png
[2026-02-08 12:18:22] [INFO]     -> Pastedimage20260120174901.png
[2026-02-08 12:18:22] [INFO]     (Renamed: removed spaces)
[2026-02-08 12:18:22] [INFO]   + Copied: Pasted image 20260120175205.png
[2026-02-08 12:18:22] [INFO]     -> Pastedimage20260120175205.png
[2026-02-08 12:18:22] [INFO]     (Renamed: removed spaces)
[2026-02-08 12:18:22] [INFO]   + Copied: Pasted image 20260120175331.png
[2026-02-08 12:18:22] [INFO]     -> Pastedimage20260120175331.png
[2026-02-08 12:18:22] [INFO]     (Renamed: removed spaces)
[2026-02-08 12:18:22] [INFO]   + Copied: Pasted image 20260120175417.png
[2026-02-08 12:18:22] [INFO]     -> Pastedimage20260120175417.png
[2026-02-08 12:18:22] [INFO]     (Renamed: removed spaces)
[2026-02-08 12:18:22] [INFO]   + Copied: Pasted image 20260120175554.png
[2026-02-08 12:18:22] [INFO]     -> Pastedimage20260120175554.png
[2026-02-08 12:18:22] [INFO]     (Renamed: removed spaces)
[2026-02-08 12:18:22] [INFO]   + Copied: Pasted image 20260120180429.png
[2026-02-08 12:18:22] [INFO]     -> Pastedimage20260120180429.png
[2026-02-08 12:18:22] [INFO]     (Renamed: removed spaces)
[2026-02-08 12:18:22] [INFO]   + Copied: Pasted image 20260120180820.png
[2026-02-08 12:18:22] [INFO]     -> Pastedimage20260120180820.png
[2026-02-08 12:18:22] [INFO]     (Renamed: removed spaces)
[2026-02-08 12:18:22] [INFO]   + Copied: Pasted image 20260120181056.png
[2026-02-08 12:18:22] [INFO]     -> Pastedimage20260120181056.png
[2026-02-08 12:18:22] [INFO]     (Renamed: removed spaces)
[2026-02-08 12:18:22] [INFO]   + Copied: Pasted image 20260120184940.png
[2026-02-08 12:18:22] [INFO]     -> Pastedimage20260120184940.png
[2026-02-08 12:18:22] [INFO]     (Renamed: removed spaces)
[2026-02-08 12:18:22] [INFO]   + Copied: Pasted image 20260120190219.png
[2026-02-08 12:18:22] [INFO]     -> Pastedimage20260120190219.png
[2026-02-08 12:18:22] [INFO]     (Renamed: removed spaces)
[2026-02-08 12:18:22] [INFO]   + Copied: Pasted image 20260120190249.png
[2026-02-08 12:18:22] [INFO]     -> Pastedimage20260120190249.png
[2026-02-08 12:18:22] [INFO]     (Renamed: removed spaces)
[2026-02-08 12:18:22] [INFO]   + Copied: Pasted image 20260120195815.png
[2026-02-08 12:18:22] [INFO]     -> Pastedimage20260120195815.png
[2026-02-08 12:18:22] [INFO]     (Renamed: removed spaces)
[2026-02-08 12:18:22] [INFO]   + Copied: Pasted image 20260120195854.png
[2026-02-08 12:18:22] [INFO]     -> Pastedimage20260120195854.png
[2026-02-08 12:18:22] [INFO]     (Renamed: removed spaces)
[2026-02-08 12:18:22] [INFO]   + Copied: Pasted image 20260120210415.png
[2026-02-08 12:18:22] [INFO]     -> Pastedimage20260120210415.png
[2026-02-08 12:18:22] [INFO]     (Renamed: removed spaces)
[2026-02-08 12:18:22] [INFO]   + Copied: Pasted image 20260120210732.png
[2026-02-08 12:18:22] [INFO]     -> Pastedimage20260120210732.png
[2026-02-08 12:18:22] [INFO]     (Renamed: removed spaces)
[2026-02-08 12:18:22] [INFO]   + Copied: Pasted image 20260120210915.png
[2026-02-08 12:18:22] [INFO]     -> Pastedimage20260120210915.png
[2026-02-08 12:18:22] [INFO]     (Renamed: removed spaces)
[2026-02-08 12:18:22] [INFO]   + Copied: Pasted image 20260121190100.png
[2026-02-08 12:18:22] [INFO]     -> Pastedimage20260121190100.png
[2026-02-08 12:18:22] [INFO]     (Renamed: removed spaces)
[2026-02-08 12:18:22] [INFO] Saved 246 images to JSON
[2026-02-08 12:18:22] [INFO] 
============================================================
[2026-02-08 12:18:22] [INFO] PHASE 3: Converting image links in markdown files...
[2026-02-08 12:18:22] [INFO] ============================================================
[2026-02-08 12:18:22] [INFO] 
[File] content\cyber-security\SANS-401\SANS-401-E0, E1 - (Introduction & Prepare Lab).md
[2026-02-08 12:18:22] [INFO]   Category: cyber-security
[2026-02-08 12:18:22] [INFO]     Converted: Pasted image 20240620162926.png
[2026-02-08 12:18:22] [INFO]     -> ![Alt text](/images/cyber-security/Pastedimage20240620162926.png)
[2026-02-08 12:18:22] [INFO]     Converted: Pasted image 20240620163247.png
[2026-02-08 12:18:22] [INFO]     -> ![Alt text](/images/cyber-security/Pastedimage20240620163247.png)
[2026-02-08 12:18:22] [INFO]     Converted: Pasted image 20240620163325.png
[2026-02-08 12:18:22] [INFO]     -> ![Alt text](/images/cyber-security/Pastedimage20240620163325.png)
[2026-02-08 12:18:22] [INFO]     Converted: Pasted image 20240620163445.png
[2026-02-08 12:18:22] [INFO]     -> ![Alt text](/images/cyber-security/Pastedimage20240620163445.png)
[2026-02-08 12:18:22] [INFO]     Converted: Pasted image 20240620163844.png
[2026-02-08 12:18:22] [INFO]     -> ![Alt text](/images/cyber-security/Pastedimage20240620163844.png)
[2026-02-08 12:18:22] [INFO]     Converted: Pasted image 20240620164103.png
[2026-02-08 12:18:22] [INFO]     -> ![Alt text](/images/cyber-security/Pastedimage20240620164103.png)
[2026-02-08 12:18:22] [INFO]     Converted: Pasted image 20240620164251.png
[2026-02-08 12:18:22] [INFO]     -> ![Alt text](/images/cyber-security/Pastedimage20240620164251.png)
[2026-02-08 12:18:22] [INFO]     Converted: Pasted image 20240620164453.png
[2026-02-08 12:18:22] [INFO]     -> ![Alt text](/images/cyber-security/Pastedimage20240620164453.png)
[2026-02-08 12:18:22] [INFO]   [Saved] 8 link(s) converted
[2026-02-08 12:18:22] [INFO] 
[File] content\cyber-security\SANS-401\SANS-401-E2 - Networking and Protocols (401.1).md
[2026-02-08 12:18:22] [INFO]   Category: cyber-security
[2026-02-08 12:18:22] [INFO]     Converted: Pasted image 20240620165523.png
[2026-02-08 12:18:22] [INFO]     -> ![Alt text](/images/cyber-security/Pastedimage20240620165523.png)
[2026-02-08 12:18:22] [INFO]     Converted: Pasted image 20240620165923.png
[2026-02-08 12:18:22] [INFO]     -> ![Alt text](/images/cyber-security/Pastedimage20240620165923.png)
[2026-02-08 12:18:22] [INFO]     Converted: Pasted image 20240620170018.png
[2026-02-08 12:18:22] [INFO]     -> ![Alt text](/images/cyber-security/Pastedimage20240620170018.png)
[2026-02-08 12:18:22] [INFO]     Converted: Pasted image 20240620175636.png
[2026-02-08 12:18:22] [INFO]     -> ![Alt text](/images/cyber-security/Pastedimage20240620175636.png)
[2026-02-08 12:18:22] [INFO]     Converted: Pasted image 20240620170629.png
[2026-02-08 12:18:22] [INFO]     -> ![Alt text](/images/cyber-security/Pastedimage20240620170629.png)
[2026-02-08 12:18:22] [INFO]     Converted: Pasted image 20240620171105.png
[2026-02-08 12:18:22] [INFO]     -> ![Alt text](/images/cyber-security/Pastedimage20240620171105.png)
[2026-02-08 12:18:22] [INFO]     Converted: Pasted image 20240620174957.png
[2026-02-08 12:18:22] [INFO]     -> ![Alt text](/images/cyber-security/Pastedimage20240620174957.png)
[2026-02-08 12:18:22] [INFO]     Converted: Pasted image 20240620175001.png
[2026-02-08 12:18:22] [INFO]     -> ![Alt text](/images/cyber-security/Pastedimage20240620175001.png)
[2026-02-08 12:18:22] [INFO]     Converted: Pasted image 20240620180042.png
[2026-02-08 12:18:22] [INFO]     -> ![Alt text](/images/cyber-security/Pastedimage20240620180042.png)
[2026-02-08 12:18:22] [INFO]     Converted: Pasted image 20240620181147.png
[2026-02-08 12:18:22] [INFO]     -> ![Alt text](/images/cyber-security/Pastedimage20240620181147.png)
[2026-02-08 12:18:22] [INFO]     Converted: Pasted image 20240620181551.png
[2026-02-08 12:18:22] [INFO]     -> ![Alt text](/images/cyber-security/Pastedimage20240620181551.png)
[2026-02-08 12:18:22] [INFO]     Converted: Pasted image 20240620182037.png
[2026-02-08 12:18:22] [INFO]     -> ![Alt text](/images/cyber-security/Pastedimage20240620182037.png)
[2026-02-08 12:18:22] [INFO]     Converted: Pasted image 20240620182614.png
[2026-02-08 12:18:22] [INFO]     -> ![Alt text](/images/cyber-security/Pastedimage20240620182614.png)
[2026-02-08 12:18:22] [INFO]   [Saved] 13 link(s) converted
[2026-02-08 12:18:22] [INFO] 
[File] content\cyber-security\SANS-401\SANS-401-E3 - Virtualization & Cloud Infrastructure(401.1).md
[2026-02-08 12:18:22] [INFO]   Category: cyber-security
[2026-02-08 12:18:22] [INFO]     Converted: Pasted image 20240620183121.png
[2026-02-08 12:18:22] [INFO]     -> ![Alt text](/images/cyber-security/Pastedimage20240620183121.png)
[2026-02-08 12:18:22] [INFO]     Converted: Pasted image 20240620183204.png
[2026-02-08 12:18:22] [INFO]     -> ![Alt text](/images/cyber-security/Pastedimage20240620183204.png)
[2026-02-08 12:18:22] [INFO]     Converted: Pasted image 20240620183227.png
[2026-02-08 12:18:22] [INFO]     -> ![Alt text](/images/cyber-security/Pastedimage20240620183227.png)
[2026-02-08 12:18:22] [INFO]     Converted: Pasted image 20240620183242.png
[2026-02-08 12:18:22] [INFO]     -> ![Alt text](/images/cyber-security/Pastedimage20240620183242.png)
[2026-02-08 12:18:22] [INFO]     Converted: Pasted image 20240620183352.png
[2026-02-08 12:18:22] [INFO]     -> ![Alt text](/images/cyber-security/Pastedimage20240620183352.png)
[2026-02-08 12:18:22] [INFO]     Converted: Pasted image 20240620184519.png
[2026-02-08 12:18:22] [INFO]     -> ![Alt text](/images/cyber-security/Pastedimage20240620184519.png)
[2026-02-08 12:18:22] [INFO]     Converted: Pasted image 20240620194028.png
[2026-02-08 12:18:22] [INFO]     -> ![Alt text](/images/cyber-security/Pastedimage20240620194028.png)
[2026-02-08 12:18:22] [INFO]     Converted: Pasted image 20240620194123.png
[2026-02-08 12:18:22] [INFO]     -> ![Alt text](/images/cyber-security/Pastedimage20240620194123.png)
[2026-02-08 12:18:22] [INFO]     Converted: Pasted image 20240620194240.png
[2026-02-08 12:18:22] [INFO]     -> ![Alt text](/images/cyber-security/Pastedimage20240620194240.png)
[2026-02-08 12:18:22] [INFO]     Converted: Pasted image 20240620194553.png
[2026-02-08 12:18:22] [INFO]     -> ![Alt text](/images/cyber-security/Pastedimage20240620194553.png)
[2026-02-08 12:18:22] [INFO]     Converted: Pasted image 20240620195702.png
[2026-02-08 12:18:22] [INFO]     -> ![Alt text](/images/cyber-security/Pastedimage20240620195702.png)
[2026-02-08 12:18:22] [INFO]     Converted: Pasted image 20240620200538.png
[2026-02-08 12:18:22] [INFO]     -> ![Alt text](/images/cyber-security/Pastedimage20240620200538.png)
[2026-02-08 12:18:22] [INFO]     Converted: Pasted image 20240620201106.png
[2026-02-08 12:18:22] [INFO]     -> ![Alt text](/images/cyber-security/Pastedimage20240620201106.png)
[2026-02-08 12:18:22] [INFO]     Converted: Pasted image 20240620202009.png
[2026-02-08 12:18:22] [INFO]     -> ![Alt text](/images/cyber-security/Pastedimage20240620202009.png)
[2026-02-08 12:18:22] [INFO]   [Saved] 14 link(s) converted
[2026-02-08 12:18:22] [INFO] 
[File] content\cyber-security\SANS-401\SANS-401-E4, E5, E6 - Wireless, Aircrack-ng, Wireshark (401.1).md
[2026-02-08 12:18:22] [INFO]   Category: cyber-security
[2026-02-08 12:18:22] [INFO]     Converted: Pasted image 20240620203510.png
[2026-02-08 12:18:22] [INFO]     -> ![Alt text](/images/cyber-security/Pastedimage20240620203510.png)
[2026-02-08 12:18:22] [INFO]     Converted: Pasted image 20240620203819.png
[2026-02-08 12:18:22] [INFO]     -> ![Alt text](/images/cyber-security/Pastedimage20240620203819.png)
[2026-02-08 12:18:22] [INFO]     Converted: Pasted image 20240620204019.png
[2026-02-08 12:18:22] [INFO]     -> ![Alt text](/images/cyber-security/Pastedimage20240620204019.png)
[2026-02-08 12:18:22] [INFO]     Converted: Pasted image 20240620204807.png
[2026-02-08 12:18:22] [INFO]     -> ![Alt text](/images/cyber-security/Pastedimage20240620204807.png)
[2026-02-08 12:18:22] [INFO]     Converted: Pasted image 20240620205025.png
[2026-02-08 12:18:22] [INFO]     -> ![Alt text](/images/cyber-security/Pastedimage20240620205025.png)
[2026-02-08 12:18:22] [INFO]     Converted: Pasted image 20240621164752.png
[2026-02-08 12:18:22] [INFO]     -> ![Alt text](/images/cyber-security/Pastedimage20240621164752.png)
[2026-02-08 12:18:22] [INFO]     Converted: Pasted image 20240621165857.png
[2026-02-08 12:18:22] [INFO]     -> ![Alt text](/images/cyber-security/Pastedimage20240621165857.png)
[2026-02-08 12:18:22] [INFO]     Converted: Pasted image 20240621170039.png
[2026-02-08 12:18:22] [INFO]     -> ![Alt text](/images/cyber-security/Pastedimage20240621170039.png)
[2026-02-08 12:18:22] [INFO]     Converted: Pasted image 20240621170041.png
[2026-02-08 12:18:22] [INFO]     -> ![Alt text](/images/cyber-security/Pastedimage20240621170041.png)
[2026-02-08 12:18:22] [INFO]     Converted: Pasted image 20240621170532.png
[2026-02-08 12:18:22] [INFO]     -> ![Alt text](/images/cyber-security/Pastedimage20240621170532.png)
[2026-02-08 12:18:22] [INFO]     Converted: Pasted image 20240621172255.png
[2026-02-08 12:18:22] [INFO]     -> ![Alt text](/images/cyber-security/Pastedimage20240621172255.png)
[2026-02-08 12:18:22] [INFO]     Converted: Pasted image 20240621172422.png
[2026-02-08 12:18:22] [INFO]     -> ![Alt text](/images/cyber-security/Pastedimage20240621172422.png)
[2026-02-08 12:18:22] [INFO]   [Saved] 12 link(s) converted
[2026-02-08 12:18:22] [INFO] 
[File] content\cyber-security\SANS-401\SANS-401-E7- Defense-in-Depth (401.2).md
[2026-02-08 12:18:22] [INFO]   Category: cyber-security
[2026-02-08 12:18:22] [INFO]     Converted: Pasted image 20240621173423.png
[2026-02-08 12:18:22] [INFO]     -> ![Alt text](/images/cyber-security/Pastedimage20240621173423.png)
[2026-02-08 12:18:22] [INFO]     Converted: Pasted image 20240621173706.png
[2026-02-08 12:18:22] [INFO]     -> ![Alt text](/images/cyber-security/Pastedimage20240621173706.png)
[2026-02-08 12:18:22] [INFO]     Converted: Pasted image 20240621180821.png
[2026-02-08 12:18:22] [INFO]     -> ![Alt text](/images/cyber-security/Pastedimage20240621180821.png)
[2026-02-08 12:18:22] [INFO]     Converted: Pasted image 20240621181416.png
[2026-02-08 12:18:22] [INFO]     -> ![Alt text](/images/cyber-security/Pastedimage20240621181416.png)
[2026-02-08 12:18:22] [INFO]     Converted: Pasted image 20240621181800.png
[2026-02-08 12:18:22] [INFO]     -> ![Alt text](/images/cyber-security/Pastedimage20240621181800.png)
[2026-02-08 12:18:22] [INFO]     Converted: Pasted image 20240621182040.png
[2026-02-08 12:18:22] [INFO]     -> ![Alt text](/images/cyber-security/Pastedimage20240621182040.png)
[2026-02-08 12:18:22] [INFO]     Converted: Pasted image 20240621182546.png
[2026-02-08 12:18:22] [INFO]     -> ![Alt text](/images/cyber-security/Pastedimage20240621182546.png)
[2026-02-08 12:18:22] [INFO]     Converted: Pasted image 20240621182838.png
[2026-02-08 12:18:22] [INFO]     -> ![Alt text](/images/cyber-security/Pastedimage20240621182838.png)
[2026-02-08 12:18:22] [INFO]     Converted: Pasted image 20240621184130.png
[2026-02-08 12:18:22] [INFO]     -> ![Alt text](/images/cyber-security/Pastedimage20240621184130.png)
[2026-02-08 12:18:22] [INFO]   [Saved] 9 link(s) converted
[2026-02-08 12:18:22] [INFO] 
[File] content\cyber-security\SANS-401\SANS-401-E8, E9 - Password Cracking.md
[2026-02-08 12:18:22] [INFO]   Category: cyber-security
[2026-02-08 12:18:22] [INFO]     Converted: Pasted image 20240624195037.png
[2026-02-08 12:18:22] [INFO]     -> ![Alt text](/images/cyber-security/Pastedimage20240624195037.png)
[2026-02-08 12:18:22] [INFO]     Converted: Pasted image 20240624195151.png
[2026-02-08 12:18:22] [INFO]     -> ![Alt text](/images/cyber-security/Pastedimage20240624195151.png)
[2026-02-08 12:18:22] [INFO]     Converted: Pasted image 20240624195533.png
[2026-02-08 12:18:22] [INFO]     -> ![Alt text](/images/cyber-security/Pastedimage20240624195533.png)
[2026-02-08 12:18:22] [INFO]     Converted: Pasted image 20240624204001.png
[2026-02-08 12:18:22] [INFO]     -> ![Alt text](/images/cyber-security/Pastedimage20240624204001.png)
[2026-02-08 12:18:22] [INFO]     Converted: Pasted image 20240624205403.png
[2026-02-08 12:18:22] [INFO]     -> ![Alt text](/images/cyber-security/Pastedimage20240624205403.png)
[2026-02-08 12:18:22] [INFO]     Converted: Pasted image 20240624205939.png
[2026-02-08 12:18:22] [INFO]     -> ![Alt text](/images/cyber-security/Pastedimage20240624205939.png)
[2026-02-08 12:18:22] [INFO]     Converted: Pasted image 20240624211241.png
[2026-02-08 12:18:22] [INFO]     -> ![Alt text](/images/cyber-security/Pastedimage20240624211241.png)
[2026-02-08 12:18:22] [INFO]     Converted: Pasted image 20240624210842.png
[2026-02-08 12:18:22] [INFO]     -> ![Alt text](/images/cyber-security/Pastedimage20240624210842.png)
[2026-02-08 12:18:22] [INFO]     Converted: Pasted image 20240624211100.png
[2026-02-08 12:18:22] [INFO]     -> ![Alt text](/images/cyber-security/Pastedimage20240624211100.png)
[2026-02-08 12:18:22] [INFO]     Converted: Pasted image 20240624211034.png
[2026-02-08 12:18:22] [INFO]     -> ![Alt text](/images/cyber-security/Pastedimage20240624211034.png)
[2026-02-08 12:18:22] [INFO]     Converted: Pasted image 20240624210955.png
[2026-02-08 12:18:22] [INFO]     -> ![Alt text](/images/cyber-security/Pastedimage20240624210955.png)
[2026-02-08 12:18:22] [INFO]     Converted: Pasted image 20240624211139.png
[2026-02-08 12:18:22] [INFO]     -> ![Alt text](/images/cyber-security/Pastedimage20240624211139.png)
[2026-02-08 12:18:22] [INFO]     Converted: Pasted image 20240624210729.png
[2026-02-08 12:18:22] [INFO]     -> ![Alt text](/images/cyber-security/Pastedimage20240624210729.png)
[2026-02-08 12:18:22] [INFO]     Converted: Pasted image 20240624211736.png
[2026-02-08 12:18:22] [INFO]     -> ![Alt text](/images/cyber-security/Pastedimage20240624211736.png)
[2026-02-08 12:18:22] [INFO]     Converted: Pasted image 20240624212005.png
[2026-02-08 12:18:22] [INFO]     -> ![Alt text](/images/cyber-security/Pastedimage20240624212005.png)
[2026-02-08 12:18:22] [INFO]     Converted: Pasted image 20240624212124.png
[2026-02-08 12:18:22] [INFO]     -> ![Alt text](/images/cyber-security/Pastedimage20240624212124.png)
[2026-02-08 12:18:22] [INFO]     Converted: Pasted image 20240624212250.png
[2026-02-08 12:18:22] [INFO]     -> ![Alt text](/images/cyber-security/Pastedimage20240624212250.png)
[2026-02-08 12:18:22] [INFO]     Converted: Pasted image 20240624212751.png
[2026-02-08 12:18:22] [INFO]     -> ![Alt text](/images/cyber-security/Pastedimage20240624212751.png)
[2026-02-08 12:18:22] [INFO]     Converted: Pasted image 20240624212900.png
[2026-02-08 12:18:22] [INFO]     -> ![Alt text](/images/cyber-security/Pastedimage20240624212900.png)
[2026-02-08 12:18:22] [INFO]     Converted: Pasted image 20240624213056.png
[2026-02-08 12:18:22] [INFO]     -> ![Alt text](/images/cyber-security/Pastedimage20240624213056.png)
[2026-02-08 12:18:22] [INFO]     Converted: Pasted image 20240624213224.png
[2026-02-08 12:18:22] [INFO]     -> ![Alt text](/images/cyber-security/Pastedimage20240624213224.png)
[2026-02-08 12:18:22] [INFO]     Converted: Pasted image 20240624213704.png
[2026-02-08 12:18:22] [INFO]     -> ![Alt text](/images/cyber-security/Pastedimage20240624213704.png)
[2026-02-08 12:18:22] [INFO]     Converted: Pasted image 20240624213812.png
[2026-02-08 12:18:22] [INFO]     -> ![Alt text](/images/cyber-security/Pastedimage20240624213812.png)
[2026-02-08 12:18:22] [INFO]     Converted: Pasted image 20240624213852.png
[2026-02-08 12:18:22] [INFO]     -> ![Alt text](/images/cyber-security/Pastedimage20240624213852.png)
[2026-02-08 12:18:22] [INFO]     Converted: Pasted image 20240624214101.png
[2026-02-08 12:18:22] [INFO]     -> ![Alt text](/images/cyber-security/Pastedimage20240624214101.png)
[2026-02-08 12:18:22] [INFO]     Converted: Pasted image 20240624214347.png
[2026-02-08 12:18:22] [INFO]     -> ![Alt text](/images/cyber-security/Pastedimage20240624214347.png)
[2026-02-08 12:18:22] [INFO]     Converted: Pasted image 20240624214522.png
[2026-02-08 12:18:22] [INFO]     -> ![Alt text](/images/cyber-security/Pastedimage20240624214522.png)
[2026-02-08 12:18:22] [INFO]     Converted: Pasted image 20240624214603.png
[2026-02-08 12:18:22] [INFO]     -> ![Alt text](/images/cyber-security/Pastedimage20240624214603.png)
[2026-02-08 12:18:22] [INFO]     Converted: Pasted image 20240624214731.png
[2026-02-08 12:18:22] [INFO]     -> ![Alt text](/images/cyber-security/Pastedimage20240624214731.png)
[2026-02-08 12:18:22] [INFO]     Converted: Pasted image 20240624214923.png
[2026-02-08 12:18:22] [INFO]     -> ![Alt text](/images/cyber-security/Pastedimage20240624214923.png)
[2026-02-08 12:18:22] [INFO]   [Saved] 30 link(s) converted
[2026-02-08 12:18:22] [INFO] 
[File] content\linux\60 Commands Hacker Should Know it.md
[2026-02-08 12:18:22] [INFO]   Category: linux
[2026-02-08 12:18:22] [INFO]     Converted: Pasted image 20251201181732.png
[2026-02-08 12:18:22] [INFO]     -> ![Alt text](/images/linux/Pastedimage20251201181732.png)
[2026-02-08 12:18:22] [INFO]     Converted: Pasted image 20251201181847.png
[2026-02-08 12:18:22] [INFO]     -> ![Alt text](/images/linux/Pastedimage20251201181847.png)
[2026-02-08 12:18:22] [INFO]     Converted: Pasted image 20251201182046.png
[2026-02-08 12:18:22] [INFO]     -> ![Alt text](/images/linux/Pastedimage20251201182046.png)
[2026-02-08 12:18:22] [INFO]     Converted: Pasted image 20251201182137.png
[2026-02-08 12:18:22] [INFO]     -> ![Alt text](/images/linux/Pastedimage20251201182137.png)
[2026-02-08 12:18:22] [INFO]     Converted: Pasted image 20251201182336.png
[2026-02-08 12:18:22] [INFO]     -> ![Alt text](/images/linux/Pastedimage20251201182336.png)
[2026-02-08 12:18:22] [INFO]     Converted: Pasted image 20251201182425.png
[2026-02-08 12:18:22] [INFO]     -> ![Alt text](/images/linux/Pastedimage20251201182425.png)
[2026-02-08 12:18:22] [INFO]     Converted: Pasted image 20251201182611.png
[2026-02-08 12:18:22] [INFO]     -> ![Alt text](/images/linux/Pastedimage20251201182611.png)
[2026-02-08 12:18:22] [INFO]     Converted: Pasted image 20251201182934.png
[2026-02-08 12:18:22] [INFO]     -> ![Alt text](/images/linux/Pastedimage20251201182934.png)
[2026-02-08 12:18:22] [INFO]     Converted: Pasted image 20251201183204.png
[2026-02-08 12:18:22] [INFO]     -> ![Alt text](/images/linux/Pastedimage20251201183204.png)
[2026-02-08 12:18:22] [INFO]     Converted: Pasted image 20251201183318.png
[2026-02-08 12:18:22] [INFO]     -> ![Alt text](/images/linux/Pastedimage20251201183318.png)
[2026-02-08 12:18:22] [INFO]     Converted: Pasted image 20251201183534.png
[2026-02-08 12:18:22] [INFO]     -> ![Alt text](/images/linux/Pastedimage20251201183534.png)
[2026-02-08 12:18:22] [INFO]     Converted: Pasted image 20251201183918.png
[2026-02-08 12:18:22] [INFO]     -> ![Alt text](/images/linux/Pastedimage20251201183918.png)
[2026-02-08 12:18:22] [INFO]     Converted: Pasted image 20251201184053.png
[2026-02-08 12:18:22] [INFO]     -> ![Alt text](/images/linux/Pastedimage20251201184053.png)
[2026-02-08 12:18:22] [INFO]     Converted: Pasted image 20251201184400.png
[2026-02-08 12:18:22] [INFO]     -> ![Alt text](/images/linux/Pastedimage20251201184400.png)
[2026-02-08 12:18:22] [INFO]     Converted: Pasted image 20251201184619.png
[2026-02-08 12:18:22] [INFO]     -> ![Alt text](/images/linux/Pastedimage20251201184619.png)
[2026-02-08 12:18:22] [INFO]     Converted: Pasted image 20251201184843.png
[2026-02-08 12:18:22] [INFO]     -> ![Alt text](/images/linux/Pastedimage20251201184843.png)
[2026-02-08 12:18:22] [INFO]     Converted: Pasted image 20251201184925.png
[2026-02-08 12:18:22] [INFO]     -> ![Alt text](/images/linux/Pastedimage20251201184925.png)
[2026-02-08 12:18:22] [INFO]     Converted: Pasted image 20251201185105.png
[2026-02-08 12:18:22] [INFO]     -> ![Alt text](/images/linux/Pastedimage20251201185105.png)
[2026-02-08 12:18:22] [INFO]     Converted: Pasted image 20251201185334.png
[2026-02-08 12:18:22] [INFO]     -> ![Alt text](/images/linux/Pastedimage20251201185334.png)
[2026-02-08 12:18:22] [INFO]     Converted: Pasted image 20251201185312.png
[2026-02-08 12:18:22] [INFO]     -> ![Alt text](/images/linux/Pastedimage20251201185312.png)
[2026-02-08 12:18:22] [INFO]     Converted: Pasted image 20251201185841.png
[2026-02-08 12:18:22] [INFO]     -> ![Alt text](/images/linux/Pastedimage20251201185841.png)
[2026-02-08 12:18:22] [INFO]     Converted: Pasted image 20251201190027.png
[2026-02-08 12:18:22] [INFO]     -> ![Alt text](/images/linux/Pastedimage20251201190027.png)
[2026-02-08 12:18:22] [INFO]     Converted: Pasted image 20251201185958.png
[2026-02-08 12:18:22] [INFO]     -> ![Alt text](/images/linux/Pastedimage20251201185958.png)
[2026-02-08 12:18:22] [INFO]     Converted: Pasted image 20251201190000.png
[2026-02-08 12:18:22] [INFO]     -> ![Alt text](/images/linux/Pastedimage20251201190000.png)
[2026-02-08 12:18:22] [INFO]   [Saved] 24 link(s) converted
[2026-02-08 12:18:22] [INFO] 
[File] content\seo\0-SEO-Theories\E1 to E5 - SEO Intro, Search Engines, Keywords.md
[2026-02-08 12:18:22] [INFO]   Category: seo
[2026-02-08 12:18:22] [INFO]     Converted: Pasted image 20240621193526.png
[2026-02-08 12:18:22] [INFO]     -> ![Alt text](/images/seo/Pastedimage20240621193526.png)
[2026-02-08 12:18:22] [INFO]     Converted: Pasted image 20240621201236.png
[2026-02-08 12:18:22] [INFO]     -> ![Alt text](/images/seo/Pastedimage20240621201236.png)
[2026-02-08 12:18:22] [INFO]     Converted: Pasted image 20240622164815.png
[2026-02-08 12:18:22] [INFO]     -> ![Alt text](/images/seo/Pastedimage20240622164815.png)
[2026-02-08 12:18:22] [INFO]     Converted: Pasted image 20240622165434.png
[2026-02-08 12:18:22] [INFO]     -> ![Alt text](/images/seo/Pastedimage20240622165434.png)
[2026-02-08 12:18:22] [INFO]     Converted: Pasted image 20240622165537.png
[2026-02-08 12:18:22] [INFO]     -> ![Alt text](/images/seo/Pastedimage20240622165537.png)
[2026-02-08 12:18:22] [INFO]     Converted: Pasted image 20240622165713.png
[2026-02-08 12:18:22] [INFO]     -> ![Alt text](/images/seo/Pastedimage20240622165713.png)
[2026-02-08 12:18:22] [INFO]     Converted: Pasted image 20240622170537.png
[2026-02-08 12:18:22] [INFO]     -> ![Alt text](/images/seo/Pastedimage20240622170537.png)
[2026-02-08 12:18:22] [INFO]     Converted: Pasted image 20240622173011.png
[2026-02-08 12:18:22] [INFO]     -> ![Alt text](/images/seo/Pastedimage20240622173011.png)
[2026-02-08 12:18:22] [INFO]     Converted: Pasted image 20240622173259.png
[2026-02-08 12:18:22] [INFO]     -> ![Alt text](/images/seo/Pastedimage20240622173259.png)
[2026-02-08 12:18:22] [INFO]     Converted: Pasted image 20240622173409.png
[2026-02-08 12:18:22] [INFO]     -> ![Alt text](/images/seo/Pastedimage20240622173409.png)
[2026-02-08 12:18:22] [INFO]     Converted: Pasted image 20240622173742.png
[2026-02-08 12:18:22] [INFO]     -> ![Alt text](/images/seo/Pastedimage20240622173742.png)
[2026-02-08 12:18:22] [INFO]   [Saved] 11 link(s) converted
[2026-02-08 12:18:22] [INFO] 
[File] content\seo\0-SEO-Theories\E10, E11, - Content SEO, Important Website Pages.md
[2026-02-08 12:18:22] [INFO]   Category: seo
[2026-02-08 12:18:22] [INFO]     Converted: Pasted image 20240623213450.png
[2026-02-08 12:18:22] [INFO]     -> ![Alt text](/images/seo/Pastedimage20240623213450.png)
[2026-02-08 12:18:22] [INFO]     Converted: Pasted image 20240623224412.png
[2026-02-08 12:18:22] [INFO]     -> ![Alt text](/images/seo/Pastedimage20240623224412.png)
[2026-02-08 12:18:22] [INFO]     Converted: Pasted image 20240623224528.png
[2026-02-08 12:18:22] [INFO]     -> ![Alt text](/images/seo/Pastedimage20240623224528.png)
[2026-02-08 12:18:22] [INFO]     Converted: Pasted image 20240623224722.png
[2026-02-08 12:18:22] [INFO]     -> ![Alt text](/images/seo/Pastedimage20240623224722.png)
[2026-02-08 12:18:22] [INFO]     Converted: Pasted image 20240624191013.png
[2026-02-08 12:18:22] [INFO]     -> ![Alt text](/images/seo/Pastedimage20240624191013.png)
[2026-02-08 12:18:22] [INFO]     Converted: Pasted image 20240624191130.png
[2026-02-08 12:18:22] [INFO]     -> ![Alt text](/images/seo/Pastedimage20240624191130.png)
[2026-02-08 12:18:22] [INFO]     Converted: Pasted image 20240624192827.png
[2026-02-08 12:18:22] [INFO]     -> ![Alt text](/images/seo/Pastedimage20240624192827.png)
[2026-02-08 12:18:22] [INFO]     Converted: Pasted image 20240624192858.png
[2026-02-08 12:18:22] [INFO]     -> ![Alt text](/images/seo/Pastedimage20240624192858.png)
[2026-02-08 12:18:22] [INFO]     Converted: Pasted image 20240624193345.png
[2026-02-08 12:18:22] [INFO]     -> ![Alt text](/images/seo/Pastedimage20240624193345.png)
[2026-02-08 12:18:22] [INFO]     Converted: Pasted image 20240624194253.png
[2026-02-08 12:18:22] [INFO]     -> ![Alt text](/images/seo/Pastedimage20240624194253.png)
[2026-02-08 12:18:22] [INFO]   [Saved] 10 link(s) converted
[2026-02-08 12:18:22] [INFO] 
[File] content\seo\0-SEO-Theories\E12- Woorank(Check Website SEO).md
[2026-02-08 12:18:22] [INFO]   Category: seo
[2026-02-08 12:18:22] [INFO]     Converted: Pasted image 20260120173303.png
[2026-02-08 12:18:22] [INFO]     -> ![Alt text](/images/seo/Pastedimage20260120173303.png)
[2026-02-08 12:18:22] [INFO]     Converted: Pasted image 20260120175417.png
[2026-02-08 12:18:22] [INFO]     -> ![Alt text](/images/seo/Pastedimage20260120175417.png)
[2026-02-08 12:18:22] [INFO]     Converted: Pasted image 20260120173610.png
[2026-02-08 12:18:22] [INFO]     -> ![Alt text](/images/seo/Pastedimage20260120173610.png)
[2026-02-08 12:18:22] [INFO]     Converted: Pasted image 20260120174656.png
[2026-02-08 12:18:22] [INFO]     -> ![Alt text](/images/seo/Pastedimage20260120174656.png)
[2026-02-08 12:18:22] [INFO]     Converted: Pasted image 20260120174632.png
[2026-02-08 12:18:22] [INFO]     -> ![Alt text](/images/seo/Pastedimage20260120174632.png)
[2026-02-08 12:18:22] [INFO]     Converted: Pasted image 20260120174901.png
[2026-02-08 12:18:22] [INFO]     -> ![Alt text](/images/seo/Pastedimage20260120174901.png)
[2026-02-08 12:18:22] [INFO]     Converted: Pasted image 20260120175205.png
[2026-02-08 12:18:22] [INFO]     -> ![Alt text](/images/seo/Pastedimage20260120175205.png)
[2026-02-08 12:18:22] [INFO]     Converted: Pasted image 20260120175331.png
[2026-02-08 12:18:22] [INFO]     -> ![Alt text](/images/seo/Pastedimage20260120175331.png)
[2026-02-08 12:18:22] [INFO]     Converted: Pasted image 20260120175554.png
[2026-02-08 12:18:22] [INFO]     -> ![Alt text](/images/seo/Pastedimage20260120175554.png)
[2026-02-08 12:18:22] [INFO]     Converted: Pasted image 20260120180820.png
[2026-02-08 12:18:22] [INFO]     -> ![Alt text](/images/seo/Pastedimage20260120180820.png)
[2026-02-08 12:18:22] [INFO]     Converted: Pasted image 20260120180429.png
[2026-02-08 12:18:22] [INFO]     -> ![Alt text](/images/seo/Pastedimage20260120180429.png)
[2026-02-08 12:18:22] [INFO]     Converted: Pasted image 20260120181056.png
[2026-02-08 12:18:22] [INFO]     -> ![Alt text](/images/seo/Pastedimage20260120181056.png)
[2026-02-08 12:18:22] [INFO]   [Saved] 12 link(s) converted
[2026-02-08 12:18:22] [INFO] 
[File] content\seo\0-SEO-Theories\E13 - Good Contents for SEO.md
[2026-02-08 12:18:22] [INFO]   Category: seo
[2026-02-08 12:18:22] [INFO]     Converted: Pasted image 20260120184940.png
[2026-02-08 12:18:22] [INFO]     -> ![Alt text](/images/seo/Pastedimage20260120184940.png)
[2026-02-08 12:18:22] [INFO]     Converted: Pasted image 20260120190219.png
[2026-02-08 12:18:22] [INFO]     -> ![Alt text](/images/seo/Pastedimage20260120190219.png)
[2026-02-08 12:18:22] [INFO]     Converted: Pasted image 20260120190249.png
[2026-02-08 12:18:22] [INFO]     -> ![Alt text](/images/seo/Pastedimage20260120190249.png)
[2026-02-08 12:18:22] [INFO]   [Saved] 3 link(s) converted
[2026-02-08 12:18:22] [INFO] 
[File] content\seo\0-SEO-Theories\E15 - Page Rank.md
[2026-02-08 12:18:22] [INFO]   Category: seo
[2026-02-08 12:18:22] [INFO]     Converted: Pasted image 20260120195815.png
[2026-02-08 12:18:22] [INFO]     -> ![Alt text](/images/seo/Pastedimage20260120195815.png)
[2026-02-08 12:18:22] [INFO]     Converted: Pasted image 20260120195854.png
[2026-02-08 12:18:22] [INFO]     -> ![Alt text](/images/seo/Pastedimage20260120195854.png)
[2026-02-08 12:18:22] [INFO]   [Saved] 2 link(s) converted
[2026-02-08 12:18:22] [INFO] 
[File] content\seo\0-SEO-Theories\E16 - Page Authority & Domain Authority.md
[2026-02-08 12:18:22] [INFO]   Category: seo
[2026-02-08 12:18:22] [INFO]     Converted: Pasted image 20260120210415.png
[2026-02-08 12:18:22] [INFO]     -> ![Alt text](/images/seo/Pastedimage20260120210415.png)
[2026-02-08 12:18:22] [INFO]     Converted: Pasted image 20260120210915.png
[2026-02-08 12:18:22] [INFO]     -> ![Alt text](/images/seo/Pastedimage20260120210915.png)
[2026-02-08 12:18:22] [INFO]     Converted: Pasted image 20260120210732.png
[2026-02-08 12:18:22] [INFO]     -> ![Alt text](/images/seo/Pastedimage20260120210732.png)
[2026-02-08 12:18:22] [INFO]   [Saved] 3 link(s) converted
[2026-02-08 12:18:22] [INFO] 
[File] content\seo\0-SEO-Theories\E17 - Backlinks.md
[2026-02-08 12:18:22] [INFO]   Category: seo
[2026-02-08 12:18:22] [INFO]     Converted: Pasted image 20260121190100.png
[2026-02-08 12:18:22] [INFO]     -> ![Alt text](/images/seo/Pastedimage20260121190100.png)
[2026-02-08 12:18:22] [INFO]   [Saved] 1 link(s) converted
[2026-02-08 12:18:22] [INFO] 
[File] content\seo\0-SEO-Theories\E6 to E9 - Find Keywords,  Website Structure & Necessary HTML Tags for SEO.md
[2026-02-08 12:18:22] [INFO]   Category: seo
[2026-02-08 12:18:22] [INFO]     Converted: Pasted image 20240622202553.png
[2026-02-08 12:18:22] [INFO]     -> ![Alt text](/images/seo/Pastedimage20240622202553.png)
[2026-02-08 12:18:22] [INFO]     Converted: Pasted image 20240622203718.png
[2026-02-08 12:18:22] [INFO]     -> ![Alt text](/images/seo/Pastedimage20240622203718.png)
[2026-02-08 12:18:22] [INFO]     Converted: Pasted image 20240622203754.png
[2026-02-08 12:18:22] [INFO]     -> ![Alt text](/images/seo/Pastedimage20240622203754.png)
[2026-02-08 12:18:22] [INFO]     Converted: Pasted image 20240622204050.png
[2026-02-08 12:18:22] [INFO]     -> ![Alt text](/images/seo/Pastedimage20240622204050.png)
[2026-02-08 12:18:22] [INFO]     Converted: Pasted image 20240622205615.png
[2026-02-08 12:18:22] [INFO]     -> ![Alt text](/images/seo/Pastedimage20240622205615.png)
[2026-02-08 12:18:22] [INFO]     Converted: Pasted image 20240622204601.png
[2026-02-08 12:18:22] [INFO]     -> ![Alt text](/images/seo/Pastedimage20240622204601.png)
[2026-02-08 12:18:22] [INFO]     Converted: Pasted image 20240622204629.png
[2026-02-08 12:18:22] [INFO]     -> ![Alt text](/images/seo/Pastedimage20240622204629.png)
[2026-02-08 12:18:22] [INFO]     Converted: Pasted image 20240622204951.png
[2026-02-08 12:18:22] [INFO]     -> ![Alt text](/images/seo/Pastedimage20240622204951.png)
[2026-02-08 12:18:22] [INFO]     Converted: Pasted image 20240622210354.png
[2026-02-08 12:18:22] [INFO]     -> ![Alt text](/images/seo/Pastedimage20240622210354.png)
[2026-02-08 12:18:22] [INFO]     Converted: Pasted image 20240622210607.png
[2026-02-08 12:18:22] [INFO]     -> ![Alt text](/images/seo/Pastedimage20240622210607.png)
[2026-02-08 12:18:22] [INFO]     Converted: Pasted image 20240622210702.png
[2026-02-08 12:18:22] [INFO]     -> ![Alt text](/images/seo/Pastedimage20240622210702.png)
[2026-02-08 12:18:22] [INFO]     Converted: Pasted image 20240622210835.png
[2026-02-08 12:18:22] [INFO]     -> ![Alt text](/images/seo/Pastedimage20240622210835.png)
[2026-02-08 12:18:22] [INFO]     Converted: Pasted image 20240622211258.png
[2026-02-08 12:18:22] [INFO]     -> ![Alt text](/images/seo/Pastedimage20240622211258.png)
[2026-02-08 12:18:22] [INFO]     Converted: Pasted image 20240622211351.png
[2026-02-08 12:18:22] [INFO]     -> ![Alt text](/images/seo/Pastedimage20240622211351.png)
[2026-02-08 12:18:22] [INFO]     Converted: Pasted image 20240622211609.png
[2026-02-08 12:18:22] [INFO]     -> ![Alt text](/images/seo/Pastedimage20240622211609.png)
[2026-02-08 12:18:22] [INFO]     Converted: Pasted image 20240622212132.png
[2026-02-08 12:18:22] [INFO]     -> ![Alt text](/images/seo/Pastedimage20240622212132.png)
[2026-02-08 12:18:22] [INFO]     Converted: Pasted image 20240622230532.png
[2026-02-08 12:18:22] [INFO]     -> ![Alt text](/images/seo/Pastedimage20240622230532.png)
[2026-02-08 12:18:22] [INFO]     Converted: Pasted image 20240622231205.png
[2026-02-08 12:18:22] [INFO]     -> ![Alt text](/images/seo/Pastedimage20240622231205.png)
[2026-02-08 12:18:22] [INFO]     Converted: Pasted image 20240622231245.png
[2026-02-08 12:18:22] [INFO]     -> ![Alt text](/images/seo/Pastedimage20240622231245.png)
[2026-02-08 12:18:22] [INFO]     Converted: Pasted image 20240622231644.png
[2026-02-08 12:18:22] [INFO]     -> ![Alt text](/images/seo/Pastedimage20240622231644.png)
[2026-02-08 12:18:22] [INFO]     Converted: Pasted image 20240622233917.png
[2026-02-08 12:18:22] [INFO]     -> ![Alt text](/images/seo/Pastedimage20240622233917.png)
[2026-02-08 12:18:22] [INFO]     Converted: Pasted image 20240622235442.png
[2026-02-08 12:18:22] [INFO]     -> ![Alt text](/images/seo/Pastedimage20240622235442.png)
[2026-02-08 12:18:22] [INFO]     Converted: Pasted image 20240622235712.png
[2026-02-08 12:18:22] [INFO]     -> ![Alt text](/images/seo/Pastedimage20240622235712.png)
[2026-02-08 12:18:22] [INFO]     Converted: Pasted image 20240622234913.png
[2026-02-08 12:18:22] [INFO]     -> ![Alt text](/images/seo/Pastedimage20240622234913.png)
[2026-02-08 12:18:22] [INFO]     Converted: Pasted image 20240622234916.png
[2026-02-08 12:18:22] [INFO]     -> ![Alt text](/images/seo/Pastedimage20240622234916.png)
[2026-02-08 12:18:22] [INFO]     Converted: Pasted image 20240623211107.png
[2026-02-08 12:18:22] [INFO]     -> ![Alt text](/images/seo/Pastedimage20240623211107.png)
[2026-02-08 12:18:22] [INFO]     Converted: Pasted image 20240623211223.png
[2026-02-08 12:18:22] [INFO]     -> ![Alt text](/images/seo/Pastedimage20240623211223.png)
[2026-02-08 12:18:22] [INFO]     Converted: Pasted image 20240623204152.png
[2026-02-08 12:18:22] [INFO]     -> ![Alt text](/images/seo/Pastedimage20240623204152.png)
[2026-02-08 12:18:22] [INFO]     Converted: Pasted image 20240623204902.png
[2026-02-08 12:18:22] [INFO]     -> ![Alt text](/images/seo/Pastedimage20240623204902.png)
[2026-02-08 12:18:22] [INFO]     Converted: Pasted image 20240623205050.png
[2026-02-08 12:18:22] [INFO]     -> ![Alt text](/images/seo/Pastedimage20240623205050.png)
[2026-02-08 12:18:22] [INFO]     Converted: Pasted image 20240623205615.png
[2026-02-08 12:18:22] [INFO]     -> ![Alt text](/images/seo/Pastedimage20240623205615.png)
[2026-02-08 12:18:22] [INFO]     Converted: Pasted image 20240623210733.png
[2026-02-08 12:18:22] [INFO]     -> ![Alt text](/images/seo/Pastedimage20240623210733.png)
[2026-02-08 12:18:22] [INFO]     Converted: Pasted image 20240623210734.png
[2026-02-08 12:18:22] [INFO]     -> ![Alt text](/images/seo/Pastedimage20240623210734.png)
[2026-02-08 12:18:22] [INFO]   [Saved] 33 link(s) converted
[2026-02-08 12:18:22] [INFO] 
[File] content\tools\MSFConsole Commands.md
[2026-02-08 12:18:22] [INFO]   Category: tools
[2026-02-08 12:18:22] [INFO]     Converted: Pasted image 20250703164923.png
[2026-02-08 12:18:22] [INFO]     -> ![Alt text](/images/tools/Pastedimage20250703164923.png)
[2026-02-08 12:18:22] [INFO]     Converted: Pasted image 20250703164925.png
[2026-02-08 12:18:22] [INFO]     -> ![Alt text](/images/tools/Pastedimage20250703164925.png)
[2026-02-08 12:18:22] [INFO]     Converted: Pasted image 20250703164927.png
[2026-02-08 12:18:22] [INFO]     -> ![Alt text](/images/tools/Pastedimage20250703164927.png)
[2026-02-08 12:18:22] [INFO]     Converted: Pasted image 20250703164954.png
[2026-02-08 12:18:22] [INFO]     -> ![Alt text](/images/tools/Pastedimage20250703164954.png)
[2026-02-08 12:18:22] [INFO]     Converted: Pasted image 20250703165130.png
[2026-02-08 12:18:22] [INFO]     -> ![Alt text](/images/tools/Pastedimage20250703165130.png)
[2026-02-08 12:18:22] [INFO]     Converted: Pasted image 20250703165252.png
[2026-02-08 12:18:22] [INFO]     -> ![Alt text](/images/tools/Pastedimage20250703165252.png)
[2026-02-08 12:18:22] [INFO]     Converted: Pasted image 20250703165421.png
[2026-02-08 12:18:22] [INFO]     -> ![Alt text](/images/tools/Pastedimage20250703165421.png)
[2026-02-08 12:18:22] [INFO]     Converted: Pasted image 20250703165516.png
[2026-02-08 12:18:22] [INFO]     -> ![Alt text](/images/tools/Pastedimage20250703165516.png)
[2026-02-08 12:18:22] [INFO]     Converted: Pasted image 20250703165711.png
[2026-02-08 12:18:22] [INFO]     -> ![Alt text](/images/tools/Pastedimage20250703165711.png)
[2026-02-08 12:18:22] [INFO]     Converted: Pasted image 20250703165817.png
[2026-02-08 12:18:22] [INFO]     -> ![Alt text](/images/tools/Pastedimage20250703165817.png)
[2026-02-08 12:18:22] [INFO]     Converted: Pasted image 20250703165945.png
[2026-02-08 12:18:22] [INFO]     -> ![Alt text](/images/tools/Pastedimage20250703165945.png)
[2026-02-08 12:18:22] [INFO]     Converted: Pasted image 20250703170130.png
[2026-02-08 12:18:22] [INFO]     -> ![Alt text](/images/tools/Pastedimage20250703170130.png)
[2026-02-08 12:18:22] [INFO]     Converted: Pasted image 20250703175515.png
[2026-02-08 12:18:22] [INFO]     -> ![Alt text](/images/tools/Pastedimage20250703175515.png)
[2026-02-08 12:18:22] [INFO]     Converted: Pasted image 20250703175745.png
[2026-02-08 12:18:22] [INFO]     -> ![Alt text](/images/tools/Pastedimage20250703175745.png)
[2026-02-08 12:18:22] [INFO]     Converted: Pasted image 20250703175959.png
[2026-02-08 12:18:22] [INFO]     -> ![Alt text](/images/tools/Pastedimage20250703175959.png)
[2026-02-08 12:18:22] [INFO]     Converted: Pasted image 20250703180214.png
[2026-02-08 12:18:22] [INFO]     -> ![Alt text](/images/tools/Pastedimage20250703180214.png)
[2026-02-08 12:18:22] [INFO]     Converted: Pasted image 20250703180345.png
[2026-02-08 12:18:22] [INFO]     -> ![Alt text](/images/tools/Pastedimage20250703180345.png)
[2026-02-08 12:18:22] [INFO]     Converted: Pasted image 20250703180539.png
[2026-02-08 12:18:22] [INFO]     -> ![Alt text](/images/tools/Pastedimage20250703180539.png)
[2026-02-08 12:18:22] [INFO]     Converted: Pasted image 20250703180616.png
[2026-02-08 12:18:22] [INFO]     -> ![Alt text](/images/tools/Pastedimage20250703180616.png)
[2026-02-08 12:18:22] [INFO]     Converted: Pasted image 20250703180745.png
[2026-02-08 12:18:22] [INFO]     -> ![Alt text](/images/tools/Pastedimage20250703180745.png)
[2026-02-08 12:18:22] [INFO]     Converted: Pasted image 20250703180931.png
[2026-02-08 12:18:22] [INFO]     -> ![Alt text](/images/tools/Pastedimage20250703180931.png)
[2026-02-08 12:18:22] [INFO]     Converted: Pasted image 20250703181241.png
[2026-02-08 12:18:22] [INFO]     -> ![Alt text](/images/tools/Pastedimage20250703181241.png)
[2026-02-08 12:18:22] [INFO]     Converted: Pasted image 20250703181503.png
[2026-02-08 12:18:22] [INFO]     -> ![Alt text](/images/tools/Pastedimage20250703181503.png)
[2026-02-08 12:18:22] [INFO]     Converted: Pasted image 20250703181559.png
[2026-02-08 12:18:22] [INFO]     -> ![Alt text](/images/tools/Pastedimage20250703181559.png)
[2026-02-08 12:18:22] [INFO]     Converted: Pasted image 20250704163118.png
[2026-02-08 12:18:22] [INFO]     -> ![Alt text](/images/tools/Pastedimage20250704163118.png)
[2026-02-08 12:18:22] [INFO]     Converted: Pasted image 20250704164158.png
[2026-02-08 12:18:22] [INFO]     -> ![Alt text](/images/tools/Pastedimage20250704164158.png)
[2026-02-08 12:18:22] [INFO]     Converted: Pasted image 20250704164125.png
[2026-02-08 12:18:22] [INFO]     -> ![Alt text](/images/tools/Pastedimage20250704164125.png)
[2026-02-08 12:18:22] [INFO]     Converted: Pasted image 20250704164628.png
[2026-02-08 12:18:22] [INFO]     -> ![Alt text](/images/tools/Pastedimage20250704164628.png)
[2026-02-08 12:18:22] [INFO]     Converted: Pasted image 20250704164943.png
[2026-02-08 12:18:22] [INFO]     -> ![Alt text](/images/tools/Pastedimage20250704164943.png)
[2026-02-08 12:18:22] [INFO]     Converted: Pasted image 20250704165334.png
[2026-02-08 12:18:22] [INFO]     -> ![Alt text](/images/tools/Pastedimage20250704165334.png)
[2026-02-08 12:18:22] [INFO]     Converted: Pasted image 20250704165505.png
[2026-02-08 12:18:22] [INFO]     -> ![Alt text](/images/tools/Pastedimage20250704165505.png)
[2026-02-08 12:18:22] [INFO]     Converted: Pasted image 20250704170455.png
[2026-02-08 12:18:22] [INFO]     -> ![Alt text](/images/tools/Pastedimage20250704170455.png)
[2026-02-08 12:18:22] [INFO]     Converted: Pasted image 20250704163854.png
[2026-02-08 12:18:22] [INFO]     -> ![Alt text](/images/tools/Pastedimage20250704163854.png)
[2026-02-08 12:18:22] [INFO]     Converted: Pasted image 20250704164604.png
[2026-02-08 12:18:22] [INFO]     -> ![Alt text](/images/tools/Pastedimage20250704164604.png)
[2026-02-08 12:18:22] [INFO]     Converted: Pasted image 20250704165021.png
[2026-02-08 12:18:22] [INFO]     -> ![Alt text](/images/tools/Pastedimage20250704165021.png)
[2026-02-08 12:18:22] [INFO]     Converted: Pasted image 20250704165108.png
[2026-02-08 12:18:22] [INFO]     -> ![Alt text](/images/tools/Pastedimage20250704165108.png)
[2026-02-08 12:18:22] [INFO]     Converted: Pasted image 20250704165532.png
[2026-02-08 12:18:22] [INFO]     -> ![Alt text](/images/tools/Pastedimage20250704165532.png)
[2026-02-08 12:18:22] [INFO]     Converted: Pasted image 20250704171310.png
[2026-02-08 12:18:22] [INFO]     -> ![Alt text](/images/tools/Pastedimage20250704171310.png)
[2026-02-08 12:18:22] [INFO]     Converted: Pasted image 20250704171932.png
[2026-02-08 12:18:22] [INFO]     -> ![Alt text](/images/tools/Pastedimage20250704171932.png)
[2026-02-08 12:18:22] [INFO]     Converted: Pasted image 20250704172410.png
[2026-02-08 12:18:22] [INFO]     -> ![Alt text](/images/tools/Pastedimage20250704172410.png)
[2026-02-08 12:18:22] [INFO]     Converted: Pasted image 20250704172634.png
[2026-02-08 12:18:22] [INFO]     -> ![Alt text](/images/tools/Pastedimage20250704172634.png)
[2026-02-08 12:18:22] [INFO]     Converted: Pasted image 20250704173452.png
[2026-02-08 12:18:22] [INFO]     -> ![Alt text](/images/tools/Pastedimage20250704173452.png)
[2026-02-08 12:18:22] [INFO]     Converted: Pasted image 20250704173920.png
[2026-02-08 12:18:22] [INFO]     -> ![Alt text](/images/tools/Pastedimage20250704173920.png)
[2026-02-08 12:18:22] [INFO]   [Saved] 43 link(s) converted
[2026-02-08 12:18:22] [INFO] 
[File] content\tools\Burpsuite\1-Install Burpsuite.md
[2026-02-08 12:18:22] [INFO]   Category: tools
[2026-02-08 12:18:22] [INFO]     Converted: Pasted image 20231206125905.png
[2026-02-08 12:18:22] [INFO]     -> ![Alt text](/images/tools/Pastedimage20231206125905.png)
[2026-02-08 12:18:22] [INFO]     Converted: Pasted image 20231206130557.png
[2026-02-08 12:18:22] [INFO]     -> ![Alt text](/images/tools/Pastedimage20231206130557.png)
[2026-02-08 12:18:22] [INFO]     Converted: Pasted image 20231206131615.png
[2026-02-08 12:18:22] [INFO]     -> ![Alt text](/images/tools/Pastedimage20231206131615.png)
[2026-02-08 12:18:22] [INFO]     Converted: Pasted image 20231206131818.png
[2026-02-08 12:18:22] [INFO]     -> ![Alt text](/images/tools/Pastedimage20231206131818.png)
[2026-02-08 12:18:22] [INFO]     Converted: Pasted image 20231206131938.png
[2026-02-08 12:18:22] [INFO]     -> ![Alt text](/images/tools/Pastedimage20231206131938.png)
[2026-02-08 12:18:22] [INFO]     Converted: Pasted image 20231206132303.png
[2026-02-08 12:18:22] [INFO]     -> ![Alt text](/images/tools/Pastedimage20231206132303.png)
[2026-02-08 12:18:22] [INFO]     Converted: Pasted image 20231206132745.png
[2026-02-08 12:18:22] [INFO]     -> ![Alt text](/images/tools/Pastedimage20231206132745.png)
[2026-02-08 12:18:22] [INFO]     Converted: Pasted image 20231206132830.png
[2026-02-08 12:18:22] [INFO]     -> ![Alt text](/images/tools/Pastedimage20231206132830.png)
[2026-02-08 12:18:22] [INFO]     Converted: Pasted image 20231206133019.png
[2026-02-08 12:18:22] [INFO]     -> ![Alt text](/images/tools/Pastedimage20231206133019.png)
[2026-02-08 12:18:22] [INFO]     Converted: Pasted image 20231206133709.png
[2026-02-08 12:18:22] [INFO]     -> ![Alt text](/images/tools/Pastedimage20231206133709.png)
[2026-02-08 12:18:22] [INFO]     Converted: Pasted image 20231206134110.png
[2026-02-08 12:18:22] [INFO]     -> ![Alt text](/images/tools/Pastedimage20231206134110.png)
[2026-02-08 12:18:22] [INFO]     Converted: Pasted image 20231206134213.png
[2026-02-08 12:18:22] [INFO]     -> ![Alt text](/images/tools/Pastedimage20231206134213.png)
[2026-02-08 12:18:22] [INFO]   [Saved] 12 link(s) converted
[2026-02-08 12:18:22] [INFO] 
[File] content\tools\Burpsuite\2-Change HTTP Data & Bypass Parameters.md
[2026-02-08 12:18:22] [INFO]   Category: tools
[2026-02-08 12:18:22] [INFO]     Converted: Pasted image 20231206140108.png
[2026-02-08 12:18:22] [INFO]     -> ![Alt text](/images/tools/Pastedimage20231206140108.png)
[2026-02-08 12:18:22] [INFO]     Converted: Pasted image 20231206140614.png
[2026-02-08 12:18:22] [INFO]     -> ![Alt text](/images/tools/Pastedimage20231206140614.png)
[2026-02-08 12:18:22] [INFO]     Converted: Pasted image 20231206140859.png
[2026-02-08 12:18:22] [INFO]     -> ![Alt text](/images/tools/Pastedimage20231206140859.png)
[2026-02-08 12:18:22] [INFO]     Converted: Pasted image 20231206141110.png
[2026-02-08 12:18:22] [INFO]     -> ![Alt text](/images/tools/Pastedimage20231206141110.png)
[2026-02-08 12:18:22] [INFO]     Converted: Pasted image 20231206141215.png
[2026-02-08 12:18:22] [INFO]     -> ![Alt text](/images/tools/Pastedimage20231206141215.png)
[2026-02-08 12:18:22] [INFO]     Converted: Pasted image 20231206142326.png
[2026-02-08 12:18:22] [INFO]     -> ![Alt text](/images/tools/Pastedimage20231206142326.png)
[2026-02-08 12:18:22] [INFO]   [Saved] 6 link(s) converted
[2026-02-08 12:18:22] [INFO] 
============================================================
[2026-02-08 12:18:22] [INFO] FINAL STATISTICS:
[2026-02-08 12:18:23] [INFO] ============================================================
[2026-02-08 12:18:23] [INFO] Files scanned: 20
[2026-02-08 12:18:23] [INFO] Image references found: 246
[2026-02-08 12:18:23] [INFO] Images copied: 246
[2026-02-08 12:18:23] [INFO] Images renamed (spaces removed): 246
[2026-02-08 12:18:23] [INFO] Images skipped (already exist): 0
[2026-02-08 12:18:23] [INFO] Files converted: 18
[2026-02-08 12:18:23] [INFO] Links converted: 246
[2026-02-08 12:18:23] [INFO] Errors: 0
[2026-02-08 12:18:23] [INFO] Total processed images: 246
[2026-02-08 12:18:23] [INFO] ============================================================
[2026-02-08 12:18:23] [INFO] 
[SUCCESS] Process completed successfully!
[2026-02-08 12:18:23] [INFO] Images saved to: static/images/category-name/
[2026-02-08 12:18:23] [INFO] Tracking data: processed_images.json
[2026-02-08 12:18:23] [INFO] Full log: image_migration.log
[2026-02-08 12:18:23] [INFO] 
[Report] Summary report created: image_migration_report.txt
[2026-02-08 12:18:23] [INFO] 
[COMPLETE] Process finished
[2026-02-08 12:18:23] [INFO] ============================================================

[2026-02-08 14:17:24] [INFO] ============================================================
[2026-02-08 14:17:24] [INFO] Starting image migration process
[2026-02-08 14:17:24] [INFO] ============================================================
[2026-02-08 14:17:24] [INFO] 
============================================================
[2026-02-08 14:17:24] [INFO] PATH VERIFICATION:
[2026-02-08 14:17:24] [INFO] ============================================================
[2026-02-08 14:17:24] [INFO] Current directory: H:\Repo\Hugo\davoodya
[2026-02-08 14:17:24] [INFO] + Content directory: H:\Repo\Hugo\davoodya\content
[2026-02-08 14:17:24] [INFO] + Static directory: H:\Repo\Hugo\davoodya\static/images
[2026-02-08 14:17:24] [INFO] + Obsidian directory: H:\Files\Obsidian\Handouts\VaultData\Attachments
[2026-02-08 14:17:24] [INFO] ============================================================
[2026-02-08 14:17:24] [INFO] + Obsidian directory found: H:\Files\Obsidian\Handouts\VaultData\Attachments
[2026-02-08 14:17:24] [INFO] + Total images in Obsidian: 11084
[2026-02-08 14:17:24] [INFO] Loaded 432 previously processed images
[2026-02-08 14:17:24] [INFO] 
============================================================
[2026-02-08 14:17:24] [INFO] PHASE 1: Scanning markdown files for images...
[2026-02-08 14:17:24] [INFO] ============================================================
[2026-02-08 14:17:24] [INFO] 
[File] content\cyber-security\Cryptography\Basic-Encryption.md
[2026-02-08 14:17:24] [INFO]   Category: cyber-security
[2026-02-08 14:17:24] [INFO]   Found 32 image(s)
[2026-02-08 14:17:24] [INFO] 
[File] content\cyber-security\Cryptography\Malwares.md
[2026-02-08 14:17:24] [INFO]   Category: cyber-security
[2026-02-08 14:17:24] [INFO]   Found 6 image(s)
[2026-02-08 14:17:24] [INFO] 
============================================================
[2026-02-08 14:17:24] [INFO] SUMMARY: Found 38 image references
[2026-02-08 14:17:24] [INFO]          (38 unique images)
[2026-02-08 14:17:24] [INFO] ============================================================
[2026-02-08 14:17:24] [INFO] 
============================================================
[2026-02-08 14:17:24] [INFO] PHASE 2: Copying images from Obsidian...
[2026-02-08 14:17:24] [INFO] ============================================================
[2026-02-08 14:17:24] [INFO]   + Copied: Pasted image 20250713164152.png
[2026-02-08 14:17:24] [INFO]     -> Pastedimage20250713164152.png
[2026-02-08 14:17:24] [INFO]     (Renamed: removed spaces)
[2026-02-08 14:17:24] [INFO]   + Copied: Pasted image 20250713165744.png
[2026-02-08 14:17:24] [INFO]     -> Pastedimage20250713165744.png
[2026-02-08 14:17:24] [INFO]     (Renamed: removed spaces)
[2026-02-08 14:17:24] [INFO]   + Copied: Pasted image 20250713170247.png
[2026-02-08 14:17:24] [INFO]     -> Pastedimage20250713170247.png
[2026-02-08 14:17:24] [INFO]     (Renamed: removed spaces)
[2026-02-08 14:17:24] [INFO]   + Copied: Pasted image 20250713171340.png
[2026-02-08 14:17:24] [INFO]     -> Pastedimage20250713171340.png
[2026-02-08 14:17:24] [INFO]     (Renamed: removed spaces)
[2026-02-08 14:17:24] [INFO]   + Copied: Pasted image 20250713172246.png
[2026-02-08 14:17:24] [INFO]     -> Pastedimage20250713172246.png
[2026-02-08 14:17:24] [INFO]     (Renamed: removed spaces)
[2026-02-08 14:17:24] [INFO]   + Copied: Pasted image 20250713172811.png
[2026-02-08 14:17:24] [INFO]     -> Pastedimage20250713172811.png
[2026-02-08 14:17:24] [INFO]     (Renamed: removed spaces)
[2026-02-08 14:17:24] [INFO]   + Copied: Pasted image 20250713181517.png
[2026-02-08 14:17:24] [INFO]     -> Pastedimage20250713181517.png
[2026-02-08 14:17:24] [INFO]     (Renamed: removed spaces)
[2026-02-08 14:17:24] [INFO]   + Copied: Pasted image 20250713181931.png
[2026-02-08 14:17:24] [INFO]     -> Pastedimage20250713181931.png
[2026-02-08 14:17:24] [INFO]     (Renamed: removed spaces)
[2026-02-08 14:17:24] [INFO]   + Copied: Pasted image 20250713181952.png
[2026-02-08 14:17:24] [INFO]     -> Pastedimage20250713181952.png
[2026-02-08 14:17:24] [INFO]     (Renamed: removed spaces)
[2026-02-08 14:17:24] [INFO]   + Copied: Pasted image 20250713182430.png
[2026-02-08 14:17:24] [INFO]     -> Pastedimage20250713182430.png
[2026-02-08 14:17:24] [INFO]     (Renamed: removed spaces)
[2026-02-08 14:17:24] [INFO]   + Copied: Pasted image 20250713182443.png
[2026-02-08 14:17:24] [INFO]     -> Pastedimage20250713182443.png
[2026-02-08 14:17:24] [INFO]     (Renamed: removed spaces)
[2026-02-08 14:17:24] [INFO]   + Copied: Pasted image 20250713182716.png
[2026-02-08 14:17:24] [INFO]     -> Pastedimage20250713182716.png
[2026-02-08 14:17:24] [INFO]     (Renamed: removed spaces)
[2026-02-08 14:17:24] [INFO]   + Copied: Pasted image 20250713185909.png
[2026-02-08 14:17:24] [INFO]     -> Pastedimage20250713185909.png
[2026-02-08 14:17:24] [INFO]     (Renamed: removed spaces)
[2026-02-08 14:17:24] [INFO]   + Copied: Pasted image 20250713190307.png
[2026-02-08 14:17:24] [INFO]     -> Pastedimage20250713190307.png
[2026-02-08 14:17:24] [INFO]     (Renamed: removed spaces)
[2026-02-08 14:17:24] [INFO]   + Copied: Pasted image 20250713190542.png
[2026-02-08 14:17:24] [INFO]     -> Pastedimage20250713190542.png
[2026-02-08 14:17:24] [INFO]     (Renamed: removed spaces)
[2026-02-08 14:17:24] [INFO]   + Copied: Pasted image 20250715174328.png
[2026-02-08 14:17:24] [INFO]     -> Pastedimage20250715174328.png
[2026-02-08 14:17:24] [INFO]     (Renamed: removed spaces)
[2026-02-08 14:17:24] [INFO]   + Copied: Pasted image 20250715174640.png
[2026-02-08 14:17:24] [INFO]     -> Pastedimage20250715174640.png
[2026-02-08 14:17:24] [INFO]     (Renamed: removed spaces)
[2026-02-08 14:17:24] [INFO]   + Copied: Pasted image 20250715174808.png
[2026-02-08 14:17:24] [INFO]     -> Pastedimage20250715174808.png
[2026-02-08 14:17:24] [INFO]     (Renamed: removed spaces)
[2026-02-08 14:17:24] [INFO]   + Copied: Pasted image 20250715175155.png
[2026-02-08 14:17:24] [INFO]     -> Pastedimage20250715175155.png
[2026-02-08 14:17:24] [INFO]     (Renamed: removed spaces)
[2026-02-08 14:17:24] [INFO]   + Copied: Pasted image 20250715180644.png
[2026-02-08 14:17:24] [INFO]     -> Pastedimage20250715180644.png
[2026-02-08 14:17:24] [INFO]     (Renamed: removed spaces)
[2026-02-08 14:17:24] [INFO]   + Copied: Pasted image 20250715182644.png
[2026-02-08 14:17:24] [INFO]     -> Pastedimage20250715182644.png
[2026-02-08 14:17:24] [INFO]     (Renamed: removed spaces)
[2026-02-08 14:17:24] [INFO]   + Copied: Pasted image 20250716164001.png
[2026-02-08 14:17:24] [INFO]     -> Pastedimage20250716164001.png
[2026-02-08 14:17:24] [INFO]     (Renamed: removed spaces)
[2026-02-08 14:17:24] [INFO]   + Copied: Pasted image 20250716164250.png
[2026-02-08 14:17:24] [INFO]     -> Pastedimage20250716164250.png
[2026-02-08 14:17:24] [INFO]     (Renamed: removed spaces)
[2026-02-08 14:17:24] [INFO]   + Copied: Pasted image 20250716164420.png
[2026-02-08 14:17:24] [INFO]     -> Pastedimage20250716164420.png
[2026-02-08 14:17:24] [INFO]     (Renamed: removed spaces)
[2026-02-08 14:17:24] [INFO]   + Copied: Pasted image 20250716164544.png
[2026-02-08 14:17:24] [INFO]     -> Pastedimage20250716164544.png
[2026-02-08 14:17:24] [INFO]     (Renamed: removed spaces)
[2026-02-08 14:17:24] [INFO]   + Copied: Pasted image 20250716165150.png
[2026-02-08 14:17:24] [INFO]     -> Pastedimage20250716165150.png
[2026-02-08 14:17:24] [INFO]     (Renamed: removed spaces)
[2026-02-08 14:17:24] [INFO]   + Copied: Pasted image 20250716165524.png
[2026-02-08 14:17:24] [INFO]     -> Pastedimage20250716165524.png
[2026-02-08 14:17:24] [INFO]     (Renamed: removed spaces)
[2026-02-08 14:17:24] [INFO]   + Copied: Pasted image 20250716165641.png
[2026-02-08 14:17:24] [INFO]     -> Pastedimage20250716165641.png
[2026-02-08 14:17:24] [INFO]     (Renamed: removed spaces)
[2026-02-08 14:17:24] [INFO]   + Copied: Pasted image 20250716165756.png
[2026-02-08 14:17:24] [INFO]     -> Pastedimage20250716165756.png
[2026-02-08 14:17:24] [INFO]     (Renamed: removed spaces)
[2026-02-08 14:17:24] [INFO]   + Copied: Pasted image 20250716170043.png
[2026-02-08 14:17:24] [INFO]     -> Pastedimage20250716170043.png
[2026-02-08 14:17:24] [INFO]     (Renamed: removed spaces)
[2026-02-08 14:17:24] [INFO]   + Copied: Pasted image 20250716170612.png
[2026-02-08 14:17:24] [INFO]     -> Pastedimage20250716170612.png
[2026-02-08 14:17:24] [INFO]     (Renamed: removed spaces)
[2026-02-08 14:17:24] [INFO]   + Copied: Pasted image 20250716170855.png
[2026-02-08 14:17:24] [INFO]     -> Pastedimage20250716170855.png
[2026-02-08 14:17:24] [INFO]     (Renamed: removed spaces)
[2026-02-08 14:17:24] [INFO]   + Copied: Pasted image 20250716172851.png
[2026-02-08 14:17:24] [INFO]     -> Pastedimage20250716172851.png
[2026-02-08 14:17:24] [INFO]     (Renamed: removed spaces)
[2026-02-08 14:17:24] [INFO]   + Copied: Pasted image 20250716174502.png
[2026-02-08 14:17:24] [INFO]     -> Pastedimage20250716174502.png
[2026-02-08 14:17:24] [INFO]     (Renamed: removed spaces)
[2026-02-08 14:17:24] [INFO]   + Copied: Pasted image 20250716175728.png
[2026-02-08 14:17:24] [INFO]     -> Pastedimage20250716175728.png
[2026-02-08 14:17:24] [INFO]     (Renamed: removed spaces)
[2026-02-08 14:17:24] [INFO]   + Copied: Pasted image 20250716180045.png
[2026-02-08 14:17:24] [INFO]     -> Pastedimage20250716180045.png
[2026-02-08 14:17:24] [INFO]     (Renamed: removed spaces)
[2026-02-08 14:17:24] [INFO]   + Copied: Pasted image 20250716180357.png
[2026-02-08 14:17:24] [INFO]     -> Pastedimage20250716180357.png
[2026-02-08 14:17:24] [INFO]     (Renamed: removed spaces)
[2026-02-08 14:17:24] [INFO]   + Copied: Pasted image 20250716180909.png
[2026-02-08 14:17:24] [INFO]     -> Pastedimage20250716180909.png
[2026-02-08 14:17:24] [INFO]     (Renamed: removed spaces)
[2026-02-08 14:17:24] [INFO] Saved 470 images to JSON
[2026-02-08 14:17:24] [INFO] 
============================================================
[2026-02-08 14:17:24] [INFO] PHASE 3: Converting image links in markdown files...
[2026-02-08 14:17:24] [INFO] ============================================================
[2026-02-08 14:17:24] [INFO] 
[File] content\cyber-security\Cryptography\Basic-Encryption.md
[2026-02-08 14:17:24] [INFO]   Category: cyber-security
[2026-02-08 14:17:24] [INFO]     Converted: Pasted image 20250713164152.png
[2026-02-08 14:17:24] [INFO]     -> ![Alt text](/images/cyber-security/Pastedimage20250713164152.png)
[2026-02-08 14:17:24] [INFO]     Converted: Pasted image 20250713165744.png
[2026-02-08 14:17:24] [INFO]     -> ![Alt text](/images/cyber-security/Pastedimage20250713165744.png)
[2026-02-08 14:17:24] [INFO]     Converted: Pasted image 20250713170247.png
[2026-02-08 14:17:24] [INFO]     -> ![Alt text](/images/cyber-security/Pastedimage20250713170247.png)
[2026-02-08 14:17:24] [INFO]     Converted: Pasted image 20250713171340.png
[2026-02-08 14:17:24] [INFO]     -> ![Alt text](/images/cyber-security/Pastedimage20250713171340.png)
[2026-02-08 14:17:24] [INFO]     Converted: Pasted image 20250713172246.png
[2026-02-08 14:17:24] [INFO]     -> ![Alt text](/images/cyber-security/Pastedimage20250713172246.png)
[2026-02-08 14:17:24] [INFO]     Converted: Pasted image 20250713172811.png
[2026-02-08 14:17:24] [INFO]     -> ![Alt text](/images/cyber-security/Pastedimage20250713172811.png)
[2026-02-08 14:17:24] [INFO]     Converted: Pasted image 20250713181517.png
[2026-02-08 14:17:24] [INFO]     -> ![Alt text](/images/cyber-security/Pastedimage20250713181517.png)
[2026-02-08 14:17:24] [INFO]     Converted: Pasted image 20250713181952.png
[2026-02-08 14:17:24] [INFO]     -> ![Alt text](/images/cyber-security/Pastedimage20250713181952.png)
[2026-02-08 14:17:25] [INFO]     Converted: Pasted image 20250713181931.png
[2026-02-08 14:17:25] [INFO]     -> ![Alt text](/images/cyber-security/Pastedimage20250713181931.png)
[2026-02-08 14:17:25] [INFO]     Converted: Pasted image 20250713182443.png
[2026-02-08 14:17:25] [INFO]     -> ![Alt text](/images/cyber-security/Pastedimage20250713182443.png)
[2026-02-08 14:17:25] [INFO]     Converted: Pasted image 20250713182430.png
[2026-02-08 14:17:25] [INFO]     -> ![Alt text](/images/cyber-security/Pastedimage20250713182430.png)
[2026-02-08 14:17:25] [INFO]     Converted: Pasted image 20250713182716.png
[2026-02-08 14:17:25] [INFO]     -> ![Alt text](/images/cyber-security/Pastedimage20250713182716.png)
[2026-02-08 14:17:25] [INFO]     Converted: Pasted image 20250713185909.png
[2026-02-08 14:17:25] [INFO]     -> ![Alt text](/images/cyber-security/Pastedimage20250713185909.png)
[2026-02-08 14:17:25] [INFO]     Converted: Pasted image 20250713190307.png
[2026-02-08 14:17:25] [INFO]     -> ![Alt text](/images/cyber-security/Pastedimage20250713190307.png)
[2026-02-08 14:17:25] [INFO]     Converted: Pasted image 20250713190542.png
[2026-02-08 14:17:25] [INFO]     -> ![Alt text](/images/cyber-security/Pastedimage20250713190542.png)
[2026-02-08 14:17:25] [INFO]     Converted: Pasted image 20250715174328.png
[2026-02-08 14:17:25] [INFO]     -> ![Alt text](/images/cyber-security/Pastedimage20250715174328.png)
[2026-02-08 14:17:25] [INFO]     Converted: Pasted image 20250715174640.png
[2026-02-08 14:17:25] [INFO]     -> ![Alt text](/images/cyber-security/Pastedimage20250715174640.png)
[2026-02-08 14:17:25] [INFO]     Converted: Pasted image 20250715174808.png
[2026-02-08 14:17:25] [INFO]     -> ![Alt text](/images/cyber-security/Pastedimage20250715174808.png)
[2026-02-08 14:17:25] [INFO]     Converted: Pasted image 20250715175155.png
[2026-02-08 14:17:25] [INFO]     -> ![Alt text](/images/cyber-security/Pastedimage20250715175155.png)
[2026-02-08 14:17:25] [INFO]     Converted: Pasted image 20250715180644.png
[2026-02-08 14:17:25] [INFO]     -> ![Alt text](/images/cyber-security/Pastedimage20250715180644.png)
[2026-02-08 14:17:25] [INFO]     Converted: Pasted image 20250715182644.png
[2026-02-08 14:17:25] [INFO]     -> ![Alt text](/images/cyber-security/Pastedimage20250715182644.png)
[2026-02-08 14:17:25] [INFO]     Converted: Pasted image 20250716164001.png
[2026-02-08 14:17:25] [INFO]     -> ![Alt text](/images/cyber-security/Pastedimage20250716164001.png)
[2026-02-08 14:17:25] [INFO]     Converted: Pasted image 20250716164250.png
[2026-02-08 14:17:25] [INFO]     -> ![Alt text](/images/cyber-security/Pastedimage20250716164250.png)
[2026-02-08 14:17:25] [INFO]     Converted: Pasted image 20250716164420.png
[2026-02-08 14:17:25] [INFO]     -> ![Alt text](/images/cyber-security/Pastedimage20250716164420.png)
[2026-02-08 14:17:25] [INFO]     Converted: Pasted image 20250716164544.png
[2026-02-08 14:17:25] [INFO]     -> ![Alt text](/images/cyber-security/Pastedimage20250716164544.png)
[2026-02-08 14:17:25] [INFO]     Converted: Pasted image 20250716165150.png
[2026-02-08 14:17:25] [INFO]     -> ![Alt text](/images/cyber-security/Pastedimage20250716165150.png)
[2026-02-08 14:17:25] [INFO]     Converted: Pasted image 20250716165524.png
[2026-02-08 14:17:25] [INFO]     -> ![Alt text](/images/cyber-security/Pastedimage20250716165524.png)
[2026-02-08 14:17:25] [INFO]     Converted: Pasted image 20250716165641.png
[2026-02-08 14:17:25] [INFO]     -> ![Alt text](/images/cyber-security/Pastedimage20250716165641.png)
[2026-02-08 14:17:25] [INFO]     Converted: Pasted image 20250716165756.png
[2026-02-08 14:17:25] [INFO]     -> ![Alt text](/images/cyber-security/Pastedimage20250716165756.png)
[2026-02-08 14:17:25] [INFO]     Converted: Pasted image 20250716170043.png
[2026-02-08 14:17:25] [INFO]     -> ![Alt text](/images/cyber-security/Pastedimage20250716170043.png)
[2026-02-08 14:17:25] [INFO]     Converted: Pasted image 20250716170612.png
[2026-02-08 14:17:25] [INFO]     -> ![Alt text](/images/cyber-security/Pastedimage20250716170612.png)
[2026-02-08 14:17:25] [INFO]     Converted: Pasted image 20250716170855.png
[2026-02-08 14:17:25] [INFO]     -> ![Alt text](/images/cyber-security/Pastedimage20250716170855.png)
[2026-02-08 14:17:25] [INFO]   [Saved] 32 link(s) converted
[2026-02-08 14:17:25] [INFO] 
[File] content\cyber-security\Cryptography\Malwares.md
[2026-02-08 14:17:25] [INFO]   Category: cyber-security
[2026-02-08 14:17:25] [INFO]     Converted: Pasted image 20250716172851.png
[2026-02-08 14:17:25] [INFO]     -> ![Alt text](/images/cyber-security/Pastedimage20250716172851.png)
[2026-02-08 14:17:25] [INFO]     Converted: Pasted image 20250716174502.png
[2026-02-08 14:17:25] [INFO]     -> ![Alt text](/images/cyber-security/Pastedimage20250716174502.png)
[2026-02-08 14:17:25] [INFO]     Converted: Pasted image 20250716175728.png
[2026-02-08 14:17:25] [INFO]     -> ![Alt text](/images/cyber-security/Pastedimage20250716175728.png)
[2026-02-08 14:17:25] [INFO]     Converted: Pasted image 20250716180045.png
[2026-02-08 14:17:25] [INFO]     -> ![Alt text](/images/cyber-security/Pastedimage20250716180045.png)
[2026-02-08 14:17:25] [INFO]     Converted: Pasted image 20250716180357.png
[2026-02-08 14:17:25] [INFO]     -> ![Alt text](/images/cyber-security/Pastedimage20250716180357.png)
[2026-02-08 14:17:25] [INFO]     Converted: Pasted image 20250716180909.png
[2026-02-08 14:17:25] [INFO]     -> ![Alt text](/images/cyber-security/Pastedimage20250716180909.png)
[2026-02-08 14:17:25] [INFO]   [Saved] 6 link(s) converted
[2026-02-08 14:17:25] [INFO] 
============================================================
[2026-02-08 14:17:25] [INFO] FINAL STATISTICS:
[2026-02-08 14:17:25] [INFO] ============================================================
[2026-02-08 14:17:25] [INFO] Files scanned: 22
[2026-02-08 14:17:25] [INFO] Image references found: 38
[2026-02-08 14:17:25] [INFO] Images copied: 38
[2026-02-08 14:17:25] [INFO] Images renamed (spaces removed): 38
[2026-02-08 14:17:25] [INFO] Images skipped (already exist): 0
[2026-02-08 14:17:25] [INFO] Files converted: 2
[2026-02-08 14:17:25] [INFO] Links converted: 38
[2026-02-08 14:17:25] [INFO] Errors: 0
[2026-02-08 14:17:25] [INFO] Total processed images: 470
[2026-02-08 14:17:25] [INFO] ============================================================
[2026-02-08 14:17:25] [INFO] 
[SUCCESS] Process completed successfully!
[2026-02-08 14:17:25] [INFO] Images saved to: static/images/category-name/
[2026-02-08 14:17:25] [INFO] Tracking data: processed_images.json
[2026-02-08 14:17:25] [INFO] Full log: image_migration.log
[2026-02-08 14:17:25] [INFO] 
[Report] Summary report created: image_migration_report.txt
[2026-02-08 14:17:25] [INFO] 
[COMPLETE] Process finished
[2026-02-08 14:17:25] [INFO] ============================================================

[2026-02-09 15:39:57] [INFO] ============================================================
[2026-02-09 15:39:57] [INFO] Starting image migration process
[2026-02-09 15:39:57] [INFO] ============================================================
[2026-02-09 15:39:57] [INFO] 
============================================================
[2026-02-09 15:39:57] [INFO] PATH VERIFICATION:
[2026-02-09 15:39:57] [INFO] ============================================================
[2026-02-09 15:39:57] [INFO] Current directory: H:\Repo\Hugo\davoodya
[2026-02-09 15:39:57] [INFO] + Content directory: H:\Repo\Hugo\davoodya\content
[2026-02-09 15:39:57] [INFO] + Static directory: H:\Repo\Hugo\davoodya\static/images
[2026-02-09 15:39:57] [INFO] + Obsidian directory: H:\Files\Obsidian\Handouts\VaultData\Attachments
[2026-02-09 15:39:57] [INFO] ============================================================
[2026-02-09 15:39:57] [INFO] + Obsidian directory found: H:\Files\Obsidian\Handouts\VaultData\Attachments
[2026-02-09 15:39:57] [INFO] + Total images in Obsidian: 11084
[2026-02-09 15:39:57] [INFO] Loaded 508 previously processed images
[2026-02-09 15:39:57] [INFO] 
============================================================
[2026-02-09 15:39:57] [INFO] PHASE 1: Scanning markdown files for images...
[2026-02-09 15:39:57] [INFO] ============================================================
[2026-02-09 15:39:57] [INFO] 
[File] content\network\IP-Mac Address Basic and Concepts.md
[2026-02-09 15:39:57] [INFO]   Category: network
[2026-02-09 15:39:57] [INFO]   Found 13 image(s)
[2026-02-09 15:39:57] [INFO] 
[File] content\network\Network Basics-Terminology-Topology.md
[2026-02-09 15:39:57] [INFO]   Category: network
[2026-02-09 15:39:57] [INFO]   Found 9 image(s)
[2026-02-09 15:39:57] [INFO] 
[File] content\network\Network Cable and Components.md
[2026-02-09 15:39:57] [INFO]   Category: network
[2026-02-09 15:39:57] [INFO]   Found 33 image(s)
[2026-02-09 15:39:57] [INFO] 
[File] content\network\Network Models-OSI and TCPIP.md
[2026-02-09 15:39:57] [INFO]   Category: network
[2026-02-09 15:39:57] [INFO]   Found 14 image(s)
[2026-02-09 15:39:57] [INFO] 
[File] content\network\Network Services(DHCP-DNS,-VLAN).md
[2026-02-09 15:39:57] [INFO]   Category: network
[2026-02-09 15:39:57] [INFO]   Found 1 image(s)
[2026-02-09 15:39:57] [INFO] 
[File] content\network\Windows Networking.md
[2026-02-09 15:39:57] [INFO]   Category: network
[2026-02-09 15:39:57] [INFO]   Found 2 image(s)
[2026-02-09 15:39:57] [INFO] 
============================================================
[2026-02-09 15:39:57] [INFO] SUMMARY: Found 72 image references
[2026-02-09 15:39:57] [INFO]          (71 unique images)
[2026-02-09 15:39:57] [INFO] ============================================================
[2026-02-09 15:39:57] [INFO] 
============================================================
[2026-02-09 15:39:57] [INFO] PHASE 2: Copying images from Obsidian...
[2026-02-09 15:39:57] [INFO] ============================================================
[2026-02-09 15:39:57] [INFO] + Created directory: static/images\network
[2026-02-09 15:39:57] [INFO]   + Copied: Pasted image 20240325140528.png
[2026-02-09 15:39:57] [INFO]     -> Pastedimage20240325140528.png
[2026-02-09 15:39:57] [INFO]     (Renamed: removed spaces)
[2026-02-09 15:39:57] [INFO]   + Copied: Pasted image 20240325140633.png
[2026-02-09 15:39:57] [INFO]     -> Pastedimage20240325140633.png
[2026-02-09 15:39:57] [INFO]     (Renamed: removed spaces)
[2026-02-09 15:39:57] [INFO]   + Copied: Pasted image 20240325140833.png
[2026-02-09 15:39:57] [INFO]     -> Pastedimage20240325140833.png
[2026-02-09 15:39:57] [INFO]     (Renamed: removed spaces)
[2026-02-09 15:39:57] [INFO]   + Copied: Pasted image 20240325141055.png
[2026-02-09 15:39:57] [INFO]     -> Pastedimage20240325141055.png
[2026-02-09 15:39:57] [INFO]     (Renamed: removed spaces)
[2026-02-09 15:39:57] [INFO]   + Copied: Pasted image 20240325141107.png
[2026-02-09 15:39:57] [INFO]     -> Pastedimage20240325141107.png
[2026-02-09 15:39:57] [INFO]     (Renamed: removed spaces)
[2026-02-09 15:39:57] [INFO]   + Copied: Pasted image 20240325141114.png
[2026-02-09 15:39:57] [INFO]     -> Pastedimage20240325141114.png
[2026-02-09 15:39:57] [INFO]     (Renamed: removed spaces)
[2026-02-09 15:39:57] [INFO]   + Copied: Pasted image 20240325141207.png
[2026-02-09 15:39:57] [INFO]     -> Pastedimage20240325141207.png
[2026-02-09 15:39:57] [INFO]     (Renamed: removed spaces)
[2026-02-09 15:39:57] [INFO]   + Copied: Pasted image 20240325141501.png
[2026-02-09 15:39:57] [INFO]     -> Pastedimage20240325141501.png
[2026-02-09 15:39:57] [INFO]     (Renamed: removed spaces)
[2026-02-09 15:39:57] [INFO]   + Copied: Pasted image 20240325141520.png
[2026-02-09 15:39:57] [INFO]     -> Pastedimage20240325141520.png
[2026-02-09 15:39:57] [INFO]     (Renamed: removed spaces)
[2026-02-09 15:39:57] [INFO]   + Copied: Pasted image 20240325141535.png
[2026-02-09 15:39:57] [INFO]     -> Pastedimage20240325141535.png
[2026-02-09 15:39:57] [INFO]     (Renamed: removed spaces)
[2026-02-09 15:39:57] [INFO]   + Copied: Pasted image 20240325141548.png
[2026-02-09 15:39:57] [INFO]     -> Pastedimage20240325141548.png
[2026-02-09 15:39:57] [INFO]     (Renamed: removed spaces)
[2026-02-09 15:39:57] [INFO]   + Copied: Pasted image 20240325141614.png
[2026-02-09 15:39:57] [INFO]     -> Pastedimage20240325141614.png
[2026-02-09 15:39:57] [INFO]     (Renamed: removed spaces)
[2026-02-09 15:39:57] [INFO]   + Copied: Pasted image 20240325141624.png
[2026-02-09 15:39:57] [INFO]     -> Pastedimage20240325141624.png
[2026-02-09 15:39:57] [INFO]     (Renamed: removed spaces)
[2026-02-09 15:39:57] [INFO]   + Copied: Pasted image 20240325142031.png
[2026-02-09 15:39:57] [INFO]     -> Pastedimage20240325142031.png
[2026-02-09 15:39:57] [INFO]     (Renamed: removed spaces)
[2026-02-09 15:39:57] [INFO]   + Copied: Pasted image 20240325142125.png
[2026-02-09 15:39:57] [INFO]     -> Pastedimage20240325142125.png
[2026-02-09 15:39:57] [INFO]     (Renamed: removed spaces)
[2026-02-09 15:39:57] [INFO]   + Copied: Pasted image 20240325142133.png
[2026-02-09 15:39:57] [INFO]     -> Pastedimage20240325142133.png
[2026-02-09 15:39:57] [INFO]     (Renamed: removed spaces)
[2026-02-09 15:39:57] [INFO]   + Copied: Pasted image 20240325142910.png
[2026-02-09 15:39:57] [INFO]     -> Pastedimage20240325142910.png
[2026-02-09 15:39:57] [INFO]     (Renamed: removed spaces)
[2026-02-09 15:39:57] [INFO]   + Copied: Pasted image 20240325142914.png
[2026-02-09 15:39:57] [INFO]     -> Pastedimage20240325142914.png
[2026-02-09 15:39:57] [INFO]     (Renamed: removed spaces)
[2026-02-09 15:39:57] [INFO]   + Copied: Pasted image 20240325142959.png
[2026-02-09 15:39:57] [INFO]     -> Pastedimage20240325142959.png
[2026-02-09 15:39:57] [INFO]     (Renamed: removed spaces)
[2026-02-09 15:39:57] [INFO]   + Copied: Pasted image 20240325143619.png
[2026-02-09 15:39:57] [INFO]     -> Pastedimage20240325143619.png
[2026-02-09 15:39:57] [INFO]     (Renamed: removed spaces)
[2026-02-09 15:39:57] [INFO]   + Copied: Pasted image 20240325143628.png
[2026-02-09 15:39:57] [INFO]     -> Pastedimage20240325143628.png
[2026-02-09 15:39:57] [INFO]     (Renamed: removed spaces)
[2026-02-09 15:39:57] [INFO]   + Copied: Pasted image 20240325144303.png
[2026-02-09 15:39:57] [INFO]     -> Pastedimage20240325144303.png
[2026-02-09 15:39:57] [INFO]     (Renamed: removed spaces)
[2026-02-09 15:39:57] [INFO]   + Copied: Pasted image 20240325144616.png
[2026-02-09 15:39:57] [INFO]     -> Pastedimage20240325144616.png
[2026-02-09 15:39:57] [INFO]     (Renamed: removed spaces)
[2026-02-09 15:39:57] [INFO]   + Copied: Pasted image 20240325144624.png
[2026-02-09 15:39:57] [INFO]     -> Pastedimage20240325144624.png
[2026-02-09 15:39:57] [INFO]     (Renamed: removed spaces)
[2026-02-09 15:39:57] [INFO]   + Copied: Pasted image 20240325144714.png
[2026-02-09 15:39:57] [INFO]     -> Pastedimage20240325144714.png
[2026-02-09 15:39:57] [INFO]     (Renamed: removed spaces)
[2026-02-09 15:39:57] [INFO]   + Copied: Pasted image 20240325145021.png
[2026-02-09 15:39:57] [INFO]     -> Pastedimage20240325145021.png
[2026-02-09 15:39:57] [INFO]     (Renamed: removed spaces)
[2026-02-09 15:39:57] [INFO]   + Copied: Pasted image 20240325145030.png
[2026-02-09 15:39:57] [INFO]     -> Pastedimage20240325145030.png
[2026-02-09 15:39:57] [INFO]     (Renamed: removed spaces)
[2026-02-09 15:39:57] [INFO]   + Copied: Pasted image 20240325145052.png
[2026-02-09 15:39:57] [INFO]     -> Pastedimage20240325145052.png
[2026-02-09 15:39:57] [INFO]     (Renamed: removed spaces)
[2026-02-09 15:39:57] [INFO]   + Copied: Pasted image 20240325145116.png
[2026-02-09 15:39:57] [INFO]     -> Pastedimage20240325145116.png
[2026-02-09 15:39:57] [INFO]     (Renamed: removed spaces)
[2026-02-09 15:39:57] [INFO]   + Copied: Pasted image 20240325145329.png
[2026-02-09 15:39:57] [INFO]     -> Pastedimage20240325145329.png
[2026-02-09 15:39:57] [INFO]     (Renamed: removed spaces)
[2026-02-09 15:39:57] [INFO]   + Copied: Pasted image 20240325145331.png
[2026-02-09 15:39:57] [INFO]     -> Pastedimage20240325145331.png
[2026-02-09 15:39:57] [INFO]     (Renamed: removed spaces)
[2026-02-09 15:39:57] [INFO]   + Copied: Pasted image 20240325150435.png
[2026-02-09 15:39:57] [INFO]     -> Pastedimage20240325150435.png
[2026-02-09 15:39:57] [INFO]     (Renamed: removed spaces)
[2026-02-09 15:39:57] [INFO]   + Copied: Pasted image 20240325150445.png
[2026-02-09 15:39:57] [INFO]     -> Pastedimage20240325150445.png
[2026-02-09 15:39:57] [INFO]     (Renamed: removed spaces)
[2026-02-09 15:39:57] [INFO]   + Copied: Pasted image 20240325150455.png
[2026-02-09 15:39:57] [INFO]     -> Pastedimage20240325150455.png
[2026-02-09 15:39:57] [INFO]     (Renamed: removed spaces)
[2026-02-09 15:39:57] [INFO]   + Copied: Pasted image 20240325150519.png
[2026-02-09 15:39:57] [INFO]     -> Pastedimage20240325150519.png
[2026-02-09 15:39:57] [INFO]     (Renamed: removed spaces)
[2026-02-09 15:39:57] [INFO]   + Copied: Pasted image 20240325150534.png
[2026-02-09 15:39:57] [INFO]     -> Pastedimage20240325150534.png
[2026-02-09 15:39:57] [INFO]     (Renamed: removed spaces)
[2026-02-09 15:39:57] [INFO]   + Copied: Pasted image 20240325150548.png
[2026-02-09 15:39:57] [INFO]     -> Pastedimage20240325150548.png
[2026-02-09 15:39:57] [INFO]     (Renamed: removed spaces)
[2026-02-09 15:39:57] [INFO]   + Copied: Pasted image 20240325150746.png
[2026-02-09 15:39:57] [INFO]     -> Pastedimage20240325150746.png
[2026-02-09 15:39:57] [INFO]     (Renamed: removed spaces)
[2026-02-09 15:39:57] [INFO]   + Copied: Pasted image 20240325150755.png
[2026-02-09 15:39:57] [INFO]     -> Pastedimage20240325150755.png
[2026-02-09 15:39:57] [INFO]     (Renamed: removed spaces)
[2026-02-09 15:39:57] [INFO]   + Copied: Pasted image 20240406223913.png
[2026-02-09 15:39:57] [INFO]     -> Pastedimage20240406223913.png
[2026-02-09 15:39:57] [INFO]     (Renamed: removed spaces)
[2026-02-09 15:39:57] [INFO]   + Copied: Pasted image 20240406224126.png
[2026-02-09 15:39:57] [INFO]     -> Pastedimage20240406224126.png
[2026-02-09 15:39:57] [INFO]     (Renamed: removed spaces)
[2026-02-09 15:39:57] [INFO]   + Copied: Pasted image 20240406224149.png
[2026-02-09 15:39:57] [INFO]     -> Pastedimage20240406224149.png
[2026-02-09 15:39:57] [INFO]     (Renamed: removed spaces)
[2026-02-09 15:39:57] [INFO]   + Copied: Pasted image 20240406224158.png
[2026-02-09 15:39:57] [INFO]     -> Pastedimage20240406224158.png
[2026-02-09 15:39:57] [INFO]     (Renamed: removed spaces)
[2026-02-09 15:39:57] [INFO]   + Copied: Pasted image 20240406224347.png
[2026-02-09 15:39:57] [INFO]     -> Pastedimage20240406224347.png
[2026-02-09 15:39:57] [INFO]     (Renamed: removed spaces)
[2026-02-09 15:39:57] [INFO]   + Copied: Pasted image 20240406224400.png
[2026-02-09 15:39:57] [INFO]     -> Pastedimage20240406224400.png
[2026-02-09 15:39:57] [INFO]     (Renamed: removed spaces)
[2026-02-09 15:39:57] [INFO]   + Copied: Pasted image 20240406224406.png
[2026-02-09 15:39:57] [INFO]     -> Pastedimage20240406224406.png
[2026-02-09 15:39:57] [INFO]     (Renamed: removed spaces)
[2026-02-09 15:39:57] [INFO]   + Copied: Pasted image 20240406230157.png
[2026-02-09 15:39:57] [INFO]     -> Pastedimage20240406230157.png
[2026-02-09 15:39:57] [INFO]     (Renamed: removed spaces)
[2026-02-09 15:39:57] [INFO]   + Copied: Pasted image 20240406230215.png
[2026-02-09 15:39:57] [INFO]     -> Pastedimage20240406230215.png
[2026-02-09 15:39:57] [INFO]     (Renamed: removed spaces)
[2026-02-09 15:39:57] [INFO]   + Copied: Pasted image 20240406230317.png
[2026-02-09 15:39:57] [INFO]     -> Pastedimage20240406230317.png
[2026-02-09 15:39:57] [INFO]     (Renamed: removed spaces)
[2026-02-09 15:39:57] [INFO]   + Copied: Pasted image 20240406230340.png
[2026-02-09 15:39:57] [INFO]     -> Pastedimage20240406230340.png
[2026-02-09 15:39:57] [INFO]     (Renamed: removed spaces)
[2026-02-09 15:39:57] [INFO]   + Copied: Pasted image 20240406230353.png
[2026-02-09 15:39:57] [INFO]     -> Pastedimage20240406230353.png
[2026-02-09 15:39:57] [INFO]     (Renamed: removed spaces)
[2026-02-09 15:39:57] [INFO]   + Copied: Pasted image 20240406230421.png
[2026-02-09 15:39:57] [INFO]     -> Pastedimage20240406230421.png
[2026-02-09 15:39:57] [INFO]     (Renamed: removed spaces)
[2026-02-09 15:39:57] [INFO]   + Copied: Pasted image 20240406230439.png
[2026-02-09 15:39:57] [INFO]     -> Pastedimage20240406230439.png
[2026-02-09 15:39:57] [INFO]     (Renamed: removed spaces)
[2026-02-09 15:39:57] [INFO]   + Copied: Pasted image 20240406230505.png
[2026-02-09 15:39:57] [INFO]     -> Pastedimage20240406230505.png
[2026-02-09 15:39:57] [INFO]     (Renamed: removed spaces)
[2026-02-09 15:39:57] [INFO]   + Copied: Pasted image 20240406230537.png
[2026-02-09 15:39:57] [INFO]     -> Pastedimage20240406230537.png
[2026-02-09 15:39:57] [INFO]     (Renamed: removed spaces)
[2026-02-09 15:39:57] [INFO]   + Copied: Pasted image 20240406230541.png
[2026-02-09 15:39:57] [INFO]     -> Pastedimage20240406230541.png
[2026-02-09 15:39:57] [INFO]     (Renamed: removed spaces)
[2026-02-09 15:39:57] [INFO]   + Copied: Pasted image 20240406230549.png
[2026-02-09 15:39:57] [INFO]     -> Pastedimage20240406230549.png
[2026-02-09 15:39:57] [INFO]     (Renamed: removed spaces)
[2026-02-09 15:39:57] [INFO]   + Copied: Pasted image 20240406230552.png
[2026-02-09 15:39:57] [INFO]     -> Pastedimage20240406230552.png
[2026-02-09 15:39:57] [INFO]     (Renamed: removed spaces)
[2026-02-09 15:39:57] [INFO]   + Copied: Pasted image 20240406230619.png
[2026-02-09 15:39:57] [INFO]     -> Pastedimage20240406230619.png
[2026-02-09 15:39:57] [INFO]     (Renamed: removed spaces)
[2026-02-09 15:39:57] [INFO]   + Copied: Pasted image 20240406230646.png
[2026-02-09 15:39:57] [INFO]     -> Pastedimage20240406230646.png
[2026-02-09 15:39:57] [INFO]     (Renamed: removed spaces)
[2026-02-09 15:39:57] [INFO]   + Copied: Pasted image 20240406230658.png
[2026-02-09 15:39:57] [INFO]     -> Pastedimage20240406230658.png
[2026-02-09 15:39:57] [INFO]     (Renamed: removed spaces)
[2026-02-09 15:39:57] [INFO]   + Copied: Pasted image 20240406230723.png
[2026-02-09 15:39:57] [INFO]     -> Pastedimage20240406230723.png
[2026-02-09 15:39:57] [INFO]     (Renamed: removed spaces)
[2026-02-09 15:39:57] [INFO]   + Copied: Pasted image 20240406230726.png
[2026-02-09 15:39:57] [INFO]     -> Pastedimage20240406230726.png
[2026-02-09 15:39:57] [INFO]     (Renamed: removed spaces)
[2026-02-09 15:39:57] [INFO]   + Copied: Pasted image 20240406230748.png
[2026-02-09 15:39:57] [INFO]     -> Pastedimage20240406230748.png
[2026-02-09 15:39:57] [INFO]     (Renamed: removed spaces)
[2026-02-09 15:39:57] [INFO]   + Copied: Pasted image 20240406230752.png
[2026-02-09 15:39:57] [INFO]     -> Pastedimage20240406230752.png
[2026-02-09 15:39:57] [INFO]     (Renamed: removed spaces)
[2026-02-09 15:39:57] [INFO]   + Copied: Pasted image 20240406230935.png
[2026-02-09 15:39:57] [INFO]     -> Pastedimage20240406230935.png
[2026-02-09 15:39:57] [INFO]     (Renamed: removed spaces)
[2026-02-09 15:39:57] [INFO]   + Copied: Pasted image 20240406230938.png
[2026-02-09 15:39:57] [INFO]     -> Pastedimage20240406230938.png
[2026-02-09 15:39:57] [INFO]     (Renamed: removed spaces)
[2026-02-09 15:39:57] [INFO]   + Copied: Pasted image 20240525222946.png
[2026-02-09 15:39:57] [INFO]     -> Pastedimage20240525222946.png
[2026-02-09 15:39:57] [INFO]     (Renamed: removed spaces)
[2026-02-09 15:39:57] [INFO]   + Copied: Pasted image 20240525223258.png
[2026-02-09 15:39:57] [INFO]     -> Pastedimage20240525223258.png
[2026-02-09 15:39:57] [INFO]     (Renamed: removed spaces)
[2026-02-09 15:39:57] [INFO]   + Copied: Pasted image 20240608215246.png
[2026-02-09 15:39:57] [INFO]     -> Pastedimage20240608215246.png
[2026-02-09 15:39:57] [INFO]     (Renamed: removed spaces)
[2026-02-09 15:39:57] [INFO]   + Copied: Pasted image 20240608232002.png
[2026-02-09 15:39:57] [INFO]     -> Pastedimage20240608232002.png
[2026-02-09 15:39:57] [INFO]     (Renamed: removed spaces)
[2026-02-09 15:39:57] [INFO] Saved 579 images to JSON
[2026-02-09 15:39:57] [INFO] 
============================================================
[2026-02-09 15:39:57] [INFO] PHASE 3: Converting image links in markdown files...
[2026-02-09 15:39:57] [INFO] ============================================================
[2026-02-09 15:39:57] [INFO] 
[File] content\network\IP-Mac Address Basic and Concepts.md
[2026-02-09 15:39:57] [INFO]   Category: network
[2026-02-09 15:39:57] [INFO]     Converted: Pasted image 20240325144303.png
[2026-02-09 15:39:57] [INFO]     -> ![Alt text](/images/network/Pastedimage20240325144303.png)
[2026-02-09 15:39:57] [INFO]     Converted: Pasted image 20240325144616.png
[2026-02-09 15:39:57] [INFO]     -> ![Alt text](/images/network/Pastedimage20240325144616.png)
[2026-02-09 15:39:57] [INFO]     Converted: Pasted image 20240325144624.png
[2026-02-09 15:39:57] [INFO]     -> ![Alt text](/images/network/Pastedimage20240325144624.png)
[2026-02-09 15:39:57] [INFO]     Converted: Pasted image 20240325144714.png
[2026-02-09 15:39:57] [INFO]     -> ![Alt text](/images/network/Pastedimage20240325144714.png)
[2026-02-09 15:39:57] [INFO]     Converted: Pasted image 20240325145116.png
[2026-02-09 15:39:57] [INFO]     -> ![Alt text](/images/network/Pastedimage20240325145116.png)
[2026-02-09 15:39:57] [INFO]     Converted: Pasted image 20240325145021.png
[2026-02-09 15:39:57] [INFO]     -> ![Alt text](/images/network/Pastedimage20240325145021.png)
[2026-02-09 15:39:57] [INFO]     Converted: Pasted image 20240325145030.png
[2026-02-09 15:39:57] [INFO]     -> ![Alt text](/images/network/Pastedimage20240325145030.png)
[2026-02-09 15:39:57] [INFO]     Converted: Pasted image 20240325145052.png
[2026-02-09 15:39:57] [INFO]     -> ![Alt text](/images/network/Pastedimage20240325145052.png)
[2026-02-09 15:39:57] [INFO]     Converted: Pasted image 20240325145331.png
[2026-02-09 15:39:57] [INFO]     -> ![Alt text](/images/network/Pastedimage20240325145331.png)
[2026-02-09 15:39:57] [INFO]     Converted: Pasted image 20240325145329.png
[2026-02-09 15:39:57] [INFO]     -> ![Alt text](/images/network/Pastedimage20240325145329.png)
[2026-02-09 15:39:57] [INFO]     Converted: Pasted image 20240325150746.png
[2026-02-09 15:39:57] [INFO]     -> ![Alt text](/images/network/Pastedimage20240325150746.png)
[2026-02-09 15:39:57] [INFO]     Converted: Pasted image 20240325150755.png
[2026-02-09 15:39:57] [INFO]     -> ![Alt text](/images/network/Pastedimage20240325150755.png)
[2026-02-09 15:39:57] [INFO]     Converted: Pasted image 20240406230317.png
[2026-02-09 15:39:57] [INFO]     -> ![Alt text](/images/network/Pastedimage20240406230317.png)
[2026-02-09 15:39:57] [INFO]   [Saved] 13 link(s) converted
[2026-02-09 15:39:57] [INFO] 
[File] content\network\Network Basics-Terminology-Topology.md
[2026-02-09 15:39:57] [INFO]   Category: network
[2026-02-09 15:39:57] [INFO]     Converted: Pasted image 20240325141535.png
[2026-02-09 15:39:57] [INFO]     -> ![Alt text](/images/network/Pastedimage20240325141535.png)
[2026-02-09 15:39:57] [INFO]     Converted: Pasted image 20240325141548.png
[2026-02-09 15:39:57] [INFO]     -> ![Alt text](/images/network/Pastedimage20240325141548.png)
[2026-02-09 15:39:57] [INFO]     Converted: Pasted image 20240325141501.png
[2026-02-09 15:39:57] [INFO]     -> ![Alt text](/images/network/Pastedimage20240325141501.png)
[2026-02-09 15:39:57] [INFO]     Converted: Pasted image 20240325141520.png
[2026-02-09 15:39:57] [INFO]     -> ![Alt text](/images/network/Pastedimage20240325141520.png)
[2026-02-09 15:39:57] [INFO]     Converted: Pasted image 20240325141624.png
[2026-02-09 15:39:57] [INFO]     -> ![Alt text](/images/network/Pastedimage20240325141624.png)
[2026-02-09 15:39:57] [INFO]     Converted: Pasted image 20240325141614.png
[2026-02-09 15:39:57] [INFO]     -> ![Alt text](/images/network/Pastedimage20240325141614.png)
[2026-02-09 15:39:57] [INFO]     Converted: Pasted image 20240325140633.png
[2026-02-09 15:39:57] [INFO]     -> ![Alt text](/images/network/Pastedimage20240325140633.png)
[2026-02-09 15:39:57] [INFO]     Converted: Pasted image 20240325140833.png
[2026-02-09 15:39:57] [INFO]     -> ![Alt text](/images/network/Pastedimage20240325140833.png)
[2026-02-09 15:39:57] [INFO]     Converted: Pasted image 20240325140528.png
[2026-02-09 15:39:57] [INFO]     -> ![Alt text](/images/network/Pastedimage20240325140528.png)
[2026-02-09 15:39:57] [INFO]   [Saved] 9 link(s) converted
[2026-02-09 15:39:57] [INFO] 
[File] content\network\Network Cable and Components.md
[2026-02-09 15:39:57] [INFO]   Category: network
[2026-02-09 15:39:57] [INFO]     Converted: Pasted image 20240406230619.png
[2026-02-09 15:39:57] [INFO]     -> ![Alt text](/images/network/Pastedimage20240406230619.png)
[2026-02-09 15:39:57] [INFO]     Converted: Pasted image 20240325141055.png
[2026-02-09 15:39:57] [INFO]     -> ![Alt text](/images/network/Pastedimage20240325141055.png)
[2026-02-09 15:39:57] [INFO]     Converted: Pasted image 20240325141107.png
[2026-02-09 15:39:57] [INFO]     -> ![Alt text](/images/network/Pastedimage20240325141107.png)
[2026-02-09 15:39:57] [INFO]     Converted: Pasted image 20240325141114.png
[2026-02-09 15:39:57] [INFO]     -> ![Alt text](/images/network/Pastedimage20240325141114.png)
[2026-02-09 15:39:57] [INFO]     Converted: Pasted image 20240325141207.png
[2026-02-09 15:39:57] [INFO]     -> ![Alt text](/images/network/Pastedimage20240325141207.png)
[2026-02-09 15:39:57] [INFO]     Converted: Pasted image 20240406230340.png
[2026-02-09 15:39:57] [INFO]     -> ![Alt text](/images/network/Pastedimage20240406230340.png)
[2026-02-09 15:39:57] [INFO]     Converted: Pasted image 20240406230353.png
[2026-02-09 15:39:57] [INFO]     -> ![Alt text](/images/network/Pastedimage20240406230353.png)
[2026-02-09 15:39:57] [INFO]     Converted: Pasted image 20240406230421.png
[2026-02-09 15:39:57] [INFO]     -> ![Alt text](/images/network/Pastedimage20240406230421.png)
[2026-02-09 15:39:57] [INFO]     Converted: Pasted image 20240406230439.png
[2026-02-09 15:39:57] [INFO]     -> ![Alt text](/images/network/Pastedimage20240406230439.png)
[2026-02-09 15:39:57] [INFO]     Converted: Pasted image 20240406230505.png
[2026-02-09 15:39:57] [INFO]     -> ![Alt text](/images/network/Pastedimage20240406230505.png)
[2026-02-09 15:39:57] [INFO]     Converted: Pasted image 20240406230537.png
[2026-02-09 15:39:57] [INFO]     -> ![Alt text](/images/network/Pastedimage20240406230537.png)
[2026-02-09 15:39:57] [INFO]     Converted: Pasted image 20240406230541.png
[2026-02-09 15:39:57] [INFO]     -> ![Alt text](/images/network/Pastedimage20240406230541.png)
[2026-02-09 15:39:57] [INFO]     Converted: Pasted image 20240406230549.png
[2026-02-09 15:39:57] [INFO]     -> ![Alt text](/images/network/Pastedimage20240406230549.png)
[2026-02-09 15:39:57] [INFO]     Converted: Pasted image 20240406230552.png
[2026-02-09 15:39:57] [INFO]     -> ![Alt text](/images/network/Pastedimage20240406230552.png)
[2026-02-09 15:39:57] [INFO]     Converted: Pasted image 20240406230646.png
[2026-02-09 15:39:57] [INFO]     -> ![Alt text](/images/network/Pastedimage20240406230646.png)
[2026-02-09 15:39:57] [INFO]     Converted: Pasted image 20240406230658.png
[2026-02-09 15:39:57] [INFO]     -> ![Alt text](/images/network/Pastedimage20240406230658.png)
[2026-02-09 15:39:57] [INFO]     Converted: Pasted image 20240325142031.png
[2026-02-09 15:39:57] [INFO]     -> ![Alt text](/images/network/Pastedimage20240325142031.png)
[2026-02-09 15:39:57] [INFO]     Converted: Pasted image 20240325142133.png
[2026-02-09 15:39:57] [INFO]     -> ![Alt text](/images/network/Pastedimage20240325142133.png)
[2026-02-09 15:39:57] [INFO]     Converted: Pasted image 20240325142125.png
[2026-02-09 15:39:57] [INFO]     -> ![Alt text](/images/network/Pastedimage20240325142125.png)
[2026-02-09 15:39:57] [INFO]     Converted: Pasted image 20240406230723.png
[2026-02-09 15:39:57] [INFO]     -> ![Alt text](/images/network/Pastedimage20240406230723.png)
[2026-02-09 15:39:57] [INFO]     Converted: Pasted image 20240406230726.png
[2026-02-09 15:39:57] [INFO]     -> ![Alt text](/images/network/Pastedimage20240406230726.png)
[2026-02-09 15:39:57] [INFO]     Converted: Pasted image 20240406230935.png
[2026-02-09 15:39:57] [INFO]     -> ![Alt text](/images/network/Pastedimage20240406230935.png)
[2026-02-09 15:39:57] [INFO]     Converted: Pasted image 20240406230938.png
[2026-02-09 15:39:57] [INFO]     -> ![Alt text](/images/network/Pastedimage20240406230938.png)
[2026-02-09 15:39:57] [INFO]     Converted: Pasted image 20240406230748.png
[2026-02-09 15:39:57] [INFO]     -> ![Alt text](/images/network/Pastedimage20240406230748.png)
[2026-02-09 15:39:57] [INFO]     Converted: Pasted image 20240406230752.png
[2026-02-09 15:39:57] [INFO]     -> ![Alt text](/images/network/Pastedimage20240406230752.png)
[2026-02-09 15:39:57] [INFO]     Converted: Pasted image 20240406223913.png
[2026-02-09 15:39:57] [INFO]     -> ![Alt text](/images/network/Pastedimage20240406223913.png)
[2026-02-09 15:39:57] [INFO]     Converted: Pasted image 20240406224158.png
[2026-02-09 15:39:57] [INFO]     -> ![Alt text](/images/network/Pastedimage20240406224158.png)
[2026-02-09 15:39:57] [INFO]     Converted: Pasted image 20240406224126.png
[2026-02-09 15:39:57] [INFO]     -> ![Alt text](/images/network/Pastedimage20240406224126.png)
[2026-02-09 15:39:57] [INFO]     Converted: Pasted image 20240406224149.png
[2026-02-09 15:39:57] [INFO]     -> ![Alt text](/images/network/Pastedimage20240406224149.png)
[2026-02-09 15:39:57] [INFO]     Converted: Pasted image 20240406224347.png
[2026-02-09 15:39:57] [INFO]     -> ![Alt text](/images/network/Pastedimage20240406224347.png)
[2026-02-09 15:39:57] [INFO]     Converted: Pasted image 20240406224400.png
[2026-02-09 15:39:57] [INFO]     -> ![Alt text](/images/network/Pastedimage20240406224400.png)
[2026-02-09 15:39:57] [INFO]     Converted: Pasted image 20240406224406.png
[2026-02-09 15:39:57] [INFO]     -> ![Alt text](/images/network/Pastedimage20240406224406.png)
[2026-02-09 15:39:57] [INFO]   [Saved] 32 link(s) converted
[2026-02-09 15:39:57] [INFO] 
[File] content\network\Network Models-OSI and TCPIP.md
[2026-02-09 15:39:57] [INFO]   Category: network
[2026-02-09 15:39:57] [INFO]     Converted: Pasted image 20240325142959.png
[2026-02-09 15:39:57] [INFO]     -> ![Alt text](/images/network/Pastedimage20240325142959.png)
[2026-02-09 15:39:57] [INFO]     Converted: Pasted image 20240325142910.png
[2026-02-09 15:39:57] [INFO]     -> ![Alt text](/images/network/Pastedimage20240325142910.png)
[2026-02-09 15:39:57] [INFO]     Converted: Pasted image 20240325142914.png
[2026-02-09 15:39:57] [INFO]     -> ![Alt text](/images/network/Pastedimage20240325142914.png)
[2026-02-09 15:39:57] [INFO]     Converted: Pasted image 20240325143619.png
[2026-02-09 15:39:57] [INFO]     -> ![Alt text](/images/network/Pastedimage20240325143619.png)
[2026-02-09 15:39:57] [INFO]     Converted: Pasted image 20240325143628.png
[2026-02-09 15:39:57] [INFO]     -> ![Alt text](/images/network/Pastedimage20240325143628.png)
[2026-02-09 15:39:57] [INFO]     Converted: Pasted image 20240325150435.png
[2026-02-09 15:39:57] [INFO]     -> ![Alt text](/images/network/Pastedimage20240325150435.png)
[2026-02-09 15:39:57] [INFO]     Converted: Pasted image 20240325150445.png
[2026-02-09 15:39:57] [INFO]     -> ![Alt text](/images/network/Pastedimage20240325150445.png)
[2026-02-09 15:39:57] [INFO]     Converted: Pasted image 20240325150455.png
[2026-02-09 15:39:57] [INFO]     -> ![Alt text](/images/network/Pastedimage20240325150455.png)
[2026-02-09 15:39:57] [INFO]     Converted: Pasted image 20240325150519.png
[2026-02-09 15:39:57] [INFO]     -> ![Alt text](/images/network/Pastedimage20240325150519.png)
[2026-02-09 15:39:57] [INFO]     Converted: Pasted image 20240325150534.png
[2026-02-09 15:39:57] [INFO]     -> ![Alt text](/images/network/Pastedimage20240325150534.png)
[2026-02-09 15:39:57] [INFO]     Converted: Pasted image 20240325150548.png
[2026-02-09 15:39:57] [INFO]     -> ![Alt text](/images/network/Pastedimage20240325150548.png)
[2026-02-09 15:39:57] [INFO]     Converted: Pasted image 20240608232002.png
[2026-02-09 15:39:57] [INFO]     -> ![Alt text](/images/network/Pastedimage20240608232002.png)
[2026-02-09 15:39:57] [INFO]     Converted: Pasted image 20240406230157.png
[2026-02-09 15:39:57] [INFO]     -> ![Alt text](/images/network/Pastedimage20240406230157.png)
[2026-02-09 15:39:57] [INFO]     Converted: Pasted image 20240406230215.png
[2026-02-09 15:39:57] [INFO]     -> ![Alt text](/images/network/Pastedimage20240406230215.png)
[2026-02-09 15:39:57] [INFO]   [Saved] 14 link(s) converted
[2026-02-09 15:39:57] [INFO] 
[File] content\network\Network Services(DHCP-DNS,-VLAN).md
[2026-02-09 15:39:57] [INFO]   Category: network
[2026-02-09 15:39:57] [INFO]     Converted: Pasted image 20240608215246.png
[2026-02-09 15:39:57] [INFO]     -> ![Alt text](/images/network/Pastedimage20240608215246.png)
[2026-02-09 15:39:57] [INFO]   [Saved] 1 link(s) converted
[2026-02-09 15:39:57] [INFO] 
[File] content\network\Windows Networking.md
[2026-02-09 15:39:57] [INFO]   Category: network
[2026-02-09 15:39:57] [INFO]     Converted: Pasted image 20240525223258.png
[2026-02-09 15:39:57] [INFO]     -> ![Alt text](/images/network/Pastedimage20240525223258.png)
[2026-02-09 15:39:57] [INFO]     Converted: Pasted image 20240525222946.png
[2026-02-09 15:39:57] [INFO]     -> ![Alt text](/images/network/Pastedimage20240525222946.png)
[2026-02-09 15:39:57] [INFO]   [Saved] 2 link(s) converted
[2026-02-09 15:39:57] [INFO] 
============================================================
[2026-02-09 15:39:57] [INFO] FINAL STATISTICS:
[2026-02-09 15:39:57] [INFO] ============================================================
[2026-02-09 15:39:57] [INFO] Files scanned: 30
[2026-02-09 15:39:57] [INFO] Image references found: 72
[2026-02-09 15:39:57] [INFO] Images copied: 71
[2026-02-09 15:39:57] [INFO] Images renamed (spaces removed): 71
[2026-02-09 15:39:57] [INFO] Images skipped (already exist): 0
[2026-02-09 15:39:57] [INFO] Files converted: 6
[2026-02-09 15:39:57] [INFO] Links converted: 71
[2026-02-09 15:39:57] [INFO] Errors: 0
[2026-02-09 15:39:57] [INFO] Total processed images: 579
[2026-02-09 15:39:57] [INFO] ============================================================
[2026-02-09 15:39:57] [INFO] 
[SUCCESS] Process completed successfully!
[2026-02-09 15:39:57] [INFO] Images saved to: static/images/category-name/
[2026-02-09 15:39:57] [INFO] Tracking data: processed_images.json
[2026-02-09 15:39:57] [INFO] Full log: image_migration.log
[2026-02-09 15:39:57] [INFO] 
[Report] Summary report created: image_migration_report.txt
[2026-02-09 15:39:57] [INFO] 
[COMPLETE] Process finished
[2026-02-09 15:39:57] [INFO] ============================================================

[2026-02-10 09:24:50] [INFO] ============================================================
[2026-02-10 09:24:50] [INFO] Starting image migration process
[2026-02-10 09:24:50] [INFO] ============================================================
[2026-02-10 09:24:50] [INFO] 
============================================================
[2026-02-10 09:24:50] [INFO] PATH VERIFICATION:
[2026-02-10 09:24:50] [INFO] ============================================================
[2026-02-10 09:24:50] [INFO] Current directory: H:\Repo\Hugo\davoodya
[2026-02-10 09:24:50] [INFO] + Content directory: H:\Repo\Hugo\davoodya\content
[2026-02-10 09:24:50] [INFO] + Static directory: H:\Repo\Hugo\davoodya\static/images
[2026-02-10 09:24:50] [INFO] + Obsidian directory: H:\Files\Obsidian\Handouts\VaultData\Attachments
[2026-02-10 09:24:50] [INFO] ============================================================
[2026-02-10 09:24:50] [INFO] + Obsidian directory found: H:\Files\Obsidian\Handouts\VaultData\Attachments
[2026-02-10 09:24:50] [INFO] + Total images in Obsidian: 11084
[2026-02-10 09:24:50] [INFO] Loaded 688 previously processed images
[2026-02-10 09:24:50] [INFO] 
============================================================
[2026-02-10 09:24:50] [INFO] PHASE 1: Scanning markdown files for images...
[2026-02-10 09:24:50] [INFO] ============================================================
[2026-02-10 09:24:50] [INFO] 
[File] content\linux\Kali Linux Installing Guide.md
[2026-02-10 09:24:50] [INFO]   Category: linux
[2026-02-10 09:24:50] [INFO]   Found 18 image(s)
[2026-02-10 09:24:50] [INFO] 
[File] content\network\Virtualization Concepts.md
[2026-02-10 09:24:50] [INFO]   Category: network
[2026-02-10 09:24:50] [INFO]   Found 8 image(s)
[2026-02-10 09:24:50] [INFO] 
============================================================
[2026-02-10 09:24:50] [INFO] SUMMARY: Found 26 image references
[2026-02-10 09:24:50] [INFO]          (26 unique images)
[2026-02-10 09:24:50] [INFO] ============================================================
[2026-02-10 09:24:50] [INFO] 
============================================================
[2026-02-10 09:24:50] [INFO] PHASE 2: Copying images from Obsidian...
[2026-02-10 09:24:50] [INFO] ============================================================
[2026-02-10 09:24:50] [INFO]   + Copied: Pasted image 20240521175544.png
[2026-02-10 09:24:50] [INFO]     -> Pastedimage20240521175544.png
[2026-02-10 09:24:50] [INFO]     (Renamed: removed spaces)
[2026-02-10 09:24:50] [INFO]   + Copied: Pasted image 20240522154828.png
[2026-02-10 09:24:50] [INFO]     -> Pastedimage20240522154828.png
[2026-02-10 09:24:50] [INFO]     (Renamed: removed spaces)
[2026-02-10 09:24:50] [INFO]   + Copied: Pasted image 20240522160228.png
[2026-02-10 09:24:50] [INFO]     -> Pastedimage20240522160228.png
[2026-02-10 09:24:50] [INFO]     (Renamed: removed spaces)
[2026-02-10 09:24:50] [INFO]   + Copied: Pasted image 20240522160429.png
[2026-02-10 09:24:50] [INFO]     -> Pastedimage20240522160429.png
[2026-02-10 09:24:50] [INFO]     (Renamed: removed spaces)
[2026-02-10 09:24:50] [INFO]   + Copied: Pasted image 20240522160629.png
[2026-02-10 09:24:50] [INFO]     -> Pastedimage20240522160629.png
[2026-02-10 09:24:50] [INFO]     (Renamed: removed spaces)
[2026-02-10 09:24:50] [INFO]   + Copied: Pasted image 20240522161517.png
[2026-02-10 09:24:50] [INFO]     -> Pastedimage20240522161517.png
[2026-02-10 09:24:50] [INFO]     (Renamed: removed spaces)
[2026-02-10 09:24:50] [INFO]   + Copied: Pasted image 20240522161741.png
[2026-02-10 09:24:50] [INFO]     -> Pastedimage20240522161741.png
[2026-02-10 09:24:50] [INFO]     (Renamed: removed spaces)
[2026-02-10 09:24:50] [INFO]   + Copied: Pasted image 20240625164355.png
[2026-02-10 09:24:50] [INFO]     -> Pastedimage20240625164355.png
[2026-02-10 09:24:50] [INFO]     (Renamed: removed spaces)
[2026-02-10 09:24:50] [INFO]   + Copied: Pasted image 20240625164829.png
[2026-02-10 09:24:50] [INFO]     -> Pastedimage20240625164829.png
[2026-02-10 09:24:50] [INFO]     (Renamed: removed spaces)
[2026-02-10 09:24:50] [INFO]   + Copied: Pasted image 20240625165040.png
[2026-02-10 09:24:50] [INFO]     -> Pastedimage20240625165040.png
[2026-02-10 09:24:50] [INFO]     (Renamed: removed spaces)
[2026-02-10 09:24:50] [INFO]   + Copied: Pasted image 20240625165250.png
[2026-02-10 09:24:50] [INFO]     -> Pastedimage20240625165250.png
[2026-02-10 09:24:50] [INFO]     (Renamed: removed spaces)
[2026-02-10 09:24:50] [INFO]   + Copied: Pasted image 20240625165754.png
[2026-02-10 09:24:50] [INFO]     -> Pastedimage20240625165754.png
[2026-02-10 09:24:50] [INFO]     (Renamed: removed spaces)
[2026-02-10 09:24:50] [INFO]   + Copied: Pasted image 20240625170641.png
[2026-02-10 09:24:50] [INFO]     -> Pastedimage20240625170641.png
[2026-02-10 09:24:50] [INFO]     (Renamed: removed spaces)
[2026-02-10 09:24:50] [INFO]   + Copied: Pasted image 20240625171002.png
[2026-02-10 09:24:50] [INFO]     -> Pastedimage20240625171002.png
[2026-02-10 09:24:50] [INFO]     (Renamed: removed spaces)
[2026-02-10 09:24:50] [INFO]   + Copied: Pasted image 20240625171239.png
[2026-02-10 09:24:50] [INFO]     -> Pastedimage20240625171239.png
[2026-02-10 09:24:50] [INFO]     (Renamed: removed spaces)
[2026-02-10 09:24:50] [INFO]   + Copied: Pasted image 20240625200802.png
[2026-02-10 09:24:50] [INFO]     -> Pastedimage20240625200802.png
[2026-02-10 09:24:50] [INFO]     (Renamed: removed spaces)
[2026-02-10 09:24:50] [INFO]   + Copied: Pasted image 20240625200927.png
[2026-02-10 09:24:50] [INFO]     -> Pastedimage20240625200927.png
[2026-02-10 09:24:50] [INFO]     (Renamed: removed spaces)
[2026-02-10 09:24:50] [INFO]   + Copied: Pasted image 20240625201253.png
[2026-02-10 09:24:50] [INFO]     -> Pastedimage20240625201253.png
[2026-02-10 09:24:50] [INFO]     (Renamed: removed spaces)
[2026-02-10 09:24:50] [INFO]   + Copied: Pasted image 20240625201528.png
[2026-02-10 09:24:50] [INFO]     -> Pastedimage20240625201528.png
[2026-02-10 09:24:50] [INFO]     (Renamed: removed spaces)
[2026-02-10 09:24:50] [INFO]   + Copied: Pasted image 20240625235408.png
[2026-02-10 09:24:50] [INFO]     -> Pastedimage20240625235408.png
[2026-02-10 09:24:50] [INFO]     (Renamed: removed spaces)
[2026-02-10 09:24:50] [INFO]   + Copied: Pasted image 20240902120134.png
[2026-02-10 09:24:50] [INFO]     -> Pastedimage20240902120134.png
[2026-02-10 09:24:50] [INFO]     (Renamed: removed spaces)
[2026-02-10 09:24:50] [INFO]   + Copied: Pasted image 20240903183816.png
[2026-02-10 09:24:50] [INFO]     -> Pastedimage20240903183816.png
[2026-02-10 09:24:50] [INFO]     (Renamed: removed spaces)
[2026-02-10 09:24:50] [INFO]   + Copied: Pasted image 20240903183835.png
[2026-02-10 09:24:50] [INFO]     -> Pastedimage20240903183835.png
[2026-02-10 09:24:50] [INFO]     (Renamed: removed spaces)
[2026-02-10 09:24:50] [INFO]   + Copied: Pasted image 20240903184028.png
[2026-02-10 09:24:50] [INFO]     -> Pastedimage20240903184028.png
[2026-02-10 09:24:50] [INFO]     (Renamed: removed spaces)
[2026-02-10 09:24:50] [INFO]   + Copied: Pasted image 20240903184051.png
[2026-02-10 09:24:50] [INFO]     -> Pastedimage20240903184051.png
[2026-02-10 09:24:50] [INFO]     (Renamed: removed spaces)
[2026-02-10 09:24:50] [INFO]   + Copied: Pasted image 20240903184118.png
[2026-02-10 09:24:50] [INFO]     -> Pastedimage20240903184118.png
[2026-02-10 09:24:50] [INFO]     (Renamed: removed spaces)
[2026-02-10 09:24:50] [INFO] Saved 714 images to JSON
[2026-02-10 09:24:50] [INFO] 
============================================================
[2026-02-10 09:24:50] [INFO] PHASE 3: Converting image links in markdown files...
[2026-02-10 09:24:50] [INFO] ============================================================
[2026-02-10 09:24:50] [INFO] 
[File] content\linux\Kali Linux Installing Guide.md
[2026-02-10 09:24:50] [INFO]   Category: linux
[2026-02-10 09:24:50] [INFO]     Converted: Pasted image 20240903184118.png
[2026-02-10 09:24:50] [INFO]     -> ![Alt text](/images/linux/Pastedimage20240903184118.png)
[2026-02-10 09:24:50] [INFO]     Converted: Pasted image 20240903183816.png
[2026-02-10 09:24:50] [INFO]     -> ![Alt text](/images/linux/Pastedimage20240903183816.png)
[2026-02-10 09:24:50] [INFO]     Converted: Pasted image 20240903183835.png
[2026-02-10 09:24:50] [INFO]     -> ![Alt text](/images/linux/Pastedimage20240903183835.png)
[2026-02-10 09:24:50] [INFO]     Converted: Pasted image 20240903184028.png
[2026-02-10 09:24:50] [INFO]     -> ![Alt text](/images/linux/Pastedimage20240903184028.png)
[2026-02-10 09:24:50] [INFO]     Converted: Pasted image 20240903184051.png
[2026-02-10 09:24:50] [INFO]     -> ![Alt text](/images/linux/Pastedimage20240903184051.png)
[2026-02-10 09:24:50] [INFO]     Converted: Pasted image 20240625164355.png
[2026-02-10 09:24:50] [INFO]     -> ![Alt text](/images/linux/Pastedimage20240625164355.png)
[2026-02-10 09:24:50] [INFO]     Converted: Pasted image 20240625164829.png
[2026-02-10 09:24:50] [INFO]     -> ![Alt text](/images/linux/Pastedimage20240625164829.png)
[2026-02-10 09:24:50] [INFO]     Converted: Pasted image 20240625165040.png
[2026-02-10 09:24:50] [INFO]     -> ![Alt text](/images/linux/Pastedimage20240625165040.png)
[2026-02-10 09:24:50] [INFO]     Converted: Pasted image 20240625165250.png
[2026-02-10 09:24:50] [INFO]     -> ![Alt text](/images/linux/Pastedimage20240625165250.png)
[2026-02-10 09:24:50] [INFO]     Converted: Pasted image 20240625165754.png
[2026-02-10 09:24:50] [INFO]     -> ![Alt text](/images/linux/Pastedimage20240625165754.png)
[2026-02-10 09:24:50] [INFO]     Converted: Pasted image 20240625170641.png
[2026-02-10 09:24:50] [INFO]     -> ![Alt text](/images/linux/Pastedimage20240625170641.png)
[2026-02-10 09:24:50] [INFO]     Converted: Pasted image 20240625171002.png
[2026-02-10 09:24:50] [INFO]     -> ![Alt text](/images/linux/Pastedimage20240625171002.png)
[2026-02-10 09:24:50] [INFO]     Converted: Pasted image 20240625171239.png
[2026-02-10 09:24:50] [INFO]     -> ![Alt text](/images/linux/Pastedimage20240625171239.png)
[2026-02-10 09:24:50] [INFO]     Converted: Pasted image 20240625235408.png
[2026-02-10 09:24:50] [INFO]     -> ![Alt text](/images/linux/Pastedimage20240625235408.png)
[2026-02-10 09:24:50] [INFO]     Converted: Pasted image 20240625200802.png
[2026-02-10 09:24:50] [INFO]     -> ![Alt text](/images/linux/Pastedimage20240625200802.png)
[2026-02-10 09:24:50] [INFO]     Converted: Pasted image 20240625200927.png
[2026-02-10 09:24:50] [INFO]     -> ![Alt text](/images/linux/Pastedimage20240625200927.png)
[2026-02-10 09:24:50] [INFO]     Converted: Pasted image 20240625201253.png
[2026-02-10 09:24:50] [INFO]     -> ![Alt text](/images/linux/Pastedimage20240625201253.png)
[2026-02-10 09:24:50] [INFO]     Converted: Pasted image 20240625201528.png
[2026-02-10 09:24:50] [INFO]     -> ![Alt text](/images/linux/Pastedimage20240625201528.png)
[2026-02-10 09:24:50] [INFO]   [Saved] 18 link(s) converted
[2026-02-10 09:24:50] [INFO] 
[File] content\network\Virtualization Concepts.md
[2026-02-10 09:24:50] [INFO]   Category: network
[2026-02-10 09:24:50] [INFO]     Converted: Pasted image 20240902120134.png
[2026-02-10 09:24:50] [INFO]     -> ![Alt text](/images/network/Pastedimage20240902120134.png)
[2026-02-10 09:24:50] [INFO]     Converted: Pasted image 20240521175544.png
[2026-02-10 09:24:50] [INFO]     -> ![Alt text](/images/network/Pastedimage20240521175544.png)
[2026-02-10 09:24:50] [INFO]     Converted: Pasted image 20240522154828.png
[2026-02-10 09:24:50] [INFO]     -> ![Alt text](/images/network/Pastedimage20240522154828.png)
[2026-02-10 09:24:50] [INFO]     Converted: Pasted image 20240522160228.png
[2026-02-10 09:24:50] [INFO]     -> ![Alt text](/images/network/Pastedimage20240522160228.png)
[2026-02-10 09:24:50] [INFO]     Converted: Pasted image 20240522160429.png
[2026-02-10 09:24:50] [INFO]     -> ![Alt text](/images/network/Pastedimage20240522160429.png)
[2026-02-10 09:24:50] [INFO]     Converted: Pasted image 20240522160629.png
[2026-02-10 09:24:50] [INFO]     -> ![Alt text](/images/network/Pastedimage20240522160629.png)
[2026-02-10 09:24:50] [INFO]     Converted: Pasted image 20240522161517.png
[2026-02-10 09:24:50] [INFO]     -> ![Alt text](/images/network/Pastedimage20240522161517.png)
[2026-02-10 09:24:50] [INFO]     Converted: Pasted image 20240522161741.png
[2026-02-10 09:24:50] [INFO]     -> ![Alt text](/images/network/Pastedimage20240522161741.png)
[2026-02-10 09:24:50] [INFO]   [Saved] 8 link(s) converted
[2026-02-10 09:24:50] [INFO] 
============================================================
[2026-02-10 09:24:50] [INFO] FINAL STATISTICS:
[2026-02-10 09:24:50] [INFO] ============================================================
[2026-02-10 09:24:50] [INFO] Files scanned: 32
[2026-02-10 09:24:50] [INFO] Image references found: 26
[2026-02-10 09:24:50] [INFO] Images copied: 26
[2026-02-10 09:24:50] [INFO] Images renamed (spaces removed): 26
[2026-02-10 09:24:50] [INFO] Images skipped (already exist): 0
[2026-02-10 09:24:50] [INFO] Files converted: 2
[2026-02-10 09:24:50] [INFO] Links converted: 26
[2026-02-10 09:24:50] [INFO] Errors: 0
[2026-02-10 09:24:50] [INFO] Total processed images: 714
[2026-02-10 09:24:50] [INFO] ============================================================
[2026-02-10 09:24:50] [INFO] 
[SUCCESS] Process completed successfully!
[2026-02-10 09:24:50] [INFO] Images saved to: static/images/category-name/
[2026-02-10 09:24:50] [INFO] Tracking data: processed_images.json
[2026-02-10 09:24:50] [INFO] Full log: image_migration.log
[2026-02-10 09:24:50] [INFO] 
[Report] Summary report created: image_migration_report.txt
[2026-02-10 09:24:50] [INFO] 
[COMPLETE] Process finished
[2026-02-10 09:24:50] [INFO] ============================================================

[2026-02-10 09:25:57] [INFO] ============================================================
[2026-02-10 09:25:57] [INFO] Starting image migration process
[2026-02-10 09:25:57] [INFO] ============================================================
[2026-02-10 09:25:57] [INFO] 
============================================================
[2026-02-10 09:25:57] [INFO] PATH VERIFICATION:
[2026-02-10 09:25:57] [INFO] ============================================================
[2026-02-10 09:25:57] [INFO] Current directory: H:\Repo\Hugo\davoodya
[2026-02-10 09:25:57] [INFO] + Content directory: H:\Repo\Hugo\davoodya\content
[2026-02-10 09:25:57] [INFO] + Static directory: H:\Repo\Hugo\davoodya\static/images
[2026-02-10 09:25:57] [INFO] + Obsidian directory: H:\Files\Obsidian\Handouts\VaultData\Attachments
[2026-02-10 09:25:57] [INFO] ============================================================
[2026-02-10 09:25:57] [INFO] + Obsidian directory found: H:\Files\Obsidian\Handouts\VaultData\Attachments
[2026-02-10 09:25:57] [INFO] + Total images in Obsidian: 11084
[2026-02-10 09:25:57] [INFO] Loaded 714 previously processed images
[2026-02-10 09:25:57] [INFO] 
============================================================
[2026-02-10 09:25:57] [INFO] PHASE 1: Scanning markdown files for images...
[2026-02-10 09:25:57] [INFO] ============================================================
[2026-02-10 09:25:57] [INFO] 
============================================================
[2026-02-10 09:25:57] [INFO] SUMMARY: Found 0 image references
[2026-02-10 09:25:57] [INFO]          (0 unique images)
[2026-02-10 09:25:57] [INFO] ============================================================
[2026-02-10 09:25:57] [INFO] 
============================================================
[2026-02-10 09:25:57] [INFO] PHASE 2: Copying images from Obsidian...
[2026-02-10 09:25:57] [INFO] ============================================================
[2026-02-10 09:25:57] [INFO] No images to copy
[2026-02-10 09:25:57] [INFO] Saved 714 images to JSON
[2026-02-10 09:25:57] [INFO] 
============================================================
[2026-02-10 09:25:57] [INFO] PHASE 3: Converting image links in markdown files...
[2026-02-10 09:25:57] [INFO] ============================================================
[2026-02-10 09:25:57] [INFO] 
============================================================
[2026-02-10 09:25:57] [INFO] FINAL STATISTICS:
[2026-02-10 09:25:57] [INFO] ============================================================
[2026-02-10 09:25:57] [INFO] Files scanned: 32
[2026-02-10 09:25:57] [INFO] Image references found: 0
[2026-02-10 09:25:57] [INFO] Images copied: 0
[2026-02-10 09:25:57] [INFO] Images renamed (spaces removed): 0
[2026-02-10 09:25:57] [INFO] Images skipped (already exist): 0
[2026-02-10 09:25:57] [INFO] Files converted: 0
[2026-02-10 09:25:57] [INFO] Links converted: 0
[2026-02-10 09:25:57] [INFO] Errors: 0
[2026-02-10 09:25:57] [INFO] Total processed images: 714
[2026-02-10 09:25:57] [INFO] ============================================================
[2026-02-10 09:25:57] [INFO] 
[INFO] No new images to process
[2026-02-10 09:25:57] [INFO] 
[Report] Summary report created: image_migration_report.txt
[2026-02-10 09:25:57] [INFO] 
[COMPLETE] Process finished
[2026-02-10 09:25:57] [INFO] ============================================================

[2026-02-10 09:40:35] [INFO] ============================================================
[2026-02-10 09:40:35] [INFO] Starting image migration process
[2026-02-10 09:40:35] [INFO] ============================================================
[2026-02-10 09:40:35] [INFO] 
============================================================
[2026-02-10 09:40:35] [INFO] PATH VERIFICATION:
[2026-02-10 09:40:35] [INFO] ============================================================
[2026-02-10 09:40:35] [INFO] Current directory: H:\Repo\Hugo\davoodya
[2026-02-10 09:40:35] [INFO] + Content directory: H:\Repo\Hugo\davoodya\content
[2026-02-10 09:40:35] [INFO] + Static directory: H:\Repo\Hugo\davoodya\static/images
[2026-02-10 09:40:35] [INFO] + Obsidian directory: H:\Files\Obsidian\Handouts\VaultData\Attachments
[2026-02-10 09:40:35] [INFO] ============================================================
[2026-02-10 09:40:35] [INFO] + Obsidian directory found: H:\Files\Obsidian\Handouts\VaultData\Attachments
[2026-02-10 09:40:35] [INFO] + Total images in Obsidian: 11084
[2026-02-10 09:40:35] [INFO] Loaded 810 previously processed images
[2026-02-10 09:40:35] [INFO] 
============================================================
[2026-02-10 09:40:35] [INFO] PHASE 1: Scanning markdown files for images...
[2026-02-10 09:40:35] [INFO] ============================================================
[2026-02-10 09:40:35] [INFO] 
============================================================
[2026-02-10 09:40:35] [INFO] SUMMARY: Found 0 image references
[2026-02-10 09:40:35] [INFO]          (0 unique images)
[2026-02-10 09:40:35] [INFO] ============================================================
[2026-02-10 09:40:35] [INFO] 
============================================================
[2026-02-10 09:40:35] [INFO] PHASE 2: Copying images from Obsidian...
[2026-02-10 09:40:35] [INFO] ============================================================
[2026-02-10 09:40:35] [INFO] No images to copy
[2026-02-10 09:40:35] [INFO] Saved 810 images to JSON
[2026-02-10 09:40:35] [INFO] 
============================================================
[2026-02-10 09:40:35] [INFO] PHASE 3: Converting image links in markdown files...
[2026-02-10 09:40:35] [INFO] ============================================================
[2026-02-10 09:40:35] [INFO] 
============================================================
[2026-02-10 09:40:35] [INFO] FINAL STATISTICS:
[2026-02-10 09:40:35] [INFO] ============================================================
[2026-02-10 09:40:35] [INFO] Files scanned: 32
[2026-02-10 09:40:35] [INFO] Image references found: 0
[2026-02-10 09:40:35] [INFO] Images copied: 0
[2026-02-10 09:40:35] [INFO] Images renamed (spaces removed): 0
[2026-02-10 09:40:35] [INFO] Images skipped (already exist): 0
[2026-02-10 09:40:35] [INFO] Files converted: 0
[2026-02-10 09:40:35] [INFO] Links converted: 0
[2026-02-10 09:40:35] [INFO] Errors: 0
[2026-02-10 09:40:35] [INFO] Total processed images: 810
[2026-02-10 09:40:35] [INFO] ============================================================
[2026-02-10 09:40:35] [INFO] 
[INFO] No new images to process
[2026-02-10 09:40:35] [INFO] 
[Report] Summary report created: image_migration_report.txt
[2026-02-10 09:40:35] [INFO] 
[COMPLETE] Process finished
[2026-02-10 09:40:35] [INFO] ============================================================

