[2026-02-08 13:35:41] [INFO] ============================================================
[2026-02-08 13:35:41] [INFO] Starting image rename process
[2026-02-08 13:35:41] [INFO] ============================================================
[2026-02-08 13:35:41] [INFO] 
============================================================
[2026-02-08 13:35:41] [INFO] Testing filename generation:
[2026-02-08 13:35:41] [INFO] ============================================================
[2026-02-08 13:35:41] [INFO]   Alt: 'SANS-401-Networking and Protocols (401.1)-6'
[2026-02-08 13:35:41] [INFO]   Old: 'Pastedimage20240620171105.png'
[2026-02-08 13:35:41] [INFO]   New: 'SANS-401-NetworkingandProtocols(401.1)-6.png'
[2026-02-08 13:35:41] [INFO] 
[2026-02-08 13:35:41] [INFO]   Alt: 'My Test Image-1'
[2026-02-08 13:35:41] [INFO]   Old: 'Pastedimage123.jpg'
[2026-02-08 13:35:41] [INFO]   New: 'MyTestImage-1.jpg'
[2026-02-08 13:35:41] [INFO] 
[2026-02-08 13:35:41] [INFO]   Alt: 'Test (With) Spaces-2'
[2026-02-08 13:35:41] [INFO]   Old: 'oldname.png'
[2026-02-08 13:35:41] [INFO]   New: 'Test(With)Spaces-2.png'
[2026-02-08 13:35:41] [INFO] 
[2026-02-08 13:35:41] [INFO] 
============================================================
[2026-02-08 13:35:41] [INFO] Verifying directories:
[2026-02-08 13:35:41] [INFO] ============================================================
[2026-02-08 13:35:41] [INFO] + Content directory: content
[2026-02-08 13:35:41] [INFO] + Static images directory: static/images
[2026-02-08 13:35:41] [INFO]   Categories: cyber-security, linux, seo, tools
[2026-02-08 13:35:41] [INFO] ============================================================
[2026-02-08 13:35:41] [INFO] PHASE 1: Updating markdown files...
[2026-02-08 13:35:41] [INFO] ============================================================
[2026-02-08 13:35:41] [INFO] 
[File] cyber-security\SANS-401\SANS-401-E0, E1 - (Introduction & Prepare Lab).md
[2026-02-08 13:35:41] [INFO]   Found 8 image(s)
[2026-02-08 13:35:41] [INFO]     + Renamed: Pastedimage20240620162926.png
[2026-02-08 13:35:41] [INFO]       -> SANS-401.0Introduction&PrepareLab-1.png
[2026-02-08 13:35:41] [INFO]     + Renamed: Pastedimage20240620163247.png
[2026-02-08 13:35:41] [INFO]       -> SANS-401.0Introduction&PrepareLab-2.png
[2026-02-08 13:35:41] [INFO]     + Renamed: Pastedimage20240620163325.png
[2026-02-08 13:35:41] [INFO]       -> SANS-401.0Introduction&PrepareLab-3.png
[2026-02-08 13:35:41] [INFO]     + Renamed: Pastedimage20240620163445.png
[2026-02-08 13:35:41] [INFO]       -> SANS-401.0Introduction&PrepareLab-4.png
[2026-02-08 13:35:41] [INFO]     + Renamed: Pastedimage20240620163844.png
[2026-02-08 13:35:41] [INFO]       -> SANS-401.0Introduction&PrepareLab-5.png
[2026-02-08 13:35:41] [INFO]     + Renamed: Pastedimage20240620164103.png
[2026-02-08 13:35:41] [INFO]       -> SANS-401.0Introduction&PrepareLab-6.png
[2026-02-08 13:35:41] [INFO]     + Renamed: Pastedimage20240620164251.png
[2026-02-08 13:35:41] [INFO]       -> SANS-401.0Introduction&PrepareLab-7.png
[2026-02-08 13:35:41] [INFO]     + Renamed: Pastedimage20240620164453.png
[2026-02-08 13:35:41] [INFO]       -> SANS-401.0Introduction&PrepareLab-8.png
[2026-02-08 13:35:41] [INFO]   [Saved] 8 image(s) renamed in markdown
[2026-02-08 13:35:41] [INFO] 
[File] cyber-security\SANS-401\SANS-401-E2 - Networking and Protocols (401.1).md
[2026-02-08 13:35:41] [INFO]   Found 13 image(s)
[2026-02-08 13:35:41] [INFO]     + Renamed: Pastedimage20240620165523.png
[2026-02-08 13:35:41] [INFO]       -> SANS-401-NetworkingandProtocols(401.1)-1.png
[2026-02-08 13:35:41] [INFO]     + Renamed: Pastedimage20240620165923.png
[2026-02-08 13:35:41] [INFO]       -> SANS-401-NetworkingandProtocols(401.1)-2.png
[2026-02-08 13:35:41] [INFO]     + Renamed: Pastedimage20240620170018.png
[2026-02-08 13:35:41] [INFO]       -> SANS-401-NetworkingandProtocols(401.1)-3.png
[2026-02-08 13:35:41] [INFO]     + Renamed: Pastedimage20240620175636.png
[2026-02-08 13:35:41] [INFO]       -> SANS-401-NetworkingandProtocols(401.1)-4.png
[2026-02-08 13:35:41] [INFO]     + Renamed: Pastedimage20240620170629.png
[2026-02-08 13:35:41] [INFO]       -> SANS-401-NetworkingandProtocols(401.1)-5.png
[2026-02-08 13:35:41] [INFO]     + Renamed: Pastedimage20240620171105.png
[2026-02-08 13:35:41] [INFO]       -> SANS-401-NetworkingandProtocols(401.1)-6.png
[2026-02-08 13:35:41] [INFO]     + Renamed: Pastedimage20240620174957.png
[2026-02-08 13:35:41] [INFO]       -> SANS-401-NetworkingandProtocols(401.1)-7.png
[2026-02-08 13:35:41] [INFO]     + Renamed: Pastedimage20240620175001.png
[2026-02-08 13:35:41] [INFO]       -> SANS-401-NetworkingandProtocols(401.1)-8.png
[2026-02-08 13:35:41] [INFO]     + Renamed: Pastedimage20240620180042.png
[2026-02-08 13:35:41] [INFO]       -> SANS-401-NetworkingandProtocols(401.1)-9.png
[2026-02-08 13:35:41] [INFO]     + Renamed: Pastedimage20240620181147.png
[2026-02-08 13:35:41] [INFO]       -> SANS-401-NetworkingandProtocols(401.1)-10.png
[2026-02-08 13:35:41] [INFO]     + Renamed: Pastedimage20240620181551.png
[2026-02-08 13:35:41] [INFO]       -> SANS-401-NetworkingandProtocols(401.1)-11.png
[2026-02-08 13:35:41] [INFO]     + Renamed: Pastedimage20240620182037.png
[2026-02-08 13:35:41] [INFO]       -> SANS-401-NetworkingandProtocols(401.1)-12.png
[2026-02-08 13:35:41] [INFO]     + Renamed: Pastedimage20240620182614.png
[2026-02-08 13:35:41] [INFO]       -> SANS-401-NetworkingandProtocols(401.1)-13.png
[2026-02-08 13:35:41] [INFO]   [Saved] 13 image(s) renamed in markdown
[2026-02-08 13:35:41] [INFO] 
[File] cyber-security\SANS-401\SANS-401-E3 - Virtualization & Cloud Infrastructure(401.1).md
[2026-02-08 13:35:41] [INFO]   Found 14 image(s)
[2026-02-08 13:35:41] [INFO]     + Renamed: Pastedimage20240620183121.png
[2026-02-08 13:35:41] [INFO]       -> SANS-401-E3-Virtualization&CloudInfrastructure(401.1)-1.png
[2026-02-08 13:35:41] [INFO]     + Renamed: Pastedimage20240620183204.png
[2026-02-08 13:35:41] [INFO]       -> SANS-401-E3-Virtualization&CloudInfrastructure(401.1)-2.png
[2026-02-08 13:35:41] [INFO]     + Renamed: Pastedimage20240620183227.png
[2026-02-08 13:35:41] [INFO]       -> SANS-401-E3-Virtualization&CloudInfrastructure(401.1)-3.png
[2026-02-08 13:35:41] [INFO]     + Renamed: Pastedimage20240620183242.png
[2026-02-08 13:35:41] [INFO]       -> SANS-401-E3-Virtualization&CloudInfrastructure(401.1)-4.png
[2026-02-08 13:35:41] [INFO]     + Renamed: Pastedimage20240620183352.png
[2026-02-08 13:35:41] [INFO]       -> SANS-401-E3-Virtualization&CloudInfrastructure(401.1)-5.png
[2026-02-08 13:35:41] [INFO]     + Renamed: Pastedimage20240620184519.png
[2026-02-08 13:35:41] [INFO]       -> SANS-401-E3-Virtualization&CloudInfrastructure(401.1)-6.png
[2026-02-08 13:35:41] [INFO]     + Renamed: Pastedimage20240620194028.png
[2026-02-08 13:35:41] [INFO]       -> SANS-401-E3-Virtualization&CloudInfrastructure(401.1)-7.png
[2026-02-08 13:35:41] [INFO]     + Renamed: Pastedimage20240620194123.png
[2026-02-08 13:35:41] [INFO]       -> SANS-401-E3-Virtualization&CloudInfrastructure(401.1)-8.png
[2026-02-08 13:35:41] [INFO]     + Renamed: Pastedimage20240620194240.png
[2026-02-08 13:35:41] [INFO]       -> SANS-401-E3-Virtualization&CloudInfrastructure(401.1)-9.png
[2026-02-08 13:35:41] [INFO]     + Renamed: Pastedimage20240620194553.png
[2026-02-08 13:35:41] [INFO]       -> SANS-401-E3-Virtualization&CloudInfrastructure(401.1)-10.png
[2026-02-08 13:35:41] [INFO]     + Renamed: Pastedimage20240620195702.png
[2026-02-08 13:35:41] [INFO]       -> SANS-401-E3-Virtualization&CloudInfrastructure(401.1)-11.png
[2026-02-08 13:35:41] [INFO]     + Renamed: Pastedimage20240620200538.png
[2026-02-08 13:35:41] [INFO]       -> SANS-401-E3-Virtualization&CloudInfrastructure(401.1)-12.png
[2026-02-08 13:35:41] [INFO]     + Renamed: Pastedimage20240620201106.png
[2026-02-08 13:35:41] [INFO]       -> SANS-401-E3-Virtualization&CloudInfrastructure(401.1)-13.png
[2026-02-08 13:35:41] [INFO]     + Renamed: Pastedimage20240620202009.png
[2026-02-08 13:35:41] [INFO]       -> SANS-401-E3-Virtualization&CloudInfrastructure(401.1)-14.png
[2026-02-08 13:35:41] [INFO]   [Saved] 14 image(s) renamed in markdown
[2026-02-08 13:35:41] [INFO] 
[File] cyber-security\SANS-401\SANS-401-E4, E5, E6 - Wireless, Aircrack-ng, Wireshark (401.1).md
[2026-02-08 13:35:41] [INFO]   Found 12 image(s)
[2026-02-08 13:35:41] [INFO]     + Renamed: Pastedimage20240620203510.png
[2026-02-08 13:35:41] [INFO]       -> SANS-401-Wireless,Aircrack-ng,Wireshark(401.1)-1.png
[2026-02-08 13:35:41] [INFO]     + Renamed: Pastedimage20240620203819.png
[2026-02-08 13:35:41] [INFO]       -> SANS-401-Wireless,Aircrack-ng,Wireshark(401.1)-2.png
[2026-02-08 13:35:41] [INFO]     + Renamed: Pastedimage20240620204019.png
[2026-02-08 13:35:41] [INFO]       -> SANS-401-Wireless,Aircrack-ng,Wireshark(401.1)-3.png
[2026-02-08 13:35:41] [INFO]     + Renamed: Pastedimage20240620204807.png
[2026-02-08 13:35:41] [INFO]       -> SANS-401-Wireless,Aircrack-ng,Wireshark(401.1)-4.png
[2026-02-08 13:35:41] [INFO]     + Renamed: Pastedimage20240620205025.png
[2026-02-08 13:35:41] [INFO]       -> SANS-401-Wireless,Aircrack-ng,Wireshark(401.1)-5.png
[2026-02-08 13:35:41] [INFO]     + Renamed: Pastedimage20240621164752.png
[2026-02-08 13:35:41] [INFO]       -> SANS-401-Wireless,Aircrack-ng,Wireshark(401.1)-6.png
[2026-02-08 13:35:41] [INFO]     + Renamed: Pastedimage20240621165857.png
[2026-02-08 13:35:41] [INFO]       -> SANS-401-Wireless,Aircrack-ng,Wireshark(401.1)-7.png
[2026-02-08 13:35:41] [INFO]     + Renamed: Pastedimage20240621170039.png
[2026-02-08 13:35:41] [INFO]       -> SANS-401-Wireless,Aircrack-ng,Wireshark(401.1)-8.png
[2026-02-08 13:35:41] [INFO]     + Renamed: Pastedimage20240621170041.png
[2026-02-08 13:35:41] [INFO]       -> SANS-401-Wireless,Aircrack-ng,Wireshark(401.1)-9.png
[2026-02-08 13:35:41] [INFO]     + Renamed: Pastedimage20240621170532.png
[2026-02-08 13:35:41] [INFO]       -> SANS-401-Wireless,Aircrack-ng,Wireshark(401.1)-10.png
[2026-02-08 13:35:41] [INFO]     + Renamed: Pastedimage20240621172255.png
[2026-02-08 13:35:41] [INFO]       -> SANS-401-Wireless,Aircrack-ng,Wireshark(401.1)-11.png
[2026-02-08 13:35:41] [INFO]     + Renamed: Pastedimage20240621172422.png
[2026-02-08 13:35:41] [INFO]       -> SANS-401-Wireless,Aircrack-ng,Wireshark(401.1)-12.png
[2026-02-08 13:35:41] [INFO]   [Saved] 12 image(s) renamed in markdown
[2026-02-08 13:35:41] [INFO] 
[File] cyber-security\SANS-401\SANS-401-E7- Defense-in-Depth (401.2).md
[2026-02-08 13:35:41] [INFO]   Found 9 image(s)
[2026-02-08 13:35:41] [INFO]     + Renamed: Pastedimage20240621173423.png
[2026-02-08 13:35:41] [INFO]       -> SANS-401-Defense-in-Depth(401.2)-1.png
[2026-02-08 13:35:41] [INFO]     + Renamed: Pastedimage20240621173706.png
[2026-02-08 13:35:41] [INFO]       -> SANS-401-Defense-in-Depth(401.2)-2.png
[2026-02-08 13:35:41] [INFO]     + Renamed: Pastedimage20240621180821.png
[2026-02-08 13:35:41] [INFO]       -> SANS-401-Defense-in-Depth(401.2)-3.png
[2026-02-08 13:35:41] [INFO]     + Renamed: Pastedimage20240621181416.png
[2026-02-08 13:35:41] [INFO]       -> SANS-401-Defense-in-Depth(401.2)-4.png
[2026-02-08 13:35:41] [INFO]     + Renamed: Pastedimage20240621181800.png
[2026-02-08 13:35:41] [INFO]       -> SANS-401-Defense-in-Depth(401.2)-5.png
[2026-02-08 13:35:41] [INFO]     + Renamed: Pastedimage20240621182040.png
[2026-02-08 13:35:41] [INFO]       -> SANS-401-Defense-in-Depth(401.2)-6.png
[2026-02-08 13:35:41] [INFO]     + Renamed: Pastedimage20240621182546.png
[2026-02-08 13:35:41] [INFO]       -> SANS-401-Defense-in-Depth(401.2)-7.png
[2026-02-08 13:35:41] [INFO]     + Renamed: Pastedimage20240621182838.png
[2026-02-08 13:35:41] [INFO]       -> SANS-401-Defense-in-Depth(401.2)-8.png
[2026-02-08 13:35:41] [INFO]     + Renamed: Pastedimage20240621184130.png
[2026-02-08 13:35:41] [INFO]       -> SANS-401-Defense-in-Depth(401.2)-9.png
[2026-02-08 13:35:41] [INFO]   [Saved] 9 image(s) renamed in markdown
[2026-02-08 13:35:41] [INFO] 
[File] cyber-security\SANS-401\SANS-401-E8, E9 - Password Cracking.md
[2026-02-08 13:35:41] [INFO]   Found 30 image(s)
[2026-02-08 13:35:41] [INFO]     + Renamed: Pastedimage20240624195037.png
[2026-02-08 13:35:41] [INFO]       -> SANS-401-PasswordCracking-1.png
[2026-02-08 13:35:41] [INFO]     + Renamed: Pastedimage20240624195151.png
[2026-02-08 13:35:41] [INFO]       -> SANS-401-PasswordCracking-2.png
[2026-02-08 13:35:41] [INFO]     + Renamed: Pastedimage20240624195533.png
[2026-02-08 13:35:41] [INFO]       -> SANS-401-PasswordCracking-3.png
[2026-02-08 13:35:41] [INFO]     + Renamed: Pastedimage20240624204001.png
[2026-02-08 13:35:41] [INFO]       -> SANS-401-PasswordCracking-4.png
[2026-02-08 13:35:41] [INFO]     + Renamed: Pastedimage20240624205403.png
[2026-02-08 13:35:41] [INFO]       -> SANS-401-PasswordCracking-5.png
[2026-02-08 13:35:41] [INFO]     + Renamed: Pastedimage20240624205939.png
[2026-02-08 13:35:41] [INFO]       -> SANS-401-PasswordCracking-6.png
[2026-02-08 13:35:41] [INFO]     + Renamed: Pastedimage20240624211241.png
[2026-02-08 13:35:41] [INFO]       -> SANS-401-PasswordCracking-7.png
[2026-02-08 13:35:41] [INFO]     + Renamed: Pastedimage20240624210842.png
[2026-02-08 13:35:41] [INFO]       -> SANS-401-PasswordCracking-8.png
[2026-02-08 13:35:41] [INFO]     + Renamed: Pastedimage20240624211100.png
[2026-02-08 13:35:41] [INFO]       -> SANS-401-PasswordCracking-9.png
[2026-02-08 13:35:41] [INFO]     + Renamed: Pastedimage20240624211034.png
[2026-02-08 13:35:41] [INFO]       -> SANS-401-PasswordCracking-10.png
[2026-02-08 13:35:41] [INFO]     + Renamed: Pastedimage20240624210955.png
[2026-02-08 13:35:41] [INFO]       -> SANS-401-PasswordCracking-11.png
[2026-02-08 13:35:41] [INFO]     + Renamed: Pastedimage20240624211139.png
[2026-02-08 13:35:41] [INFO]       -> SANS-401-PasswordCracking-12.png
[2026-02-08 13:35:41] [INFO]     + Renamed: Pastedimage20240624210729.png
[2026-02-08 13:35:41] [INFO]       -> SANS-401-PasswordCracking-13.png
[2026-02-08 13:35:41] [INFO]     + Renamed: Pastedimage20240624211736.png
[2026-02-08 13:35:41] [INFO]       -> SANS-401-PasswordCracking-14.png
[2026-02-08 13:35:41] [INFO]     + Renamed: Pastedimage20240624212005.png
[2026-02-08 13:35:41] [INFO]       -> SANS-401-PasswordCracking-15.png
[2026-02-08 13:35:41] [INFO]     + Renamed: Pastedimage20240624212124.png
[2026-02-08 13:35:41] [INFO]       -> SANS-401-PasswordCracking-16.png
[2026-02-08 13:35:41] [INFO]     + Renamed: Pastedimage20240624212250.png
[2026-02-08 13:35:41] [INFO]       -> SANS-401-PasswordCracking-17.png
[2026-02-08 13:35:41] [INFO]     + Renamed: Pastedimage20240624212751.png
[2026-02-08 13:35:41] [INFO]       -> SANS-401-PasswordCracking-18.png
[2026-02-08 13:35:41] [INFO]     + Renamed: Pastedimage20240624212900.png
[2026-02-08 13:35:41] [INFO]       -> SANS-401-PasswordCracking-19.png
[2026-02-08 13:35:41] [INFO]     + Renamed: Pastedimage20240624213056.png
[2026-02-08 13:35:41] [INFO]       -> SANS-401-PasswordCracking-20.png
[2026-02-08 13:35:41] [INFO]     + Renamed: Pastedimage20240624213224.png
[2026-02-08 13:35:41] [INFO]       -> SANS-401-PasswordCracking-21.png
[2026-02-08 13:35:41] [INFO]     + Renamed: Pastedimage20240624213704.png
[2026-02-08 13:35:41] [INFO]       -> SANS-401-PasswordCracking-22.png
[2026-02-08 13:35:41] [INFO]     + Renamed: Pastedimage20240624213812.png
[2026-02-08 13:35:41] [INFO]       -> SANS-401-PasswordCracking-23.png
[2026-02-08 13:35:41] [INFO]     + Renamed: Pastedimage20240624213852.png
[2026-02-08 13:35:41] [INFO]       -> SANS-401-PasswordCracking-24.png
[2026-02-08 13:35:41] [INFO]     + Renamed: Pastedimage20240624214101.png
[2026-02-08 13:35:41] [INFO]       -> SANS-401-PasswordCracking-25.png
[2026-02-08 13:35:41] [INFO]     + Renamed: Pastedimage20240624214347.png
[2026-02-08 13:35:41] [INFO]       -> SANS-401-PasswordCracking-26.png
[2026-02-08 13:35:41] [INFO]     + Renamed: Pastedimage20240624214522.png
[2026-02-08 13:35:41] [INFO]       -> SANS-401-PasswordCracking-27.png
[2026-02-08 13:35:41] [INFO]     + Renamed: Pastedimage20240624214603.png
[2026-02-08 13:35:41] [INFO]       -> SANS-401-PasswordCracking-28.png
[2026-02-08 13:35:41] [INFO]     + Renamed: Pastedimage20240624214731.png
[2026-02-08 13:35:41] [INFO]       -> SANS-401-PasswordCracking-29.png
[2026-02-08 13:35:41] [INFO]     + Renamed: Pastedimage20240624214923.png
[2026-02-08 13:35:41] [INFO]       -> SANS-401-PasswordCracking-30.png
[2026-02-08 13:35:41] [INFO]   [Saved] 30 image(s) renamed in markdown
[2026-02-08 13:35:41] [INFO] 
[File] linux\60 Commands Hacker Should Know it.md
[2026-02-08 13:35:41] [INFO]   Found 24 image(s)
[2026-02-08 13:35:41] [INFO]     + Renamed: Pastedimage20251201181732.png
[2026-02-08 13:35:41] [INFO]       -> 60CommandsHackerShouldKnowit-1.png
[2026-02-08 13:35:41] [INFO]     + Renamed: Pastedimage20251201181847.png
[2026-02-08 13:35:41] [INFO]       -> 60CommandsHackerShouldKnowit-2.png
[2026-02-08 13:35:41] [INFO]     + Renamed: Pastedimage20251201182046.png
[2026-02-08 13:35:41] [INFO]       -> 60CommandsHackerShouldKnowit-3.png
[2026-02-08 13:35:41] [INFO]     + Renamed: Pastedimage20251201182137.png
[2026-02-08 13:35:41] [INFO]       -> 60CommandsHackerShouldKnowit-4.png
[2026-02-08 13:35:41] [INFO]     + Renamed: Pastedimage20251201182336.png
[2026-02-08 13:35:41] [INFO]       -> 60CommandsHackerShouldKnowit-5.png
[2026-02-08 13:35:41] [INFO]     + Renamed: Pastedimage20251201182425.png
[2026-02-08 13:35:41] [INFO]       -> 60CommandsHackerShouldKnowit-6.png
[2026-02-08 13:35:41] [INFO]     + Renamed: Pastedimage20251201182611.png
[2026-02-08 13:35:41] [INFO]       -> 60CommandsHackerShouldKnowit-7.png
[2026-02-08 13:35:41] [INFO]     + Renamed: Pastedimage20251201182934.png
[2026-02-08 13:35:41] [INFO]       -> 60CommandsHackerShouldKnowit-8.png
[2026-02-08 13:35:41] [INFO]     + Renamed: Pastedimage20251201183204.png
[2026-02-08 13:35:41] [INFO]       -> 60CommandsHackerShouldKnowit-9.png
[2026-02-08 13:35:41] [INFO]     + Renamed: Pastedimage20251201183318.png
[2026-02-08 13:35:41] [INFO]       -> 60CommandsHackerShouldKnowit-10.png
[2026-02-08 13:35:41] [INFO]     + Renamed: Pastedimage20251201183534.png
[2026-02-08 13:35:41] [INFO]       -> 60CommandsHackerShouldKnowit-11.png
[2026-02-08 13:35:41] [INFO]     + Renamed: Pastedimage20251201183918.png
[2026-02-08 13:35:41] [INFO]       -> 60CommandsHackerShouldKnowit-12.png
[2026-02-08 13:35:41] [INFO]     + Renamed: Pastedimage20251201184053.png
[2026-02-08 13:35:41] [INFO]       -> 60CommandsHackerShouldKnowit-13.png
[2026-02-08 13:35:41] [INFO]     + Renamed: Pastedimage20251201184400.png
[2026-02-08 13:35:41] [INFO]       -> 60CommandsHackerShouldKnowit-14.png
[2026-02-08 13:35:41] [INFO]     + Renamed: Pastedimage20251201184619.png
[2026-02-08 13:35:41] [INFO]       -> 60CommandsHackerShouldKnowit-15.png
[2026-02-08 13:35:41] [INFO]     + Renamed: Pastedimage20251201184843.png
[2026-02-08 13:35:41] [INFO]       -> 60CommandsHackerShouldKnowit-16.png
[2026-02-08 13:35:41] [INFO]     + Renamed: Pastedimage20251201184925.png
[2026-02-08 13:35:41] [INFO]       -> 60CommandsHackerShouldKnowit-17.png
[2026-02-08 13:35:41] [INFO]     + Renamed: Pastedimage20251201185105.png
[2026-02-08 13:35:41] [INFO]       -> 60CommandsHackerShouldKnowit-18.png
[2026-02-08 13:35:41] [INFO]     + Renamed: Pastedimage20251201185334.png
[2026-02-08 13:35:41] [INFO]       -> 60CommandsHackerShouldKnowit-19.png
[2026-02-08 13:35:41] [INFO]     + Renamed: Pastedimage20251201185312.png
[2026-02-08 13:35:41] [INFO]       -> 60CommandsHackerShouldKnowit-20.png
[2026-02-08 13:35:41] [INFO]     + Renamed: Pastedimage20251201185841.png
[2026-02-08 13:35:41] [INFO]       -> 60CommandsHackerShouldKnowit-21.png
[2026-02-08 13:35:41] [INFO]     + Renamed: Pastedimage20251201190027.png
[2026-02-08 13:35:41] [INFO]       -> 60CommandsHackerShouldKnowit-22.png
[2026-02-08 13:35:41] [INFO]     + Renamed: Pastedimage20251201185958.png
[2026-02-08 13:35:41] [INFO]       -> 60CommandsHackerShouldKnowit-23.png
[2026-02-08 13:35:41] [INFO]     + Renamed: Pastedimage20251201190000.png
[2026-02-08 13:35:41] [INFO]       -> 60CommandsHackerShouldKnowit-24.png
[2026-02-08 13:35:41] [INFO]   [Saved] 24 image(s) renamed in markdown
[2026-02-08 13:35:41] [INFO] 
[File] python\Dir-Buster-Module.md
[2026-02-08 13:35:41] [INFO] 
[File] seo\0-SEO-Theories\E1 to E5 - SEO Intro, Search Engines, Keywords.md
[2026-02-08 13:35:41] [INFO]   Found 11 image(s)
[2026-02-08 13:35:41] [INFO]     + Renamed: Pastedimage20240621193526.png
[2026-02-08 13:35:41] [INFO]       -> SEOIntro,SearchEngines,Keywords-1.png
[2026-02-08 13:35:41] [INFO]     + Renamed: Pastedimage20240621201236.png
[2026-02-08 13:35:41] [INFO]       -> SEOIntro,SearchEngines,Keywords-2.png
[2026-02-08 13:35:41] [INFO]     + Renamed: Pastedimage20240622164815.png
[2026-02-08 13:35:41] [INFO]       -> SEOIntro,SearchEngines,Keywords-3.png
[2026-02-08 13:35:41] [INFO]     + Renamed: Pastedimage20240622165434.png
[2026-02-08 13:35:41] [INFO]       -> SEOIntro,SearchEngines,Keywords-4.png
[2026-02-08 13:35:41] [INFO]     + Renamed: Pastedimage20240622165537.png
[2026-02-08 13:35:41] [INFO]       -> SEOIntro,SearchEngines,Keywords-5.png
[2026-02-08 13:35:41] [INFO]     + Renamed: Pastedimage20240622165713.png
[2026-02-08 13:35:41] [INFO]       -> SEOIntro,SearchEngines,Keywords-6.png
[2026-02-08 13:35:41] [INFO]     + Renamed: Pastedimage20240622170537.png
[2026-02-08 13:35:41] [INFO]       -> SEOIntro,SearchEngines,Keywords-7.png
[2026-02-08 13:35:41] [INFO]     + Renamed: Pastedimage20240622173011.png
[2026-02-08 13:35:41] [INFO]       -> SEOIntro,SearchEngines,Keywords-8.png
[2026-02-08 13:35:41] [INFO]     + Renamed: Pastedimage20240622173259.png
[2026-02-08 13:35:41] [INFO]       -> SEOIntro,SearchEngines,Keywords-9.png
[2026-02-08 13:35:41] [INFO]     + Renamed: Pastedimage20240622173409.png
[2026-02-08 13:35:41] [INFO]       -> SEOIntro,SearchEngines,Keywords-10.png
[2026-02-08 13:35:41] [INFO]     + Renamed: Pastedimage20240622173742.png
[2026-02-08 13:35:41] [INFO]       -> SEOIntro,SearchEngines,Keywords-11.png
[2026-02-08 13:35:41] [INFO]   [Saved] 11 image(s) renamed in markdown
[2026-02-08 13:35:41] [INFO] 
[File] seo\0-SEO-Theories\E10, E11, - Content SEO, Important Website Pages.md
[2026-02-08 13:35:41] [INFO]   Found 10 image(s)
[2026-02-08 13:35:41] [INFO]     + Renamed: Pastedimage20240623213450.png
[2026-02-08 13:35:41] [INFO]       -> ContentSEO,ImportantWebsitePages-1.png
[2026-02-08 13:35:41] [INFO]     + Renamed: Pastedimage20240623224412.png
[2026-02-08 13:35:41] [INFO]       -> ContentSEO,ImportantWebsitePages-2.png
[2026-02-08 13:35:41] [INFO]     + Renamed: Pastedimage20240623224528.png
[2026-02-08 13:35:41] [INFO]       -> ContentSEO,ImportantWebsitePages-3.png
[2026-02-08 13:35:41] [INFO]     + Renamed: Pastedimage20240623224722.png
[2026-02-08 13:35:41] [INFO]       -> ContentSEO,ImportantWebsitePages-4.png
[2026-02-08 13:35:41] [INFO]     + Renamed: Pastedimage20240624191013.png
[2026-02-08 13:35:41] [INFO]       -> ContentSEO,ImportantWebsitePages-5.png
[2026-02-08 13:35:41] [INFO]     + Renamed: Pastedimage20240624191130.png
[2026-02-08 13:35:41] [INFO]       -> ContentSEO,ImportantWebsitePages-6.png
[2026-02-08 13:35:41] [INFO]     + Renamed: Pastedimage20240624192827.png
[2026-02-08 13:35:41] [INFO]       -> ContentSEO,ImportantWebsitePages-7.png
[2026-02-08 13:35:41] [INFO]     + Renamed: Pastedimage20240624192858.png
[2026-02-08 13:35:41] [INFO]       -> ContentSEO,ImportantWebsitePages-8.png
[2026-02-08 13:35:41] [INFO]     + Renamed: Pastedimage20240624193345.png
[2026-02-08 13:35:41] [INFO]       -> ContentSEO,ImportantWebsitePages-9.png
[2026-02-08 13:35:41] [INFO]     + Renamed: Pastedimage20240624194253.png
[2026-02-08 13:35:41] [INFO]       -> ContentSEO,ImportantWebsitePages-10.png
[2026-02-08 13:35:41] [INFO]   [Saved] 10 image(s) renamed in markdown
[2026-02-08 13:35:41] [INFO] 
[File] seo\0-SEO-Theories\E12- Woorank(Check Website SEO).md
[2026-02-08 13:35:41] [INFO]   Found 12 image(s)
[2026-02-08 13:35:41] [INFO]     + Renamed: Pastedimage20260120173303.png
[2026-02-08 13:35:41] [INFO]       -> Woorank(CheckWebsiteSEO)-1.png
[2026-02-08 13:35:41] [INFO]     + Renamed: Pastedimage20260120175417.png
[2026-02-08 13:35:41] [INFO]       -> Woorank(CheckWebsiteSEO)-2.png
[2026-02-08 13:35:41] [INFO]     + Renamed: Pastedimage20260120173610.png
[2026-02-08 13:35:41] [INFO]       -> Woorank(CheckWebsiteSEO)-3.png
[2026-02-08 13:35:41] [INFO]     + Renamed: Pastedimage20260120174656.png
[2026-02-08 13:35:41] [INFO]       -> Woorank(CheckWebsiteSEO)-4.png
[2026-02-08 13:35:41] [INFO]     + Renamed: Pastedimage20260120174632.png
[2026-02-08 13:35:41] [INFO]       -> Woorank(CheckWebsiteSEO)-5.png
[2026-02-08 13:35:41] [INFO]     + Renamed: Pastedimage20260120174901.png
[2026-02-08 13:35:41] [INFO]       -> Woorank(CheckWebsiteSEO)-6.png
[2026-02-08 13:35:41] [INFO]     + Renamed: Pastedimage20260120175205.png
[2026-02-08 13:35:41] [INFO]       -> Woorank(CheckWebsiteSEO)-7.png
[2026-02-08 13:35:41] [INFO]     + Renamed: Pastedimage20260120175331.png
[2026-02-08 13:35:41] [INFO]       -> Woorank(CheckWebsiteSEO)-8.png
[2026-02-08 13:35:41] [INFO]     + Renamed: Pastedimage20260120175554.png
[2026-02-08 13:35:41] [INFO]       -> Woorank(CheckWebsiteSEO)-9.png
[2026-02-08 13:35:41] [INFO]     + Renamed: Pastedimage20260120180820.png
[2026-02-08 13:35:41] [INFO]       -> Woorank(CheckWebsiteSEO)-10.png
[2026-02-08 13:35:41] [INFO]     + Renamed: Pastedimage20260120180429.png
[2026-02-08 13:35:41] [INFO]       -> Woorank(CheckWebsiteSEO)-11.png
[2026-02-08 13:35:41] [INFO]     + Renamed: Pastedimage20260120181056.png
[2026-02-08 13:35:41] [INFO]       -> Woorank(CheckWebsiteSEO)-12.png
[2026-02-08 13:35:41] [INFO]   [Saved] 12 image(s) renamed in markdown
[2026-02-08 13:35:41] [INFO] 
[File] seo\0-SEO-Theories\E13 - Good Contents for SEO.md
[2026-02-08 13:35:41] [INFO]   Found 3 image(s)
[2026-02-08 13:35:41] [INFO]     + Renamed: Pastedimage20260120184940.png
[2026-02-08 13:35:41] [INFO]       -> GoodContentsforSEO-1.png
[2026-02-08 13:35:41] [INFO]     + Renamed: Pastedimage20260120190219.png
[2026-02-08 13:35:41] [INFO]       -> GoodContentsforSEO-2.png
[2026-02-08 13:35:41] [INFO]     + Renamed: Pastedimage20260120190249.png
[2026-02-08 13:35:41] [INFO]       -> GoodContentsforSEO-3.png
[2026-02-08 13:35:41] [INFO]   [Saved] 3 image(s) renamed in markdown
[2026-02-08 13:35:41] [INFO] 
[File] seo\0-SEO-Theories\E14 - Links in SEO(Internal & External).md
[2026-02-08 13:35:41] [INFO] 
[File] seo\0-SEO-Theories\E15 - Page Rank.md
[2026-02-08 13:35:41] [INFO]   Found 2 image(s)
[2026-02-08 13:35:41] [INFO]     + Renamed: Pastedimage20260120195815.png
[2026-02-08 13:35:41] [INFO]       -> PageRank-1.png
[2026-02-08 13:35:41] [INFO]     + Renamed: Pastedimage20260120195854.png
[2026-02-08 13:35:41] [INFO]       -> PageRank-2.png
[2026-02-08 13:35:41] [INFO]   [Saved] 2 image(s) renamed in markdown
[2026-02-08 13:35:41] [INFO] 
[File] seo\0-SEO-Theories\E16 - Page Authority & Domain Authority.md
[2026-02-08 13:35:41] [INFO]   Found 3 image(s)
[2026-02-08 13:35:41] [INFO]     + Renamed: Pastedimage20260120210415.png
[2026-02-08 13:35:41] [INFO]       -> PageAuthority&DomainAuthority-1.png
[2026-02-08 13:35:41] [INFO]     + Renamed: Pastedimage20260120210915.png
[2026-02-08 13:35:41] [INFO]       -> PageAuthority&DomainAuthority-2.png
[2026-02-08 13:35:41] [INFO]     + Renamed: Pastedimage20260120210732.png
[2026-02-08 13:35:41] [INFO]       -> PageAuthority&DomainAuthority-3.png
[2026-02-08 13:35:41] [INFO]   [Saved] 3 image(s) renamed in markdown
[2026-02-08 13:35:41] [INFO] 
[File] seo\0-SEO-Theories\E17 - Backlinks.md
[2026-02-08 13:35:41] [INFO]   Found 1 image(s)
[2026-02-08 13:35:41] [INFO]     + Renamed: Pastedimage20260121190100.png
[2026-02-08 13:35:41] [INFO]       -> Backlinks-1.png
[2026-02-08 13:35:41] [INFO]   [Saved] 1 image(s) renamed in markdown
[2026-02-08 13:35:41] [INFO] 
[File] seo\0-SEO-Theories\E6 to E9 - Find Keywords,  Website Structure & Necessary HTML Tags for SEO.md
[2026-02-08 13:35:41] [INFO]   Found 33 image(s)
[2026-02-08 13:35:41] [INFO]     + Renamed: Pastedimage20240622202553.png
[2026-02-08 13:35:41] [INFO]       -> FindKeywords,WebsiteStructure&NecessaryHTMLTagsforSEO-1.png
[2026-02-08 13:35:41] [INFO]     + Renamed: Pastedimage20240622203718.png
[2026-02-08 13:35:41] [INFO]       -> FindKeywords,WebsiteStructure&NecessaryHTMLTagsforSEO-2.png
[2026-02-08 13:35:41] [INFO]     + Renamed: Pastedimage20240622203754.png
[2026-02-08 13:35:41] [INFO]       -> FindKeywords,WebsiteStructure&NecessaryHTMLTagsforSEO-3.png
[2026-02-08 13:35:41] [INFO]     + Renamed: Pastedimage20240622204050.png
[2026-02-08 13:35:41] [INFO]       -> FindKeywords,WebsiteStructure&NecessaryHTMLTagsforSEO-4.png
[2026-02-08 13:35:41] [INFO]     + Renamed: Pastedimage20240622205615.png
[2026-02-08 13:35:41] [INFO]       -> FindKeywords,WebsiteStructure&NecessaryHTMLTagsforSEO-5.png
[2026-02-08 13:35:41] [INFO]     + Renamed: Pastedimage20240622204601.png
[2026-02-08 13:35:41] [INFO]       -> FindKeywords,WebsiteStructure&NecessaryHTMLTagsforSEO-6.png
[2026-02-08 13:35:41] [INFO]     + Renamed: Pastedimage20240622204629.png
[2026-02-08 13:35:41] [INFO]       -> FindKeywords,WebsiteStructure&NecessaryHTMLTagsforSEO-7.png
[2026-02-08 13:35:41] [INFO]     + Renamed: Pastedimage20240622204951.png
[2026-02-08 13:35:41] [INFO]       -> FindKeywords,WebsiteStructure&NecessaryHTMLTagsforSEO-8.png
[2026-02-08 13:35:41] [INFO]     + Renamed: Pastedimage20240622210354.png
[2026-02-08 13:35:41] [INFO]       -> FindKeywords,WebsiteStructure&NecessaryHTMLTagsforSEO-9.png
[2026-02-08 13:35:41] [INFO]     + Renamed: Pastedimage20240622210607.png
[2026-02-08 13:35:41] [INFO]       -> FindKeywords,WebsiteStructure&NecessaryHTMLTagsforSEO-10.png
[2026-02-08 13:35:41] [INFO]     + Renamed: Pastedimage20240622210702.png
[2026-02-08 13:35:41] [INFO]       -> FindKeywords,WebsiteStructure&NecessaryHTMLTagsforSEO-11.png
[2026-02-08 13:35:41] [INFO]     + Renamed: Pastedimage20240622210835.png
[2026-02-08 13:35:41] [INFO]       -> FindKeywords,WebsiteStructure&NecessaryHTMLTagsforSEO-12.png
[2026-02-08 13:35:41] [INFO]     + Renamed: Pastedimage20240622211258.png
[2026-02-08 13:35:41] [INFO]       -> FindKeywords,WebsiteStructure&NecessaryHTMLTagsforSEO-13.png
[2026-02-08 13:35:41] [INFO]     + Renamed: Pastedimage20240622211351.png
[2026-02-08 13:35:41] [INFO]       -> FindKeywords,WebsiteStructure&NecessaryHTMLTagsforSEO-14.png
[2026-02-08 13:35:41] [INFO]     + Renamed: Pastedimage20240622211609.png
[2026-02-08 13:35:41] [INFO]       -> FindKeywords,WebsiteStructure&NecessaryHTMLTagsforSEO-15.png
[2026-02-08 13:35:41] [INFO]     + Renamed: Pastedimage20240622212132.png
[2026-02-08 13:35:41] [INFO]       -> FindKeywords,WebsiteStructure&NecessaryHTMLTagsforSEO-16.png
[2026-02-08 13:35:41] [INFO]     + Renamed: Pastedimage20240622230532.png
[2026-02-08 13:35:41] [INFO]       -> FindKeywords,WebsiteStructure&NecessaryHTMLTagsforSEO-17.png
[2026-02-08 13:35:41] [INFO]     + Renamed: Pastedimage20240622231205.png
[2026-02-08 13:35:41] [INFO]       -> FindKeywords,WebsiteStructure&NecessaryHTMLTagsforSEO-18.png
[2026-02-08 13:35:41] [INFO]     + Renamed: Pastedimage20240622231245.png
[2026-02-08 13:35:41] [INFO]       -> FindKeywords,WebsiteStructure&NecessaryHTMLTagsforSEO-19.png
[2026-02-08 13:35:41] [INFO]     + Renamed: Pastedimage20240622231644.png
[2026-02-08 13:35:41] [INFO]       -> FindKeywords,WebsiteStructure&NecessaryHTMLTagsforSEO-20.png
[2026-02-08 13:35:41] [INFO]     + Renamed: Pastedimage20240622233917.png
[2026-02-08 13:35:41] [INFO]       -> FindKeywords,WebsiteStructure&NecessaryHTMLTagsforSEO-21.png
[2026-02-08 13:35:41] [INFO]     + Renamed: Pastedimage20240622235442.png
[2026-02-08 13:35:41] [INFO]       -> FindKeywords,WebsiteStructure&NecessaryHTMLTagsforSEO-22.png
[2026-02-08 13:35:41] [INFO]     + Renamed: Pastedimage20240622235712.png
[2026-02-08 13:35:41] [INFO]       -> FindKeywords,WebsiteStructure&NecessaryHTMLTagsforSEO-23.png
[2026-02-08 13:35:41] [INFO]     + Renamed: Pastedimage20240622234913.png
[2026-02-08 13:35:41] [INFO]       -> FindKeywords,WebsiteStructure&NecessaryHTMLTagsforSEO-24.png
[2026-02-08 13:35:41] [INFO]     + Renamed: Pastedimage20240622234916.png
[2026-02-08 13:35:41] [INFO]       -> FindKeywords,WebsiteStructure&NecessaryHTMLTagsforSEO-25.png
[2026-02-08 13:35:41] [INFO]     + Renamed: Pastedimage20240623211107.png
[2026-02-08 13:35:41] [INFO]       -> FindKeywords,WebsiteStructure&NecessaryHTMLTagsforSEO-26.png
[2026-02-08 13:35:41] [INFO]     + Renamed: Pastedimage20240623211223.png
[2026-02-08 13:35:41] [INFO]       -> FindKeywords,WebsiteStructure&NecessaryHTMLTagsforSEO-27.png
[2026-02-08 13:35:41] [INFO]     + Renamed: Pastedimage20240623204152.png
[2026-02-08 13:35:41] [INFO]       -> FindKeywords,WebsiteStructure&NecessaryHTMLTagsforSEO-28.png
[2026-02-08 13:35:41] [INFO]     + Renamed: Pastedimage20240623204902.png
[2026-02-08 13:35:41] [INFO]       -> FindKeywords,WebsiteStructure&NecessaryHTMLTagsforSEO-29.png
[2026-02-08 13:35:41] [INFO]     + Renamed: Pastedimage20240623205050.png
[2026-02-08 13:35:41] [INFO]       -> FindKeywords,WebsiteStructure&NecessaryHTMLTagsforSEO-30.png
[2026-02-08 13:35:41] [INFO]     + Renamed: Pastedimage20240623205615.png
[2026-02-08 13:35:41] [INFO]       -> FindKeywords,WebsiteStructure&NecessaryHTMLTagsforSEO-31.png
[2026-02-08 13:35:41] [INFO]     + Renamed: Pastedimage20240623210733.png
[2026-02-08 13:35:41] [INFO]       -> FindKeywords,WebsiteStructure&NecessaryHTMLTagsforSEO-32.png
[2026-02-08 13:35:41] [INFO]     + Renamed: Pastedimage20240623210734.png
[2026-02-08 13:35:41] [INFO]       -> FindKeywords,WebsiteStructure&NecessaryHTMLTagsforSEO-33.png
[2026-02-08 13:35:41] [INFO]   [Saved] 33 image(s) renamed in markdown
[2026-02-08 13:35:41] [INFO] 
[File] tools\MSFConsole Commands.md
[2026-02-08 13:35:41] [INFO]   Found 43 image(s)
[2026-02-08 13:35:41] [INFO]     + Renamed: Pastedimage20250703164923.png
[2026-02-08 13:35:41] [INFO]       -> MSFConsoleCommands-1.png
[2026-02-08 13:35:41] [INFO]     + Renamed: Pastedimage20250703164925.png
[2026-02-08 13:35:41] [INFO]       -> MSFConsoleCommands-2.png
[2026-02-08 13:35:41] [INFO]     + Renamed: Pastedimage20250703164927.png
[2026-02-08 13:35:41] [INFO]       -> MSFConsoleCommands-3.png
[2026-02-08 13:35:41] [INFO]     + Renamed: Pastedimage20250703164954.png
[2026-02-08 13:35:41] [INFO]       -> MSFConsoleCommands-4.png
[2026-02-08 13:35:41] [INFO]     + Renamed: Pastedimage20250703165130.png
[2026-02-08 13:35:41] [INFO]       -> MSFConsoleCommands-5.png
[2026-02-08 13:35:41] [INFO]     + Renamed: Pastedimage20250703165252.png
[2026-02-08 13:35:41] [INFO]       -> MSFConsoleCommands-6.png
[2026-02-08 13:35:41] [INFO]     + Renamed: Pastedimage20250703165421.png
[2026-02-08 13:35:41] [INFO]       -> MSFConsoleCommands-7.png
[2026-02-08 13:35:41] [INFO]     + Renamed: Pastedimage20250703165516.png
[2026-02-08 13:35:41] [INFO]       -> MSFConsoleCommands-8.png
[2026-02-08 13:35:41] [INFO]     + Renamed: Pastedimage20250703165711.png
[2026-02-08 13:35:41] [INFO]       -> MSFConsoleCommands-9.png
[2026-02-08 13:35:41] [INFO]     + Renamed: Pastedimage20250703165817.png
[2026-02-08 13:35:41] [INFO]       -> MSFConsoleCommands-10.png
[2026-02-08 13:35:41] [INFO]     + Renamed: Pastedimage20250703165945.png
[2026-02-08 13:35:41] [INFO]       -> MSFConsoleCommands-11.png
[2026-02-08 13:35:41] [INFO]     + Renamed: Pastedimage20250703170130.png
[2026-02-08 13:35:41] [INFO]       -> MSFConsoleCommands-12.png
[2026-02-08 13:35:41] [INFO]     + Renamed: Pastedimage20250703175515.png
[2026-02-08 13:35:41] [INFO]       -> MSFConsoleCommands-13.png
[2026-02-08 13:35:41] [INFO]     + Renamed: Pastedimage20250703175745.png
[2026-02-08 13:35:41] [INFO]       -> MSFConsoleCommands-14.png
[2026-02-08 13:35:41] [INFO]     + Renamed: Pastedimage20250703175959.png
[2026-02-08 13:35:41] [INFO]       -> MSFConsoleCommands-15.png
[2026-02-08 13:35:41] [INFO]     + Renamed: Pastedimage20250703180214.png
[2026-02-08 13:35:41] [INFO]       -> MSFConsoleCommands-16.png
[2026-02-08 13:35:41] [INFO]     + Renamed: Pastedimage20250703180345.png
[2026-02-08 13:35:41] [INFO]       -> MSFConsoleCommands-17.png
[2026-02-08 13:35:41] [INFO]     + Renamed: Pastedimage20250703180539.png
[2026-02-08 13:35:41] [INFO]       -> MSFConsoleCommands-18.png
[2026-02-08 13:35:41] [INFO]     + Renamed: Pastedimage20250703180616.png
[2026-02-08 13:35:41] [INFO]       -> MSFConsoleCommands-19.png
[2026-02-08 13:35:41] [INFO]     + Renamed: Pastedimage20250703180745.png
[2026-02-08 13:35:41] [INFO]       -> MSFConsoleCommands-20.png
[2026-02-08 13:35:41] [INFO]     + Renamed: Pastedimage20250703180931.png
[2026-02-08 13:35:41] [INFO]       -> MSFConsoleCommands-21.png
[2026-02-08 13:35:41] [INFO]     + Renamed: Pastedimage20250703181241.png
[2026-02-08 13:35:41] [INFO]       -> MSFConsoleCommands-22.png
[2026-02-08 13:35:41] [INFO]     + Renamed: Pastedimage20250703181503.png
[2026-02-08 13:35:41] [INFO]       -> MSFConsoleCommands-23.png
[2026-02-08 13:35:41] [INFO]     + Renamed: Pastedimage20250703181559.png
[2026-02-08 13:35:41] [INFO]       -> MSFConsoleCommands-24.png
[2026-02-08 13:35:41] [INFO]     + Renamed: Pastedimage20250704163118.png
[2026-02-08 13:35:41] [INFO]       -> MSFConsoleCommands-25.png
[2026-02-08 13:35:41] [INFO]     + Renamed: Pastedimage20250704164158.png
[2026-02-08 13:35:41] [INFO]       -> MSFConsoleCommands-26.png
[2026-02-08 13:35:41] [INFO]     + Renamed: Pastedimage20250704164125.png
[2026-02-08 13:35:41] [INFO]       -> MSFConsoleCommands-27.png
[2026-02-08 13:35:41] [INFO]     + Renamed: Pastedimage20250704164628.png
[2026-02-08 13:35:41] [INFO]       -> MSFConsoleCommands-28.png
[2026-02-08 13:35:41] [INFO]     + Renamed: Pastedimage20250704164943.png
[2026-02-08 13:35:41] [INFO]       -> MSFConsoleCommands-29.png
[2026-02-08 13:35:41] [INFO]     + Renamed: Pastedimage20250704165334.png
[2026-02-08 13:35:41] [INFO]       -> MSFConsoleCommands-30.png
[2026-02-08 13:35:41] [INFO]     + Renamed: Pastedimage20250704165505.png
[2026-02-08 13:35:41] [INFO]       -> MSFConsoleCommands-31.png
[2026-02-08 13:35:41] [INFO]     + Renamed: Pastedimage20250704170455.png
[2026-02-08 13:35:41] [INFO]       -> MSFConsoleCommands-32.png
[2026-02-08 13:35:41] [INFO]     + Renamed: Pastedimage20250704163854.png
[2026-02-08 13:35:41] [INFO]       -> MSFConsoleCommands-33.png
[2026-02-08 13:35:41] [INFO]     + Renamed: Pastedimage20250704164604.png
[2026-02-08 13:35:41] [INFO]       -> MSFConsoleCommands-34.png
[2026-02-08 13:35:41] [INFO]     + Renamed: Pastedimage20250704165021.png
[2026-02-08 13:35:41] [INFO]       -> MSFConsoleCommands-35.png
[2026-02-08 13:35:41] [INFO]     + Renamed: Pastedimage20250704165108.png
[2026-02-08 13:35:41] [INFO]       -> MSFConsoleCommands-36.png
[2026-02-08 13:35:41] [INFO]     + Renamed: Pastedimage20250704165532.png
[2026-02-08 13:35:41] [INFO]       -> MSFConsoleCommands-37.png
[2026-02-08 13:35:41] [INFO]     + Renamed: Pastedimage20250704171310.png
[2026-02-08 13:35:41] [INFO]       -> MSFConsoleCommands-38.png
[2026-02-08 13:35:41] [INFO]     + Renamed: Pastedimage20250704171932.png
[2026-02-08 13:35:41] [INFO]       -> MSFConsoleCommands-39.png
[2026-02-08 13:35:41] [INFO]     + Renamed: Pastedimage20250704172410.png
[2026-02-08 13:35:41] [INFO]       -> MSFConsoleCommands-40.png
[2026-02-08 13:35:41] [INFO]     + Renamed: Pastedimage20250704172634.png
[2026-02-08 13:35:41] [INFO]       -> MSFConsoleCommands-41.png
[2026-02-08 13:35:41] [INFO]     + Renamed: Pastedimage20250704173452.png
[2026-02-08 13:35:41] [INFO]       -> MSFConsoleCommands-42.png
[2026-02-08 13:35:41] [INFO]     + Renamed: Pastedimage20250704173920.png
[2026-02-08 13:35:41] [INFO]       -> MSFConsoleCommands-43.png
[2026-02-08 13:35:41] [INFO]   [Saved] 43 image(s) renamed in markdown
[2026-02-08 13:35:41] [INFO] 
[File] tools\Burpsuite\1-Install Burpsuite.md
[2026-02-08 13:35:41] [INFO]   Found 12 image(s)
[2026-02-08 13:35:41] [INFO]     + Renamed: Pastedimage20231206125905.png
[2026-02-08 13:35:41] [INFO]       -> 1-InstallBurpsuite-1.png
[2026-02-08 13:35:41] [INFO]     + Renamed: Pastedimage20231206130557.png
[2026-02-08 13:35:41] [INFO]       -> 1-InstallBurpsuite-2.png
[2026-02-08 13:35:41] [INFO]     + Renamed: Pastedimage20231206131615.png
[2026-02-08 13:35:41] [INFO]       -> 1-InstallBurpsuite-3.png
[2026-02-08 13:35:41] [INFO]     + Renamed: Pastedimage20231206131818.png
[2026-02-08 13:35:41] [INFO]       -> 1-InstallBurpsuite-4.png
[2026-02-08 13:35:41] [INFO]     + Renamed: Pastedimage20231206131938.png
[2026-02-08 13:35:41] [INFO]       -> 1-InstallBurpsuite-5.png
[2026-02-08 13:35:41] [INFO]     + Renamed: Pastedimage20231206132303.png
[2026-02-08 13:35:41] [INFO]       -> 1-InstallBurpsuite-6.png
[2026-02-08 13:35:41] [INFO]     + Renamed: Pastedimage20231206132745.png
[2026-02-08 13:35:41] [INFO]       -> 1-InstallBurpsuite-7.png
[2026-02-08 13:35:41] [INFO]     + Renamed: Pastedimage20231206132830.png
[2026-02-08 13:35:41] [INFO]       -> 1-InstallBurpsuite-8.png
[2026-02-08 13:35:41] [INFO]     + Renamed: Pastedimage20231206133019.png
[2026-02-08 13:35:41] [INFO]       -> 1-InstallBurpsuite-9.png
[2026-02-08 13:35:41] [INFO]     + Renamed: Pastedimage20231206133709.png
[2026-02-08 13:35:41] [INFO]       -> 1-InstallBurpsuite-10.png
[2026-02-08 13:35:41] [INFO]     + Renamed: Pastedimage20231206134110.png
[2026-02-08 13:35:41] [INFO]       -> 1-InstallBurpsuite-11.png
[2026-02-08 13:35:41] [INFO]     + Renamed: Pastedimage20231206134213.png
[2026-02-08 13:35:41] [INFO]       -> 1-InstallBurpsuite-12.png
[2026-02-08 13:35:41] [INFO]   [Saved] 12 image(s) renamed in markdown
[2026-02-08 13:35:41] [INFO] 
[File] tools\Burpsuite\2-Change HTTP Data & Bypass Parameters.md
[2026-02-08 13:35:41] [INFO]   Found 6 image(s)
[2026-02-08 13:35:41] [INFO]     + Renamed: Pastedimage20231206140108.png
[2026-02-08 13:35:41] [INFO]       -> 2-ChangeHTTPData&BypassParameters-1.png
[2026-02-08 13:35:41] [INFO]     + Renamed: Pastedimage20231206140614.png
[2026-02-08 13:35:41] [INFO]       -> 2-ChangeHTTPData&BypassParameters-2.png
[2026-02-08 13:35:41] [INFO]     + Renamed: Pastedimage20231206140859.png
[2026-02-08 13:35:41] [INFO]       -> 2-ChangeHTTPData&BypassParameters-3.png
[2026-02-08 13:35:41] [INFO]     + Renamed: Pastedimage20231206141110.png
[2026-02-08 13:35:41] [INFO]       -> 2-ChangeHTTPData&BypassParameters-4.png
[2026-02-08 13:35:41] [INFO]     + Renamed: Pastedimage20231206141215.png
[2026-02-08 13:35:41] [INFO]       -> 2-ChangeHTTPData&BypassParameters-5.png
[2026-02-08 13:35:41] [INFO]     + Renamed: Pastedimage20231206142326.png
[2026-02-08 13:35:41] [INFO]       -> 2-ChangeHTTPData&BypassParameters-6.png
[2026-02-08 13:35:41] [INFO]   [Saved] 6 image(s) renamed in markdown
[2026-02-08 13:35:41] [INFO] 
[JSON] Saved 246 mappings to images_rename_mapping.json
[2026-02-08 13:35:41] [INFO] 
============================================================
[2026-02-08 13:35:41] [INFO] PHASE 2: Renaming physical image files...
[2026-02-08 13:35:41] [INFO] ============================================================
[2026-02-08 13:35:41] [INFO] Processing 246 file(s)
[2026-02-08 13:35:41] [INFO] 
[Category] cyber-security
[2026-02-08 13:35:41] [WARNING]   Warning: File not found: Pastedimage20240620162926.png
[2026-02-08 13:35:41] [WARNING]   Warning: File not found: Pastedimage20240620163247.png
[2026-02-08 13:35:41] [WARNING]   Warning: File not found: Pastedimage20240620163325.png
[2026-02-08 13:35:41] [WARNING]   Warning: File not found: Pastedimage20240620163445.png
[2026-02-08 13:35:41] [WARNING]   Warning: File not found: Pastedimage20240620163844.png
[2026-02-08 13:35:41] [WARNING]   Warning: File not found: Pastedimage20240620164103.png
[2026-02-08 13:35:41] [WARNING]   Warning: File not found: Pastedimage20240620164251.png
[2026-02-08 13:35:41] [WARNING]   Warning: File not found: Pastedimage20240620164453.png
[2026-02-08 13:35:41] [WARNING]   Warning: File not found: Pastedimage20240620165523.png
[2026-02-08 13:35:41] [WARNING]   Warning: File not found: Pastedimage20240620165923.png
[2026-02-08 13:35:41] [WARNING]   Warning: File not found: Pastedimage20240620170018.png
[2026-02-08 13:35:41] [WARNING]   Warning: File not found: Pastedimage20240620175636.png
[2026-02-08 13:35:41] [WARNING]   Warning: File not found: Pastedimage20240620170629.png
[2026-02-08 13:35:41] [WARNING]   Warning: File not found: Pastedimage20240620171105.png
[2026-02-08 13:35:41] [WARNING]   Warning: File not found: Pastedimage20240620174957.png
[2026-02-08 13:35:41] [WARNING]   Warning: File not found: Pastedimage20240620175001.png
[2026-02-08 13:35:41] [WARNING]   Warning: File not found: Pastedimage20240620180042.png
[2026-02-08 13:35:41] [WARNING]   Warning: File not found: Pastedimage20240620181147.png
[2026-02-08 13:35:41] [WARNING]   Warning: File not found: Pastedimage20240620181551.png
[2026-02-08 13:35:41] [WARNING]   Warning: File not found: Pastedimage20240620182037.png
[2026-02-08 13:35:41] [WARNING]   Warning: File not found: Pastedimage20240620182614.png
[2026-02-08 13:35:41] [WARNING]   Warning: File not found: Pastedimage20240620183121.png
[2026-02-08 13:35:41] [WARNING]   Warning: File not found: Pastedimage20240620183204.png
[2026-02-08 13:35:41] [WARNING]   Warning: File not found: Pastedimage20240620183227.png
[2026-02-08 13:35:41] [WARNING]   Warning: File not found: Pastedimage20240620183242.png
[2026-02-08 13:35:41] [WARNING]   Warning: File not found: Pastedimage20240620183352.png
[2026-02-08 13:35:41] [WARNING]   Warning: File not found: Pastedimage20240620184519.png
[2026-02-08 13:35:41] [WARNING]   Warning: File not found: Pastedimage20240620194028.png
[2026-02-08 13:35:41] [WARNING]   Warning: File not found: Pastedimage20240620194123.png
[2026-02-08 13:35:41] [WARNING]   Warning: File not found: Pastedimage20240620194240.png
[2026-02-08 13:35:41] [WARNING]   Warning: File not found: Pastedimage20240620194553.png
[2026-02-08 13:35:41] [WARNING]   Warning: File not found: Pastedimage20240620195702.png
[2026-02-08 13:35:41] [WARNING]   Warning: File not found: Pastedimage20240620200538.png
[2026-02-08 13:35:41] [WARNING]   Warning: File not found: Pastedimage20240620201106.png
[2026-02-08 13:35:41] [WARNING]   Warning: File not found: Pastedimage20240620202009.png
[2026-02-08 13:35:41] [INFO]   + Renamed: Pastedimage20240620203510.png
[2026-02-08 13:35:41] [INFO]     -> SANS-401-Wireless,Aircrack-ng,Wireshark(401.1)-1.png
[2026-02-08 13:35:41] [INFO]   + Renamed: Pastedimage20240620203819.png
[2026-02-08 13:35:41] [INFO]     -> SANS-401-Wireless,Aircrack-ng,Wireshark(401.1)-2.png
[2026-02-08 13:35:41] [INFO]   + Renamed: Pastedimage20240620204019.png
[2026-02-08 13:35:41] [INFO]     -> SANS-401-Wireless,Aircrack-ng,Wireshark(401.1)-3.png
[2026-02-08 13:35:41] [INFO]   + Renamed: Pastedimage20240620204807.png
[2026-02-08 13:35:41] [INFO]     -> SANS-401-Wireless,Aircrack-ng,Wireshark(401.1)-4.png
[2026-02-08 13:35:41] [INFO]   + Renamed: Pastedimage20240620205025.png
[2026-02-08 13:35:41] [INFO]     -> SANS-401-Wireless,Aircrack-ng,Wireshark(401.1)-5.png
[2026-02-08 13:35:41] [INFO]   + Renamed: Pastedimage20240621164752.png
[2026-02-08 13:35:41] [INFO]     -> SANS-401-Wireless,Aircrack-ng,Wireshark(401.1)-6.png
[2026-02-08 13:35:41] [INFO]   + Renamed: Pastedimage20240621165857.png
[2026-02-08 13:35:41] [INFO]     -> SANS-401-Wireless,Aircrack-ng,Wireshark(401.1)-7.png
[2026-02-08 13:35:41] [INFO]   + Renamed: Pastedimage20240621170039.png
[2026-02-08 13:35:41] [INFO]     -> SANS-401-Wireless,Aircrack-ng,Wireshark(401.1)-8.png
[2026-02-08 13:35:41] [INFO]   + Renamed: Pastedimage20240621170041.png
[2026-02-08 13:35:41] [INFO]     -> SANS-401-Wireless,Aircrack-ng,Wireshark(401.1)-9.png
[2026-02-08 13:35:41] [INFO]   + Renamed: Pastedimage20240621170532.png
[2026-02-08 13:35:41] [INFO]     -> SANS-401-Wireless,Aircrack-ng,Wireshark(401.1)-10.png
[2026-02-08 13:35:41] [INFO]   + Renamed: Pastedimage20240621172255.png
[2026-02-08 13:35:41] [INFO]     -> SANS-401-Wireless,Aircrack-ng,Wireshark(401.1)-11.png
[2026-02-08 13:35:41] [INFO]   + Renamed: Pastedimage20240621172422.png
[2026-02-08 13:35:41] [INFO]     -> SANS-401-Wireless,Aircrack-ng,Wireshark(401.1)-12.png
[2026-02-08 13:35:41] [INFO]   + Renamed: Pastedimage20240621173423.png
[2026-02-08 13:35:41] [INFO]     -> SANS-401-Defense-in-Depth(401.2)-1.png
[2026-02-08 13:35:41] [INFO]   + Renamed: Pastedimage20240621173706.png
[2026-02-08 13:35:41] [INFO]     -> SANS-401-Defense-in-Depth(401.2)-2.png
[2026-02-08 13:35:41] [INFO]   + Renamed: Pastedimage20240621180821.png
[2026-02-08 13:35:41] [INFO]     -> SANS-401-Defense-in-Depth(401.2)-3.png
[2026-02-08 13:35:41] [INFO]   + Renamed: Pastedimage20240621181416.png
[2026-02-08 13:35:41] [INFO]     -> SANS-401-Defense-in-Depth(401.2)-4.png
[2026-02-08 13:35:41] [INFO]   + Renamed: Pastedimage20240621181800.png
[2026-02-08 13:35:41] [INFO]     -> SANS-401-Defense-in-Depth(401.2)-5.png
[2026-02-08 13:35:41] [INFO]   + Renamed: Pastedimage20240621182040.png
[2026-02-08 13:35:41] [INFO]     -> SANS-401-Defense-in-Depth(401.2)-6.png
[2026-02-08 13:35:41] [INFO]   + Renamed: Pastedimage20240621182546.png
[2026-02-08 13:35:41] [INFO]     -> SANS-401-Defense-in-Depth(401.2)-7.png
[2026-02-08 13:35:41] [INFO]   + Renamed: Pastedimage20240621182838.png
[2026-02-08 13:35:41] [INFO]     -> SANS-401-Defense-in-Depth(401.2)-8.png
[2026-02-08 13:35:41] [INFO]   + Renamed: Pastedimage20240621184130.png
[2026-02-08 13:35:41] [INFO]     -> SANS-401-Defense-in-Depth(401.2)-9.png
[2026-02-08 13:35:41] [INFO]   + Renamed: Pastedimage20240624195037.png
[2026-02-08 13:35:41] [INFO]     -> SANS-401-PasswordCracking-1.png
[2026-02-08 13:35:41] [INFO]   + Renamed: Pastedimage20240624195151.png
[2026-02-08 13:35:41] [INFO]     -> SANS-401-PasswordCracking-2.png
[2026-02-08 13:35:41] [INFO]   + Renamed: Pastedimage20240624195533.png
[2026-02-08 13:35:41] [INFO]     -> SANS-401-PasswordCracking-3.png
[2026-02-08 13:35:41] [INFO]   + Renamed: Pastedimage20240624204001.png
[2026-02-08 13:35:41] [INFO]     -> SANS-401-PasswordCracking-4.png
[2026-02-08 13:35:41] [INFO]   + Renamed: Pastedimage20240624205403.png
[2026-02-08 13:35:41] [INFO]     -> SANS-401-PasswordCracking-5.png
[2026-02-08 13:35:41] [INFO]   + Renamed: Pastedimage20240624205939.png
[2026-02-08 13:35:41] [INFO]     -> SANS-401-PasswordCracking-6.png
[2026-02-08 13:35:41] [INFO]   + Renamed: Pastedimage20240624211241.png
[2026-02-08 13:35:41] [INFO]     -> SANS-401-PasswordCracking-7.png
[2026-02-08 13:35:41] [INFO]   + Renamed: Pastedimage20240624210842.png
[2026-02-08 13:35:41] [INFO]     -> SANS-401-PasswordCracking-8.png
[2026-02-08 13:35:41] [INFO]   + Renamed: Pastedimage20240624211100.png
[2026-02-08 13:35:41] [INFO]     -> SANS-401-PasswordCracking-9.png
[2026-02-08 13:35:41] [INFO]   + Renamed: Pastedimage20240624211034.png
[2026-02-08 13:35:41] [INFO]     -> SANS-401-PasswordCracking-10.png
[2026-02-08 13:35:41] [INFO]   + Renamed: Pastedimage20240624210955.png
[2026-02-08 13:35:41] [INFO]     -> SANS-401-PasswordCracking-11.png
[2026-02-08 13:35:41] [INFO]   + Renamed: Pastedimage20240624211139.png
[2026-02-08 13:35:41] [INFO]     -> SANS-401-PasswordCracking-12.png
[2026-02-08 13:35:41] [INFO]   + Renamed: Pastedimage20240624210729.png
[2026-02-08 13:35:41] [INFO]     -> SANS-401-PasswordCracking-13.png
[2026-02-08 13:35:41] [INFO]   + Renamed: Pastedimage20240624211736.png
[2026-02-08 13:35:41] [INFO]     -> SANS-401-PasswordCracking-14.png
[2026-02-08 13:35:41] [INFO]   + Renamed: Pastedimage20240624212005.png
[2026-02-08 13:35:41] [INFO]     -> SANS-401-PasswordCracking-15.png
[2026-02-08 13:35:41] [INFO]   + Renamed: Pastedimage20240624212124.png
[2026-02-08 13:35:41] [INFO]     -> SANS-401-PasswordCracking-16.png
[2026-02-08 13:35:41] [INFO]   + Renamed: Pastedimage20240624212250.png
[2026-02-08 13:35:41] [INFO]     -> SANS-401-PasswordCracking-17.png
[2026-02-08 13:35:41] [INFO]   + Renamed: Pastedimage20240624212751.png
[2026-02-08 13:35:41] [INFO]     -> SANS-401-PasswordCracking-18.png
[2026-02-08 13:35:41] [INFO]   + Renamed: Pastedimage20240624212900.png
[2026-02-08 13:35:41] [INFO]     -> SANS-401-PasswordCracking-19.png
[2026-02-08 13:35:41] [INFO]   + Renamed: Pastedimage20240624213056.png
[2026-02-08 13:35:41] [INFO]     -> SANS-401-PasswordCracking-20.png
[2026-02-08 13:35:41] [INFO]   + Renamed: Pastedimage20240624213224.png
[2026-02-08 13:35:41] [INFO]     -> SANS-401-PasswordCracking-21.png
[2026-02-08 13:35:41] [INFO]   + Renamed: Pastedimage20240624213704.png
[2026-02-08 13:35:41] [INFO]     -> SANS-401-PasswordCracking-22.png
[2026-02-08 13:35:41] [INFO]   + Renamed: Pastedimage20240624213812.png
[2026-02-08 13:35:41] [INFO]     -> SANS-401-PasswordCracking-23.png
[2026-02-08 13:35:41] [INFO]   + Renamed: Pastedimage20240624213852.png
[2026-02-08 13:35:41] [INFO]     -> SANS-401-PasswordCracking-24.png
[2026-02-08 13:35:41] [INFO]   + Renamed: Pastedimage20240624214101.png
[2026-02-08 13:35:41] [INFO]     -> SANS-401-PasswordCracking-25.png
[2026-02-08 13:35:41] [INFO]   + Renamed: Pastedimage20240624214347.png
[2026-02-08 13:35:41] [INFO]     -> SANS-401-PasswordCracking-26.png
[2026-02-08 13:35:41] [INFO]   + Renamed: Pastedimage20240624214522.png
[2026-02-08 13:35:41] [INFO]     -> SANS-401-PasswordCracking-27.png
[2026-02-08 13:35:41] [INFO]   + Renamed: Pastedimage20240624214603.png
[2026-02-08 13:35:41] [INFO]     -> SANS-401-PasswordCracking-28.png
[2026-02-08 13:35:41] [INFO]   + Renamed: Pastedimage20240624214731.png
[2026-02-08 13:35:41] [INFO]     -> SANS-401-PasswordCracking-29.png
[2026-02-08 13:35:41] [INFO]   + Renamed: Pastedimage20240624214923.png
[2026-02-08 13:35:41] [INFO]     -> SANS-401-PasswordCracking-30.png
[2026-02-08 13:35:41] [INFO] 
[Category] linux
[2026-02-08 13:35:41] [INFO]   + Renamed: Pastedimage20251201181732.png
[2026-02-08 13:35:41] [INFO]     -> 60CommandsHackerShouldKnowit-1.png
[2026-02-08 13:35:41] [INFO]   + Renamed: Pastedimage20251201181847.png
[2026-02-08 13:35:41] [INFO]     -> 60CommandsHackerShouldKnowit-2.png
[2026-02-08 13:35:41] [INFO]   + Renamed: Pastedimage20251201182046.png
[2026-02-08 13:35:41] [INFO]     -> 60CommandsHackerShouldKnowit-3.png
[2026-02-08 13:35:41] [INFO]   + Renamed: Pastedimage20251201182137.png
[2026-02-08 13:35:41] [INFO]     -> 60CommandsHackerShouldKnowit-4.png
[2026-02-08 13:35:41] [INFO]   + Renamed: Pastedimage20251201182336.png
[2026-02-08 13:35:41] [INFO]     -> 60CommandsHackerShouldKnowit-5.png
[2026-02-08 13:35:41] [INFO]   + Renamed: Pastedimage20251201182425.png
[2026-02-08 13:35:41] [INFO]     -> 60CommandsHackerShouldKnowit-6.png
[2026-02-08 13:35:41] [INFO]   + Renamed: Pastedimage20251201182611.png
[2026-02-08 13:35:41] [INFO]     -> 60CommandsHackerShouldKnowit-7.png
[2026-02-08 13:35:41] [INFO]   + Renamed: Pastedimage20251201182934.png
[2026-02-08 13:35:41] [INFO]     -> 60CommandsHackerShouldKnowit-8.png
[2026-02-08 13:35:41] [INFO]   + Renamed: Pastedimage20251201183204.png
[2026-02-08 13:35:41] [INFO]     -> 60CommandsHackerShouldKnowit-9.png
[2026-02-08 13:35:41] [INFO]   + Renamed: Pastedimage20251201183318.png
[2026-02-08 13:35:41] [INFO]     -> 60CommandsHackerShouldKnowit-10.png
[2026-02-08 13:35:41] [INFO]   + Renamed: Pastedimage20251201183534.png
[2026-02-08 13:35:41] [INFO]     -> 60CommandsHackerShouldKnowit-11.png
[2026-02-08 13:35:41] [INFO]   + Renamed: Pastedimage20251201183918.png
[2026-02-08 13:35:41] [INFO]     -> 60CommandsHackerShouldKnowit-12.png
[2026-02-08 13:35:41] [INFO]   + Renamed: Pastedimage20251201184053.png
[2026-02-08 13:35:41] [INFO]     -> 60CommandsHackerShouldKnowit-13.png
[2026-02-08 13:35:41] [INFO]   + Renamed: Pastedimage20251201184400.png
[2026-02-08 13:35:41] [INFO]     -> 60CommandsHackerShouldKnowit-14.png
[2026-02-08 13:35:41] [INFO]   + Renamed: Pastedimage20251201184619.png
[2026-02-08 13:35:41] [INFO]     -> 60CommandsHackerShouldKnowit-15.png
[2026-02-08 13:35:41] [INFO]   + Renamed: Pastedimage20251201184843.png
[2026-02-08 13:35:41] [INFO]     -> 60CommandsHackerShouldKnowit-16.png
[2026-02-08 13:35:41] [INFO]   + Renamed: Pastedimage20251201184925.png
[2026-02-08 13:35:41] [INFO]     -> 60CommandsHackerShouldKnowit-17.png
[2026-02-08 13:35:41] [INFO]   + Renamed: Pastedimage20251201185105.png
[2026-02-08 13:35:41] [INFO]     -> 60CommandsHackerShouldKnowit-18.png
[2026-02-08 13:35:41] [INFO]   + Renamed: Pastedimage20251201185334.png
[2026-02-08 13:35:41] [INFO]     -> 60CommandsHackerShouldKnowit-19.png
[2026-02-08 13:35:41] [INFO]   + Renamed: Pastedimage20251201185312.png
[2026-02-08 13:35:41] [INFO]     -> 60CommandsHackerShouldKnowit-20.png
[2026-02-08 13:35:41] [INFO]   + Renamed: Pastedimage20251201185841.png
[2026-02-08 13:35:41] [INFO]     -> 60CommandsHackerShouldKnowit-21.png
[2026-02-08 13:35:41] [INFO]   + Renamed: Pastedimage20251201190027.png
[2026-02-08 13:35:41] [INFO]     -> 60CommandsHackerShouldKnowit-22.png
[2026-02-08 13:35:41] [INFO]   + Renamed: Pastedimage20251201185958.png
[2026-02-08 13:35:41] [INFO]     -> 60CommandsHackerShouldKnowit-23.png
[2026-02-08 13:35:41] [INFO]   + Renamed: Pastedimage20251201190000.png
[2026-02-08 13:35:41] [INFO]     -> 60CommandsHackerShouldKnowit-24.png
[2026-02-08 13:35:41] [INFO] 
[Category] seo
[2026-02-08 13:35:41] [INFO]   + Renamed: Pastedimage20240621193526.png
[2026-02-08 13:35:41] [INFO]     -> SEOIntro,SearchEngines,Keywords-1.png
[2026-02-08 13:35:41] [INFO]   + Renamed: Pastedimage20240621201236.png
[2026-02-08 13:35:41] [INFO]     -> SEOIntro,SearchEngines,Keywords-2.png
[2026-02-08 13:35:41] [INFO]   + Renamed: Pastedimage20240622164815.png
[2026-02-08 13:35:41] [INFO]     -> SEOIntro,SearchEngines,Keywords-3.png
[2026-02-08 13:35:41] [INFO]   + Renamed: Pastedimage20240622165434.png
[2026-02-08 13:35:41] [INFO]     -> SEOIntro,SearchEngines,Keywords-4.png
[2026-02-08 13:35:41] [INFO]   + Renamed: Pastedimage20240622165537.png
[2026-02-08 13:35:41] [INFO]     -> SEOIntro,SearchEngines,Keywords-5.png
[2026-02-08 13:35:41] [INFO]   + Renamed: Pastedimage20240622165713.png
[2026-02-08 13:35:41] [INFO]     -> SEOIntro,SearchEngines,Keywords-6.png
[2026-02-08 13:35:41] [INFO]   + Renamed: Pastedimage20240622170537.png
[2026-02-08 13:35:41] [INFO]     -> SEOIntro,SearchEngines,Keywords-7.png
[2026-02-08 13:35:41] [INFO]   + Renamed: Pastedimage20240622173011.png
[2026-02-08 13:35:41] [INFO]     -> SEOIntro,SearchEngines,Keywords-8.png
[2026-02-08 13:35:41] [INFO]   + Renamed: Pastedimage20240622173259.png
[2026-02-08 13:35:41] [INFO]     -> SEOIntro,SearchEngines,Keywords-9.png
[2026-02-08 13:35:41] [INFO]   + Renamed: Pastedimage20240622173409.png
[2026-02-08 13:35:41] [INFO]     -> SEOIntro,SearchEngines,Keywords-10.png
[2026-02-08 13:35:41] [INFO]   + Renamed: Pastedimage20240622173742.png
[2026-02-08 13:35:41] [INFO]     -> SEOIntro,SearchEngines,Keywords-11.png
[2026-02-08 13:35:41] [INFO]   + Renamed: Pastedimage20240623213450.png
[2026-02-08 13:35:41] [INFO]     -> ContentSEO,ImportantWebsitePages-1.png
[2026-02-08 13:35:41] [INFO]   + Renamed: Pastedimage20240623224412.png
[2026-02-08 13:35:41] [INFO]     -> ContentSEO,ImportantWebsitePages-2.png
[2026-02-08 13:35:41] [INFO]   + Renamed: Pastedimage20240623224528.png
[2026-02-08 13:35:41] [INFO]     -> ContentSEO,ImportantWebsitePages-3.png
[2026-02-08 13:35:41] [INFO]   + Renamed: Pastedimage20240623224722.png
[2026-02-08 13:35:41] [INFO]     -> ContentSEO,ImportantWebsitePages-4.png
[2026-02-08 13:35:41] [INFO]   + Renamed: Pastedimage20240624191013.png
[2026-02-08 13:35:41] [INFO]     -> ContentSEO,ImportantWebsitePages-5.png
[2026-02-08 13:35:41] [INFO]   + Renamed: Pastedimage20240624191130.png
[2026-02-08 13:35:41] [INFO]     -> ContentSEO,ImportantWebsitePages-6.png
[2026-02-08 13:35:41] [INFO]   + Renamed: Pastedimage20240624192827.png
[2026-02-08 13:35:41] [INFO]     -> ContentSEO,ImportantWebsitePages-7.png
[2026-02-08 13:35:41] [INFO]   + Renamed: Pastedimage20240624192858.png
[2026-02-08 13:35:41] [INFO]     -> ContentSEO,ImportantWebsitePages-8.png
[2026-02-08 13:35:41] [INFO]   + Renamed: Pastedimage20240624193345.png
[2026-02-08 13:35:41] [INFO]     -> ContentSEO,ImportantWebsitePages-9.png
[2026-02-08 13:35:41] [INFO]   + Renamed: Pastedimage20240624194253.png
[2026-02-08 13:35:41] [INFO]     -> ContentSEO,ImportantWebsitePages-10.png
[2026-02-08 13:35:41] [INFO]   + Renamed: Pastedimage20260120173303.png
[2026-02-08 13:35:41] [INFO]     -> Woorank(CheckWebsiteSEO)-1.png
[2026-02-08 13:35:41] [INFO]   + Renamed: Pastedimage20260120175417.png
[2026-02-08 13:35:41] [INFO]     -> Woorank(CheckWebsiteSEO)-2.png
[2026-02-08 13:35:41] [INFO]   + Renamed: Pastedimage20260120173610.png
[2026-02-08 13:35:41] [INFO]     -> Woorank(CheckWebsiteSEO)-3.png
[2026-02-08 13:35:41] [INFO]   + Renamed: Pastedimage20260120174656.png
[2026-02-08 13:35:41] [INFO]     -> Woorank(CheckWebsiteSEO)-4.png
[2026-02-08 13:35:41] [INFO]   + Renamed: Pastedimage20260120174632.png
[2026-02-08 13:35:41] [INFO]     -> Woorank(CheckWebsiteSEO)-5.png
[2026-02-08 13:35:41] [INFO]   + Renamed: Pastedimage20260120174901.png
[2026-02-08 13:35:41] [INFO]     -> Woorank(CheckWebsiteSEO)-6.png
[2026-02-08 13:35:41] [INFO]   + Renamed: Pastedimage20260120175205.png
[2026-02-08 13:35:41] [INFO]     -> Woorank(CheckWebsiteSEO)-7.png
[2026-02-08 13:35:41] [INFO]   + Renamed: Pastedimage20260120175331.png
[2026-02-08 13:35:41] [INFO]     -> Woorank(CheckWebsiteSEO)-8.png
[2026-02-08 13:35:41] [INFO]   + Renamed: Pastedimage20260120175554.png
[2026-02-08 13:35:41] [INFO]     -> Woorank(CheckWebsiteSEO)-9.png
[2026-02-08 13:35:41] [INFO]   + Renamed: Pastedimage20260120180820.png
[2026-02-08 13:35:41] [INFO]     -> Woorank(CheckWebsiteSEO)-10.png
[2026-02-08 13:35:41] [INFO]   + Renamed: Pastedimage20260120180429.png
[2026-02-08 13:35:41] [INFO]     -> Woorank(CheckWebsiteSEO)-11.png
[2026-02-08 13:35:41] [INFO]   + Renamed: Pastedimage20260120181056.png
[2026-02-08 13:35:41] [INFO]     -> Woorank(CheckWebsiteSEO)-12.png
[2026-02-08 13:35:41] [INFO]   + Renamed: Pastedimage20260120184940.png
[2026-02-08 13:35:41] [INFO]     -> GoodContentsforSEO-1.png
[2026-02-08 13:35:41] [INFO]   + Renamed: Pastedimage20260120190219.png
[2026-02-08 13:35:41] [INFO]     -> GoodContentsforSEO-2.png
[2026-02-08 13:35:41] [INFO]   + Renamed: Pastedimage20260120190249.png
[2026-02-08 13:35:41] [INFO]     -> GoodContentsforSEO-3.png
[2026-02-08 13:35:41] [INFO]   + Renamed: Pastedimage20260120195815.png
[2026-02-08 13:35:41] [INFO]     -> PageRank-1.png
[2026-02-08 13:35:41] [INFO]   + Renamed: Pastedimage20260120195854.png
[2026-02-08 13:35:41] [INFO]     -> PageRank-2.png
[2026-02-08 13:35:41] [INFO]   + Renamed: Pastedimage20260120210415.png
[2026-02-08 13:35:41] [INFO]     -> PageAuthority&DomainAuthority-1.png
[2026-02-08 13:35:41] [INFO]   + Renamed: Pastedimage20260120210915.png
[2026-02-08 13:35:41] [INFO]     -> PageAuthority&DomainAuthority-2.png
[2026-02-08 13:35:41] [INFO]   + Renamed: Pastedimage20260120210732.png
[2026-02-08 13:35:41] [INFO]     -> PageAuthority&DomainAuthority-3.png
[2026-02-08 13:35:41] [INFO]   + Renamed: Pastedimage20260121190100.png
[2026-02-08 13:35:41] [INFO]     -> Backlinks-1.png
[2026-02-08 13:35:41] [INFO]   + Renamed: Pastedimage20240622202553.png
[2026-02-08 13:35:41] [INFO]     -> FindKeywords,WebsiteStructure&NecessaryHTMLTagsforSEO-1.png
[2026-02-08 13:35:41] [INFO]   + Renamed: Pastedimage20240622203718.png
[2026-02-08 13:35:41] [INFO]     -> FindKeywords,WebsiteStructure&NecessaryHTMLTagsforSEO-2.png
[2026-02-08 13:35:41] [INFO]   + Renamed: Pastedimage20240622203754.png
[2026-02-08 13:35:41] [INFO]     -> FindKeywords,WebsiteStructure&NecessaryHTMLTagsforSEO-3.png
[2026-02-08 13:35:41] [INFO]   + Renamed: Pastedimage20240622204050.png
[2026-02-08 13:35:41] [INFO]     -> FindKeywords,WebsiteStructure&NecessaryHTMLTagsforSEO-4.png
[2026-02-08 13:35:41] [INFO]   + Renamed: Pastedimage20240622205615.png
[2026-02-08 13:35:41] [INFO]     -> FindKeywords,WebsiteStructure&NecessaryHTMLTagsforSEO-5.png
[2026-02-08 13:35:41] [INFO]   + Renamed: Pastedimage20240622204601.png
[2026-02-08 13:35:41] [INFO]     -> FindKeywords,WebsiteStructure&NecessaryHTMLTagsforSEO-6.png
[2026-02-08 13:35:41] [INFO]   + Renamed: Pastedimage20240622204629.png
[2026-02-08 13:35:41] [INFO]     -> FindKeywords,WebsiteStructure&NecessaryHTMLTagsforSEO-7.png
[2026-02-08 13:35:41] [INFO]   + Renamed: Pastedimage20240622204951.png
[2026-02-08 13:35:41] [INFO]     -> FindKeywords,WebsiteStructure&NecessaryHTMLTagsforSEO-8.png
[2026-02-08 13:35:41] [INFO]   + Renamed: Pastedimage20240622210354.png
[2026-02-08 13:35:41] [INFO]     -> FindKeywords,WebsiteStructure&NecessaryHTMLTagsforSEO-9.png
[2026-02-08 13:35:41] [INFO]   + Renamed: Pastedimage20240622210607.png
[2026-02-08 13:35:41] [INFO]     -> FindKeywords,WebsiteStructure&NecessaryHTMLTagsforSEO-10.png
[2026-02-08 13:35:41] [INFO]   + Renamed: Pastedimage20240622210702.png
[2026-02-08 13:35:41] [INFO]     -> FindKeywords,WebsiteStructure&NecessaryHTMLTagsforSEO-11.png
[2026-02-08 13:35:41] [INFO]   + Renamed: Pastedimage20240622210835.png
[2026-02-08 13:35:41] [INFO]     -> FindKeywords,WebsiteStructure&NecessaryHTMLTagsforSEO-12.png
[2026-02-08 13:35:41] [INFO]   + Renamed: Pastedimage20240622211258.png
[2026-02-08 13:35:41] [INFO]     -> FindKeywords,WebsiteStructure&NecessaryHTMLTagsforSEO-13.png
[2026-02-08 13:35:41] [INFO]   + Renamed: Pastedimage20240622211351.png
[2026-02-08 13:35:41] [INFO]     -> FindKeywords,WebsiteStructure&NecessaryHTMLTagsforSEO-14.png
[2026-02-08 13:35:41] [INFO]   + Renamed: Pastedimage20240622211609.png
[2026-02-08 13:35:41] [INFO]     -> FindKeywords,WebsiteStructure&NecessaryHTMLTagsforSEO-15.png
[2026-02-08 13:35:41] [INFO]   + Renamed: Pastedimage20240622212132.png
[2026-02-08 13:35:41] [INFO]     -> FindKeywords,WebsiteStructure&NecessaryHTMLTagsforSEO-16.png
[2026-02-08 13:35:41] [INFO]   + Renamed: Pastedimage20240622230532.png
[2026-02-08 13:35:41] [INFO]     -> FindKeywords,WebsiteStructure&NecessaryHTMLTagsforSEO-17.png
[2026-02-08 13:35:41] [INFO]   + Renamed: Pastedimage20240622231205.png
[2026-02-08 13:35:41] [INFO]     -> FindKeywords,WebsiteStructure&NecessaryHTMLTagsforSEO-18.png
[2026-02-08 13:35:41] [INFO]   + Renamed: Pastedimage20240622231245.png
[2026-02-08 13:35:41] [INFO]     -> FindKeywords,WebsiteStructure&NecessaryHTMLTagsforSEO-19.png
[2026-02-08 13:35:41] [INFO]   + Renamed: Pastedimage20240622231644.png
[2026-02-08 13:35:41] [INFO]     -> FindKeywords,WebsiteStructure&NecessaryHTMLTagsforSEO-20.png
[2026-02-08 13:35:41] [INFO]   + Renamed: Pastedimage20240622233917.png
[2026-02-08 13:35:41] [INFO]     -> FindKeywords,WebsiteStructure&NecessaryHTMLTagsforSEO-21.png
[2026-02-08 13:35:41] [INFO]   + Renamed: Pastedimage20240622235442.png
[2026-02-08 13:35:41] [INFO]     -> FindKeywords,WebsiteStructure&NecessaryHTMLTagsforSEO-22.png
[2026-02-08 13:35:41] [INFO]   + Renamed: Pastedimage20240622235712.png
[2026-02-08 13:35:41] [INFO]     -> FindKeywords,WebsiteStructure&NecessaryHTMLTagsforSEO-23.png
[2026-02-08 13:35:41] [INFO]   + Renamed: Pastedimage20240622234913.png
[2026-02-08 13:35:41] [INFO]     -> FindKeywords,WebsiteStructure&NecessaryHTMLTagsforSEO-24.png
[2026-02-08 13:35:41] [INFO]   + Renamed: Pastedimage20240622234916.png
[2026-02-08 13:35:41] [INFO]     -> FindKeywords,WebsiteStructure&NecessaryHTMLTagsforSEO-25.png
[2026-02-08 13:35:41] [INFO]   + Renamed: Pastedimage20240623211107.png
[2026-02-08 13:35:41] [INFO]     -> FindKeywords,WebsiteStructure&NecessaryHTMLTagsforSEO-26.png
[2026-02-08 13:35:41] [INFO]   + Renamed: Pastedimage20240623211223.png
[2026-02-08 13:35:41] [INFO]     -> FindKeywords,WebsiteStructure&NecessaryHTMLTagsforSEO-27.png
[2026-02-08 13:35:41] [INFO]   + Renamed: Pastedimage20240623204152.png
[2026-02-08 13:35:41] [INFO]     -> FindKeywords,WebsiteStructure&NecessaryHTMLTagsforSEO-28.png
[2026-02-08 13:35:41] [INFO]   + Renamed: Pastedimage20240623204902.png
[2026-02-08 13:35:41] [INFO]     -> FindKeywords,WebsiteStructure&NecessaryHTMLTagsforSEO-29.png
[2026-02-08 13:35:41] [INFO]   + Renamed: Pastedimage20240623205050.png
[2026-02-08 13:35:41] [INFO]     -> FindKeywords,WebsiteStructure&NecessaryHTMLTagsforSEO-30.png
[2026-02-08 13:35:41] [INFO]   + Renamed: Pastedimage20240623205615.png
[2026-02-08 13:35:41] [INFO]     -> FindKeywords,WebsiteStructure&NecessaryHTMLTagsforSEO-31.png
[2026-02-08 13:35:41] [INFO]   + Renamed: Pastedimage20240623210733.png
[2026-02-08 13:35:41] [INFO]     -> FindKeywords,WebsiteStructure&NecessaryHTMLTagsforSEO-32.png
[2026-02-08 13:35:41] [INFO]   + Renamed: Pastedimage20240623210734.png
[2026-02-08 13:35:41] [INFO]     -> FindKeywords,WebsiteStructure&NecessaryHTMLTagsforSEO-33.png
[2026-02-08 13:35:41] [INFO] 
[Category] tools
[2026-02-08 13:35:41] [INFO]   + Renamed: Pastedimage20250703164923.png
[2026-02-08 13:35:41] [INFO]     -> MSFConsoleCommands-1.png
[2026-02-08 13:35:41] [INFO]   + Renamed: Pastedimage20250703164925.png
[2026-02-08 13:35:41] [INFO]     -> MSFConsoleCommands-2.png
[2026-02-08 13:35:41] [INFO]   + Renamed: Pastedimage20250703164927.png
[2026-02-08 13:35:41] [INFO]     -> MSFConsoleCommands-3.png
[2026-02-08 13:35:41] [INFO]   + Renamed: Pastedimage20250703164954.png
[2026-02-08 13:35:41] [INFO]     -> MSFConsoleCommands-4.png
[2026-02-08 13:35:41] [INFO]   + Renamed: Pastedimage20250703165130.png
[2026-02-08 13:35:41] [INFO]     -> MSFConsoleCommands-5.png
[2026-02-08 13:35:41] [INFO]   + Renamed: Pastedimage20250703165252.png
[2026-02-08 13:35:41] [INFO]     -> MSFConsoleCommands-6.png
[2026-02-08 13:35:41] [INFO]   + Renamed: Pastedimage20250703165421.png
[2026-02-08 13:35:41] [INFO]     -> MSFConsoleCommands-7.png
[2026-02-08 13:35:41] [INFO]   + Renamed: Pastedimage20250703165516.png
[2026-02-08 13:35:41] [INFO]     -> MSFConsoleCommands-8.png
[2026-02-08 13:35:41] [INFO]   + Renamed: Pastedimage20250703165711.png
[2026-02-08 13:35:41] [INFO]     -> MSFConsoleCommands-9.png
[2026-02-08 13:35:41] [INFO]   + Renamed: Pastedimage20250703165817.png
[2026-02-08 13:35:41] [INFO]     -> MSFConsoleCommands-10.png
[2026-02-08 13:35:41] [INFO]   + Renamed: Pastedimage20250703165945.png
[2026-02-08 13:35:41] [INFO]     -> MSFConsoleCommands-11.png
[2026-02-08 13:35:41] [INFO]   + Renamed: Pastedimage20250703170130.png
[2026-02-08 13:35:41] [INFO]     -> MSFConsoleCommands-12.png
[2026-02-08 13:35:41] [INFO]   + Renamed: Pastedimage20250703175515.png
[2026-02-08 13:35:41] [INFO]     -> MSFConsoleCommands-13.png
[2026-02-08 13:35:41] [INFO]   + Renamed: Pastedimage20250703175745.png
[2026-02-08 13:35:41] [INFO]     -> MSFConsoleCommands-14.png
[2026-02-08 13:35:41] [INFO]   + Renamed: Pastedimage20250703175959.png
[2026-02-08 13:35:41] [INFO]     -> MSFConsoleCommands-15.png
[2026-02-08 13:35:41] [INFO]   + Renamed: Pastedimage20250703180214.png
[2026-02-08 13:35:41] [INFO]     -> MSFConsoleCommands-16.png
[2026-02-08 13:35:41] [INFO]   + Renamed: Pastedimage20250703180345.png
[2026-02-08 13:35:41] [INFO]     -> MSFConsoleCommands-17.png
[2026-02-08 13:35:41] [INFO]   + Renamed: Pastedimage20250703180539.png
[2026-02-08 13:35:41] [INFO]     -> MSFConsoleCommands-18.png
[2026-02-08 13:35:41] [INFO]   + Renamed: Pastedimage20250703180616.png
[2026-02-08 13:35:41] [INFO]     -> MSFConsoleCommands-19.png
[2026-02-08 13:35:41] [INFO]   + Renamed: Pastedimage20250703180745.png
[2026-02-08 13:35:41] [INFO]     -> MSFConsoleCommands-20.png
[2026-02-08 13:35:41] [INFO]   + Renamed: Pastedimage20250703180931.png
[2026-02-08 13:35:41] [INFO]     -> MSFConsoleCommands-21.png
[2026-02-08 13:35:41] [INFO]   + Renamed: Pastedimage20250703181241.png
[2026-02-08 13:35:41] [INFO]     -> MSFConsoleCommands-22.png
[2026-02-08 13:35:41] [INFO]   + Renamed: Pastedimage20250703181503.png
[2026-02-08 13:35:41] [INFO]     -> MSFConsoleCommands-23.png
[2026-02-08 13:35:41] [INFO]   + Renamed: Pastedimage20250703181559.png
[2026-02-08 13:35:41] [INFO]     -> MSFConsoleCommands-24.png
[2026-02-08 13:35:41] [INFO]   + Renamed: Pastedimage20250704163118.png
[2026-02-08 13:35:41] [INFO]     -> MSFConsoleCommands-25.png
[2026-02-08 13:35:41] [INFO]   + Renamed: Pastedimage20250704164158.png
[2026-02-08 13:35:41] [INFO]     -> MSFConsoleCommands-26.png
[2026-02-08 13:35:41] [INFO]   + Renamed: Pastedimage20250704164125.png
[2026-02-08 13:35:41] [INFO]     -> MSFConsoleCommands-27.png
[2026-02-08 13:35:41] [INFO]   + Renamed: Pastedimage20250704164628.png
[2026-02-08 13:35:41] [INFO]     -> MSFConsoleCommands-28.png
[2026-02-08 13:35:41] [INFO]   + Renamed: Pastedimage20250704164943.png
[2026-02-08 13:35:41] [INFO]     -> MSFConsoleCommands-29.png
[2026-02-08 13:35:41] [INFO]   + Renamed: Pastedimage20250704165334.png
[2026-02-08 13:35:41] [INFO]     -> MSFConsoleCommands-30.png
[2026-02-08 13:35:41] [INFO]   + Renamed: Pastedimage20250704165505.png
[2026-02-08 13:35:41] [INFO]     -> MSFConsoleCommands-31.png
[2026-02-08 13:35:41] [INFO]   + Renamed: Pastedimage20250704170455.png
[2026-02-08 13:35:41] [INFO]     -> MSFConsoleCommands-32.png
[2026-02-08 13:35:41] [INFO]   + Renamed: Pastedimage20250704163854.png
[2026-02-08 13:35:41] [INFO]     -> MSFConsoleCommands-33.png
[2026-02-08 13:35:41] [INFO]   + Renamed: Pastedimage20250704164604.png
[2026-02-08 13:35:41] [INFO]     -> MSFConsoleCommands-34.png
[2026-02-08 13:35:41] [INFO]   + Renamed: Pastedimage20250704165021.png
[2026-02-08 13:35:41] [INFO]     -> MSFConsoleCommands-35.png
[2026-02-08 13:35:41] [INFO]   + Renamed: Pastedimage20250704165108.png
[2026-02-08 13:35:41] [INFO]     -> MSFConsoleCommands-36.png
[2026-02-08 13:35:41] [INFO]   + Renamed: Pastedimage20250704165532.png
[2026-02-08 13:35:41] [INFO]     -> MSFConsoleCommands-37.png
[2026-02-08 13:35:41] [INFO]   + Renamed: Pastedimage20250704171310.png
[2026-02-08 13:35:41] [INFO]     -> MSFConsoleCommands-38.png
[2026-02-08 13:35:41] [INFO]   + Renamed: Pastedimage20250704171932.png
[2026-02-08 13:35:41] [INFO]     -> MSFConsoleCommands-39.png
[2026-02-08 13:35:41] [INFO]   + Renamed: Pastedimage20250704172410.png
[2026-02-08 13:35:41] [INFO]     -> MSFConsoleCommands-40.png
[2026-02-08 13:35:41] [INFO]   + Renamed: Pastedimage20250704172634.png
[2026-02-08 13:35:41] [INFO]     -> MSFConsoleCommands-41.png
[2026-02-08 13:35:41] [INFO]   + Renamed: Pastedimage20250704173452.png
[2026-02-08 13:35:41] [INFO]     -> MSFConsoleCommands-42.png
[2026-02-08 13:35:41] [INFO]   + Renamed: Pastedimage20250704173920.png
[2026-02-08 13:35:41] [INFO]     -> MSFConsoleCommands-43.png
[2026-02-08 13:35:41] [INFO]   + Renamed: Pastedimage20231206125905.png
[2026-02-08 13:35:41] [INFO]     -> 1-InstallBurpsuite-1.png
[2026-02-08 13:35:41] [INFO]   + Renamed: Pastedimage20231206130557.png
[2026-02-08 13:35:41] [INFO]     -> 1-InstallBurpsuite-2.png
[2026-02-08 13:35:41] [INFO]   + Renamed: Pastedimage20231206131615.png
[2026-02-08 13:35:41] [INFO]     -> 1-InstallBurpsuite-3.png
[2026-02-08 13:35:41] [INFO]   + Renamed: Pastedimage20231206131818.png
[2026-02-08 13:35:41] [INFO]     -> 1-InstallBurpsuite-4.png
[2026-02-08 13:35:41] [INFO]   + Renamed: Pastedimage20231206131938.png
[2026-02-08 13:35:41] [INFO]     -> 1-InstallBurpsuite-5.png
[2026-02-08 13:35:41] [INFO]   + Renamed: Pastedimage20231206132303.png
[2026-02-08 13:35:41] [INFO]     -> 1-InstallBurpsuite-6.png
[2026-02-08 13:35:41] [INFO]   + Renamed: Pastedimage20231206132745.png
[2026-02-08 13:35:41] [INFO]     -> 1-InstallBurpsuite-7.png
[2026-02-08 13:35:41] [INFO]   + Renamed: Pastedimage20231206132830.png
[2026-02-08 13:35:41] [INFO]     -> 1-InstallBurpsuite-8.png
[2026-02-08 13:35:41] [INFO]   + Renamed: Pastedimage20231206133019.png
[2026-02-08 13:35:41] [INFO]     -> 1-InstallBurpsuite-9.png
[2026-02-08 13:35:41] [INFO]   + Renamed: Pastedimage20231206133709.png
[2026-02-08 13:35:41] [INFO]     -> 1-InstallBurpsuite-10.png
[2026-02-08 13:35:41] [INFO]   + Renamed: Pastedimage20231206134110.png
[2026-02-08 13:35:41] [INFO]     -> 1-InstallBurpsuite-11.png
[2026-02-08 13:35:41] [INFO]   + Renamed: Pastedimage20231206134213.png
[2026-02-08 13:35:41] [INFO]     -> 1-InstallBurpsuite-12.png
[2026-02-08 13:35:41] [INFO]   + Renamed: Pastedimage20231206140108.png
[2026-02-08 13:35:41] [INFO]     -> 2-ChangeHTTPData&BypassParameters-1.png
[2026-02-08 13:35:41] [INFO]   + Renamed: Pastedimage20231206140614.png
[2026-02-08 13:35:41] [INFO]     -> 2-ChangeHTTPData&BypassParameters-2.png
[2026-02-08 13:35:41] [INFO]   + Renamed: Pastedimage20231206140859.png
[2026-02-08 13:35:41] [INFO]     -> 2-ChangeHTTPData&BypassParameters-3.png
[2026-02-08 13:35:41] [INFO]   + Renamed: Pastedimage20231206141110.png
[2026-02-08 13:35:41] [INFO]     -> 2-ChangeHTTPData&BypassParameters-4.png
[2026-02-08 13:35:41] [INFO]   + Renamed: Pastedimage20231206141215.png
[2026-02-08 13:35:41] [INFO]     -> 2-ChangeHTTPData&BypassParameters-5.png
[2026-02-08 13:35:41] [INFO]   + Renamed: Pastedimage20231206142326.png
[2026-02-08 13:35:41] [INFO]     -> 2-ChangeHTTPData&BypassParameters-6.png
[2026-02-08 13:35:41] [INFO] 
============================================================
[2026-02-08 13:35:41] [INFO] FINAL STATISTICS:
[2026-02-08 13:35:41] [INFO] ============================================================
[2026-02-08 13:35:41] [INFO] Files scanned: 20
[2026-02-08 13:35:41] [INFO] Files modified: 18
[2026-02-08 13:35:41] [INFO] Images found: 246
[2026-02-08 13:35:41] [INFO] Images renamed in markdown: 246
[2026-02-08 13:35:41] [INFO] Physical files renamed: 211
[2026-02-08 13:35:41] [INFO] Errors: 0
[2026-02-08 13:35:41] [INFO] Total mappings: 246
[2026-02-08 13:35:41] [INFO] ============================================================
[2026-02-08 13:35:41] [INFO] 
[SUCCESS] Images renamed successfully!
[2026-02-08 13:35:41] [INFO] Mapping saved to: images_rename_mapping.json
[2026-02-08 13:35:41] [INFO] Full log: images_renamer.log
[2026-02-08 13:35:41] [INFO] [Report] Summary report created: images_renamer_report.txt
[2026-02-08 13:35:41] [INFO] 
[COMPLETE] Process finished
[2026-02-08 13:35:41] [INFO] ============================================================

[2026-02-08 13:35:41] [WARNING] 
WARNING: Mismatch between markdown updates and physical renames!
[2026-02-08 13:35:41] [WARNING]   Markdown: 246
[2026-02-08 13:35:41] [WARNING]   Physical: 211
[2026-02-08 13:35:41] [WARNING]   Please check the log file for details.
[2026-02-08 13:35:53] [INFO] ============================================================
[2026-02-08 13:35:53] [INFO] Starting image rename process
[2026-02-08 13:35:53] [INFO] ============================================================
[2026-02-08 13:35:53] [INFO] 
============================================================
[2026-02-08 13:35:53] [INFO] Testing filename generation:
[2026-02-08 13:35:53] [INFO] ============================================================
[2026-02-08 13:35:53] [INFO]   Alt: 'SANS-401-Networking and Protocols (401.1)-6'
[2026-02-08 13:35:53] [INFO]   Old: 'Pastedimage20240620171105.png'
[2026-02-08 13:35:53] [INFO]   New: 'SANS-401-NetworkingandProtocols(401.1)-6.png'
[2026-02-08 13:35:53] [INFO] 
[2026-02-08 13:35:53] [INFO]   Alt: 'My Test Image-1'
[2026-02-08 13:35:53] [INFO]   Old: 'Pastedimage123.jpg'
[2026-02-08 13:35:53] [INFO]   New: 'MyTestImage-1.jpg'
[2026-02-08 13:35:53] [INFO] 
[2026-02-08 13:35:53] [INFO]   Alt: 'Test (With) Spaces-2'
[2026-02-08 13:35:53] [INFO]   Old: 'oldname.png'
[2026-02-08 13:35:53] [INFO]   New: 'Test(With)Spaces-2.png'
[2026-02-08 13:35:53] [INFO] 
[2026-02-08 13:35:53] [INFO] 
============================================================
[2026-02-08 13:35:53] [INFO] Verifying directories:
[2026-02-08 13:35:53] [INFO] ============================================================
[2026-02-08 13:35:53] [INFO] + Content directory: content
[2026-02-08 13:35:53] [INFO] + Static images directory: static/images
[2026-02-08 13:35:53] [INFO]   Categories: cyber-security, linux, seo, tools
[2026-02-08 13:35:53] [INFO] ============================================================
[2026-02-08 13:35:53] [INFO] PHASE 1: Updating markdown files...
[2026-02-08 13:35:53] [INFO] ============================================================
[2026-02-08 13:35:53] [INFO] 
[File] cyber-security\SANS-401\SANS-401-E0, E1 - (Introduction & Prepare Lab).md
[2026-02-08 13:35:53] [INFO]   Found 8 image(s)
[2026-02-08 13:35:53] [INFO]     > Already correct: SANS-401.0Introduction&PrepareLab-1.png
[2026-02-08 13:35:53] [INFO]     > Already correct: SANS-401.0Introduction&PrepareLab-2.png
[2026-02-08 13:35:53] [INFO]     > Already correct: SANS-401.0Introduction&PrepareLab-3.png
[2026-02-08 13:35:53] [INFO]     > Already correct: SANS-401.0Introduction&PrepareLab-4.png
[2026-02-08 13:35:53] [INFO]     > Already correct: SANS-401.0Introduction&PrepareLab-5.png
[2026-02-08 13:35:53] [INFO]     > Already correct: SANS-401.0Introduction&PrepareLab-6.png
[2026-02-08 13:35:53] [INFO]     > Already correct: SANS-401.0Introduction&PrepareLab-7.png
[2026-02-08 13:35:53] [INFO]     > Already correct: SANS-401.0Introduction&PrepareLab-8.png
[2026-02-08 13:35:53] [INFO] 
[File] cyber-security\SANS-401\SANS-401-E2 - Networking and Protocols (401.1).md
[2026-02-08 13:35:53] [INFO]   Found 13 image(s)
[2026-02-08 13:35:53] [INFO]     + Renamed: SANS-401-NetworkingandProtocols(401.1
[2026-02-08 13:35:53] [INFO]       -> SANS-401-NetworkingandProtocols(401.1)-1.1
[2026-02-08 13:35:53] [INFO]     + Renamed: SANS-401-NetworkingandProtocols(401.1
[2026-02-08 13:35:53] [INFO]       -> SANS-401-NetworkingandProtocols(401.1)-2.1
[2026-02-08 13:35:53] [INFO]     + Renamed: SANS-401-NetworkingandProtocols(401.1
[2026-02-08 13:35:53] [INFO]       -> SANS-401-NetworkingandProtocols(401.1)-3.1
[2026-02-08 13:35:53] [INFO]     + Renamed: SANS-401-NetworkingandProtocols(401.1
[2026-02-08 13:35:53] [INFO]       -> SANS-401-NetworkingandProtocols(401.1)-4.1
[2026-02-08 13:35:53] [INFO]     + Renamed: SANS-401-NetworkingandProtocols(401.1
[2026-02-08 13:35:53] [INFO]       -> SANS-401-NetworkingandProtocols(401.1)-5.1
[2026-02-08 13:35:53] [INFO]     + Renamed: SANS-401-NetworkingandProtocols(401.1
[2026-02-08 13:35:53] [INFO]       -> SANS-401-NetworkingandProtocols(401.1)-6.1
[2026-02-08 13:35:53] [INFO]     + Renamed: SANS-401-NetworkingandProtocols(401.1
[2026-02-08 13:35:53] [INFO]       -> SANS-401-NetworkingandProtocols(401.1)-7.1
[2026-02-08 13:35:53] [INFO]     + Renamed: SANS-401-NetworkingandProtocols(401.1
[2026-02-08 13:35:53] [INFO]       -> SANS-401-NetworkingandProtocols(401.1)-8.1
[2026-02-08 13:35:53] [INFO]     + Renamed: SANS-401-NetworkingandProtocols(401.1
[2026-02-08 13:35:53] [INFO]       -> SANS-401-NetworkingandProtocols(401.1)-9.1
[2026-02-08 13:35:53] [INFO]     + Renamed: SANS-401-NetworkingandProtocols(401.1
[2026-02-08 13:35:53] [INFO]       -> SANS-401-NetworkingandProtocols(401.1)-10.1
[2026-02-08 13:35:53] [INFO]     + Renamed: SANS-401-NetworkingandProtocols(401.1
[2026-02-08 13:35:53] [INFO]       -> SANS-401-NetworkingandProtocols(401.1)-11.1
[2026-02-08 13:35:53] [INFO]     + Renamed: SANS-401-NetworkingandProtocols(401.1
[2026-02-08 13:35:53] [INFO]       -> SANS-401-NetworkingandProtocols(401.1)-12.1
[2026-02-08 13:35:53] [INFO]     + Renamed: SANS-401-NetworkingandProtocols(401.1
[2026-02-08 13:35:53] [INFO]       -> SANS-401-NetworkingandProtocols(401.1)-13.1
[2026-02-08 13:35:53] [INFO]   [Saved] 13 image(s) renamed in markdown
[2026-02-08 13:35:53] [INFO] 
[File] cyber-security\SANS-401\SANS-401-E3 - Virtualization & Cloud Infrastructure(401.1).md
[2026-02-08 13:35:53] [INFO]   Found 14 image(s)
[2026-02-08 13:35:53] [INFO]     + Renamed: SANS-401-E3-Virtualization&CloudInfrastructure(401.1
[2026-02-08 13:35:53] [INFO]       -> SANS-401-E3-Virtualization&CloudInfrastructure(401.1)-1.1
[2026-02-08 13:35:53] [INFO]     + Renamed: SANS-401-E3-Virtualization&CloudInfrastructure(401.1
[2026-02-08 13:35:53] [INFO]       -> SANS-401-E3-Virtualization&CloudInfrastructure(401.1)-2.1
[2026-02-08 13:35:53] [INFO]     + Renamed: SANS-401-E3-Virtualization&CloudInfrastructure(401.1
[2026-02-08 13:35:53] [INFO]       -> SANS-401-E3-Virtualization&CloudInfrastructure(401.1)-3.1
[2026-02-08 13:35:53] [INFO]     + Renamed: SANS-401-E3-Virtualization&CloudInfrastructure(401.1
[2026-02-08 13:35:53] [INFO]       -> SANS-401-E3-Virtualization&CloudInfrastructure(401.1)-4.1
[2026-02-08 13:35:53] [INFO]     + Renamed: SANS-401-E3-Virtualization&CloudInfrastructure(401.1
[2026-02-08 13:35:53] [INFO]       -> SANS-401-E3-Virtualization&CloudInfrastructure(401.1)-5.1
[2026-02-08 13:35:53] [INFO]     + Renamed: SANS-401-E3-Virtualization&CloudInfrastructure(401.1
[2026-02-08 13:35:53] [INFO]       -> SANS-401-E3-Virtualization&CloudInfrastructure(401.1)-6.1
[2026-02-08 13:35:53] [INFO]     + Renamed: SANS-401-E3-Virtualization&CloudInfrastructure(401.1
[2026-02-08 13:35:53] [INFO]       -> SANS-401-E3-Virtualization&CloudInfrastructure(401.1)-7.1
[2026-02-08 13:35:53] [INFO]     + Renamed: SANS-401-E3-Virtualization&CloudInfrastructure(401.1
[2026-02-08 13:35:53] [INFO]       -> SANS-401-E3-Virtualization&CloudInfrastructure(401.1)-8.1
[2026-02-08 13:35:53] [INFO]     + Renamed: SANS-401-E3-Virtualization&CloudInfrastructure(401.1
[2026-02-08 13:35:53] [INFO]       -> SANS-401-E3-Virtualization&CloudInfrastructure(401.1)-9.1
[2026-02-08 13:35:53] [INFO]     + Renamed: SANS-401-E3-Virtualization&CloudInfrastructure(401.1
[2026-02-08 13:35:53] [INFO]       -> SANS-401-E3-Virtualization&CloudInfrastructure(401.1)-10.1
[2026-02-08 13:35:53] [INFO]     + Renamed: SANS-401-E3-Virtualization&CloudInfrastructure(401.1
[2026-02-08 13:35:53] [INFO]       -> SANS-401-E3-Virtualization&CloudInfrastructure(401.1)-11.1
[2026-02-08 13:35:53] [INFO]     + Renamed: SANS-401-E3-Virtualization&CloudInfrastructure(401.1
[2026-02-08 13:35:53] [INFO]       -> SANS-401-E3-Virtualization&CloudInfrastructure(401.1)-12.1
[2026-02-08 13:35:53] [INFO]     + Renamed: SANS-401-E3-Virtualization&CloudInfrastructure(401.1
[2026-02-08 13:35:53] [INFO]       -> SANS-401-E3-Virtualization&CloudInfrastructure(401.1)-13.1
[2026-02-08 13:35:53] [INFO]     + Renamed: SANS-401-E3-Virtualization&CloudInfrastructure(401.1
[2026-02-08 13:35:53] [INFO]       -> SANS-401-E3-Virtualization&CloudInfrastructure(401.1)-14.1
[2026-02-08 13:35:53] [INFO]   [Saved] 14 image(s) renamed in markdown
[2026-02-08 13:35:53] [INFO] 
[File] cyber-security\SANS-401\SANS-401-E4, E5, E6 - Wireless, Aircrack-ng, Wireshark (401.1).md
[2026-02-08 13:35:53] [INFO]   Found 12 image(s)
[2026-02-08 13:35:53] [INFO]     + Renamed: SANS-401-Wireless,Aircrack-ng,Wireshark(401.1
[2026-02-08 13:35:53] [INFO]       -> SANS-401-Wireless,Aircrack-ng,Wireshark(401.1)-1.1
[2026-02-08 13:35:53] [INFO]     + Renamed: SANS-401-Wireless,Aircrack-ng,Wireshark(401.1
[2026-02-08 13:35:53] [INFO]       -> SANS-401-Wireless,Aircrack-ng,Wireshark(401.1)-2.1
[2026-02-08 13:35:53] [INFO]     + Renamed: SANS-401-Wireless,Aircrack-ng,Wireshark(401.1
[2026-02-08 13:35:53] [INFO]       -> SANS-401-Wireless,Aircrack-ng,Wireshark(401.1)-3.1
[2026-02-08 13:35:53] [INFO]     + Renamed: SANS-401-Wireless,Aircrack-ng,Wireshark(401.1
[2026-02-08 13:35:53] [INFO]       -> SANS-401-Wireless,Aircrack-ng,Wireshark(401.1)-4.1
[2026-02-08 13:35:53] [INFO]     + Renamed: SANS-401-Wireless,Aircrack-ng,Wireshark(401.1
[2026-02-08 13:35:53] [INFO]       -> SANS-401-Wireless,Aircrack-ng,Wireshark(401.1)-5.1
[2026-02-08 13:35:53] [INFO]     + Renamed: SANS-401-Wireless,Aircrack-ng,Wireshark(401.1
[2026-02-08 13:35:53] [INFO]       -> SANS-401-Wireless,Aircrack-ng,Wireshark(401.1)-6.1
[2026-02-08 13:35:53] [INFO]     + Renamed: SANS-401-Wireless,Aircrack-ng,Wireshark(401.1
[2026-02-08 13:35:53] [INFO]       -> SANS-401-Wireless,Aircrack-ng,Wireshark(401.1)-7.1
[2026-02-08 13:35:53] [INFO]     + Renamed: SANS-401-Wireless,Aircrack-ng,Wireshark(401.1
[2026-02-08 13:35:53] [INFO]       -> SANS-401-Wireless,Aircrack-ng,Wireshark(401.1)-8.1
[2026-02-08 13:35:53] [INFO]     + Renamed: SANS-401-Wireless,Aircrack-ng,Wireshark(401.1
[2026-02-08 13:35:53] [INFO]       -> SANS-401-Wireless,Aircrack-ng,Wireshark(401.1)-9.1
[2026-02-08 13:35:53] [INFO]     + Renamed: SANS-401-Wireless,Aircrack-ng,Wireshark(401.1
[2026-02-08 13:35:53] [INFO]       -> SANS-401-Wireless,Aircrack-ng,Wireshark(401.1)-10.1
[2026-02-08 13:35:53] [INFO]     + Renamed: SANS-401-Wireless,Aircrack-ng,Wireshark(401.1
[2026-02-08 13:35:53] [INFO]       -> SANS-401-Wireless,Aircrack-ng,Wireshark(401.1)-11.1
[2026-02-08 13:35:53] [INFO]     + Renamed: SANS-401-Wireless,Aircrack-ng,Wireshark(401.1
[2026-02-08 13:35:53] [INFO]       -> SANS-401-Wireless,Aircrack-ng,Wireshark(401.1)-12.1
[2026-02-08 13:35:53] [INFO]   [Saved] 12 image(s) renamed in markdown
[2026-02-08 13:35:53] [INFO] 
[File] cyber-security\SANS-401\SANS-401-E7- Defense-in-Depth (401.2).md
[2026-02-08 13:35:53] [INFO]   Found 9 image(s)
[2026-02-08 13:35:53] [INFO]     + Renamed: SANS-401-Defense-in-Depth(401.2
[2026-02-08 13:35:53] [INFO]       -> SANS-401-Defense-in-Depth(401.2)-1.2
[2026-02-08 13:35:53] [INFO]     + Renamed: SANS-401-Defense-in-Depth(401.2
[2026-02-08 13:35:53] [INFO]       -> SANS-401-Defense-in-Depth(401.2)-2.2
[2026-02-08 13:35:53] [INFO]     + Renamed: SANS-401-Defense-in-Depth(401.2
[2026-02-08 13:35:53] [INFO]       -> SANS-401-Defense-in-Depth(401.2)-3.2
[2026-02-08 13:35:53] [INFO]     + Renamed: SANS-401-Defense-in-Depth(401.2
[2026-02-08 13:35:53] [INFO]       -> SANS-401-Defense-in-Depth(401.2)-4.2
[2026-02-08 13:35:53] [INFO]     + Renamed: SANS-401-Defense-in-Depth(401.2
[2026-02-08 13:35:53] [INFO]       -> SANS-401-Defense-in-Depth(401.2)-5.2
[2026-02-08 13:35:53] [INFO]     + Renamed: SANS-401-Defense-in-Depth(401.2
[2026-02-08 13:35:53] [INFO]       -> SANS-401-Defense-in-Depth(401.2)-6.2
[2026-02-08 13:35:53] [INFO]     + Renamed: SANS-401-Defense-in-Depth(401.2
[2026-02-08 13:35:53] [INFO]       -> SANS-401-Defense-in-Depth(401.2)-7.2
[2026-02-08 13:35:53] [INFO]     + Renamed: SANS-401-Defense-in-Depth(401.2
[2026-02-08 13:35:53] [INFO]       -> SANS-401-Defense-in-Depth(401.2)-8.2
[2026-02-08 13:35:53] [INFO]     + Renamed: SANS-401-Defense-in-Depth(401.2
[2026-02-08 13:35:53] [INFO]       -> SANS-401-Defense-in-Depth(401.2)-9.2
[2026-02-08 13:35:53] [INFO]   [Saved] 9 image(s) renamed in markdown
[2026-02-08 13:35:53] [INFO] 
[File] cyber-security\SANS-401\SANS-401-E8, E9 - Password Cracking.md
[2026-02-08 13:35:53] [INFO]   Found 30 image(s)
[2026-02-08 13:35:53] [INFO]     > Already correct: SANS-401-PasswordCracking-1.png
[2026-02-08 13:35:53] [INFO]     > Already correct: SANS-401-PasswordCracking-2.png
[2026-02-08 13:35:53] [INFO]     > Already correct: SANS-401-PasswordCracking-3.png
[2026-02-08 13:35:53] [INFO]     > Already correct: SANS-401-PasswordCracking-4.png
[2026-02-08 13:35:53] [INFO]     > Already correct: SANS-401-PasswordCracking-5.png
[2026-02-08 13:35:53] [INFO]     > Already correct: SANS-401-PasswordCracking-6.png
[2026-02-08 13:35:53] [INFO]     > Already correct: SANS-401-PasswordCracking-7.png
[2026-02-08 13:35:53] [INFO]     > Already correct: SANS-401-PasswordCracking-8.png
[2026-02-08 13:35:53] [INFO]     > Already correct: SANS-401-PasswordCracking-9.png
[2026-02-08 13:35:53] [INFO]     > Already correct: SANS-401-PasswordCracking-10.png
[2026-02-08 13:35:53] [INFO]     > Already correct: SANS-401-PasswordCracking-11.png
[2026-02-08 13:35:53] [INFO]     > Already correct: SANS-401-PasswordCracking-12.png
[2026-02-08 13:35:53] [INFO]     > Already correct: SANS-401-PasswordCracking-13.png
[2026-02-08 13:35:53] [INFO]     > Already correct: SANS-401-PasswordCracking-14.png
[2026-02-08 13:35:53] [INFO]     > Already correct: SANS-401-PasswordCracking-15.png
[2026-02-08 13:35:53] [INFO]     > Already correct: SANS-401-PasswordCracking-16.png
[2026-02-08 13:35:53] [INFO]     > Already correct: SANS-401-PasswordCracking-17.png
[2026-02-08 13:35:53] [INFO]     > Already correct: SANS-401-PasswordCracking-18.png
[2026-02-08 13:35:53] [INFO]     > Already correct: SANS-401-PasswordCracking-19.png
[2026-02-08 13:35:53] [INFO]     > Already correct: SANS-401-PasswordCracking-20.png
[2026-02-08 13:35:53] [INFO]     > Already correct: SANS-401-PasswordCracking-21.png
[2026-02-08 13:35:53] [INFO]     > Already correct: SANS-401-PasswordCracking-22.png
[2026-02-08 13:35:53] [INFO]     > Already correct: SANS-401-PasswordCracking-23.png
[2026-02-08 13:35:53] [INFO]     > Already correct: SANS-401-PasswordCracking-24.png
[2026-02-08 13:35:53] [INFO]     > Already correct: SANS-401-PasswordCracking-25.png
[2026-02-08 13:35:53] [INFO]     > Already correct: SANS-401-PasswordCracking-26.png
[2026-02-08 13:35:53] [INFO]     > Already correct: SANS-401-PasswordCracking-27.png
[2026-02-08 13:35:53] [INFO]     > Already correct: SANS-401-PasswordCracking-28.png
[2026-02-08 13:35:53] [INFO]     > Already correct: SANS-401-PasswordCracking-29.png
[2026-02-08 13:35:53] [INFO]     > Already correct: SANS-401-PasswordCracking-30.png
[2026-02-08 13:35:53] [INFO] 
[File] linux\60 Commands Hacker Should Know it.md
[2026-02-08 13:35:53] [INFO]   Found 24 image(s)
[2026-02-08 13:35:53] [INFO]     > Already correct: 60CommandsHackerShouldKnowit-1.png
[2026-02-08 13:35:53] [INFO]     > Already correct: 60CommandsHackerShouldKnowit-2.png
[2026-02-08 13:35:53] [INFO]     > Already correct: 60CommandsHackerShouldKnowit-3.png
[2026-02-08 13:35:53] [INFO]     > Already correct: 60CommandsHackerShouldKnowit-4.png
[2026-02-08 13:35:53] [INFO]     > Already correct: 60CommandsHackerShouldKnowit-5.png
[2026-02-08 13:35:53] [INFO]     > Already correct: 60CommandsHackerShouldKnowit-6.png
[2026-02-08 13:35:53] [INFO]     > Already correct: 60CommandsHackerShouldKnowit-7.png
[2026-02-08 13:35:53] [INFO]     > Already correct: 60CommandsHackerShouldKnowit-8.png
[2026-02-08 13:35:53] [INFO]     > Already correct: 60CommandsHackerShouldKnowit-9.png
[2026-02-08 13:35:53] [INFO]     > Already correct: 60CommandsHackerShouldKnowit-10.png
[2026-02-08 13:35:53] [INFO]     > Already correct: 60CommandsHackerShouldKnowit-11.png
[2026-02-08 13:35:53] [INFO]     > Already correct: 60CommandsHackerShouldKnowit-12.png
[2026-02-08 13:35:53] [INFO]     > Already correct: 60CommandsHackerShouldKnowit-13.png
[2026-02-08 13:35:53] [INFO]     > Already correct: 60CommandsHackerShouldKnowit-14.png
[2026-02-08 13:35:53] [INFO]     > Already correct: 60CommandsHackerShouldKnowit-15.png
[2026-02-08 13:35:53] [INFO]     > Already correct: 60CommandsHackerShouldKnowit-16.png
[2026-02-08 13:35:53] [INFO]     > Already correct: 60CommandsHackerShouldKnowit-17.png
[2026-02-08 13:35:53] [INFO]     > Already correct: 60CommandsHackerShouldKnowit-18.png
[2026-02-08 13:35:53] [INFO]     > Already correct: 60CommandsHackerShouldKnowit-19.png
[2026-02-08 13:35:53] [INFO]     > Already correct: 60CommandsHackerShouldKnowit-20.png
[2026-02-08 13:35:53] [INFO]     > Already correct: 60CommandsHackerShouldKnowit-21.png
[2026-02-08 13:35:53] [INFO]     > Already correct: 60CommandsHackerShouldKnowit-22.png
[2026-02-08 13:35:53] [INFO]     > Already correct: 60CommandsHackerShouldKnowit-23.png
[2026-02-08 13:35:53] [INFO]     > Already correct: 60CommandsHackerShouldKnowit-24.png
[2026-02-08 13:35:53] [INFO] 
[File] python\Dir-Buster-Module.md
[2026-02-08 13:35:53] [INFO] 
[File] seo\0-SEO-Theories\E1 to E5 - SEO Intro, Search Engines, Keywords.md
[2026-02-08 13:35:53] [INFO]   Found 11 image(s)
[2026-02-08 13:35:53] [INFO]     > Already correct: SEOIntro,SearchEngines,Keywords-1.png
[2026-02-08 13:35:53] [INFO]     > Already correct: SEOIntro,SearchEngines,Keywords-2.png
[2026-02-08 13:35:53] [INFO]     > Already correct: SEOIntro,SearchEngines,Keywords-3.png
[2026-02-08 13:35:53] [INFO]     > Already correct: SEOIntro,SearchEngines,Keywords-4.png
[2026-02-08 13:35:53] [INFO]     > Already correct: SEOIntro,SearchEngines,Keywords-5.png
[2026-02-08 13:35:53] [INFO]     > Already correct: SEOIntro,SearchEngines,Keywords-6.png
[2026-02-08 13:35:53] [INFO]     > Already correct: SEOIntro,SearchEngines,Keywords-7.png
[2026-02-08 13:35:53] [INFO]     > Already correct: SEOIntro,SearchEngines,Keywords-8.png
[2026-02-08 13:35:54] [INFO]     > Already correct: SEOIntro,SearchEngines,Keywords-9.png
[2026-02-08 13:35:54] [INFO]     > Already correct: SEOIntro,SearchEngines,Keywords-10.png
[2026-02-08 13:35:54] [INFO]     > Already correct: SEOIntro,SearchEngines,Keywords-11.png
[2026-02-08 13:35:54] [INFO] 
[File] seo\0-SEO-Theories\E10, E11, - Content SEO, Important Website Pages.md
[2026-02-08 13:35:54] [INFO]   Found 10 image(s)
[2026-02-08 13:35:54] [INFO]     > Already correct: ContentSEO,ImportantWebsitePages-1.png
[2026-02-08 13:35:54] [INFO]     > Already correct: ContentSEO,ImportantWebsitePages-2.png
[2026-02-08 13:35:54] [INFO]     > Already correct: ContentSEO,ImportantWebsitePages-3.png
[2026-02-08 13:35:54] [INFO]     > Already correct: ContentSEO,ImportantWebsitePages-4.png
[2026-02-08 13:35:54] [INFO]     > Already correct: ContentSEO,ImportantWebsitePages-5.png
[2026-02-08 13:35:54] [INFO]     > Already correct: ContentSEO,ImportantWebsitePages-6.png
[2026-02-08 13:35:54] [INFO]     > Already correct: ContentSEO,ImportantWebsitePages-7.png
[2026-02-08 13:35:54] [INFO]     > Already correct: ContentSEO,ImportantWebsitePages-8.png
[2026-02-08 13:35:54] [INFO]     > Already correct: ContentSEO,ImportantWebsitePages-9.png
[2026-02-08 13:35:54] [INFO]     > Already correct: ContentSEO,ImportantWebsitePages-10.png
[2026-02-08 13:35:54] [INFO] 
[File] seo\0-SEO-Theories\E12- Woorank(Check Website SEO).md
[2026-02-08 13:35:54] [INFO]   Found 12 image(s)
[2026-02-08 13:35:54] [INFO]     + Renamed: Woorank(CheckWebsiteSEO
[2026-02-08 13:35:54] [INFO]       -> Woorank(CheckWebsiteSEO)-1
[2026-02-08 13:35:54] [INFO]     + Renamed: Woorank(CheckWebsiteSEO
[2026-02-08 13:35:54] [INFO]       -> Woorank(CheckWebsiteSEO)-2
[2026-02-08 13:35:54] [INFO]     + Renamed: Woorank(CheckWebsiteSEO
[2026-02-08 13:35:54] [INFO]       -> Woorank(CheckWebsiteSEO)-3
[2026-02-08 13:35:54] [INFO]     + Renamed: Woorank(CheckWebsiteSEO
[2026-02-08 13:35:54] [INFO]       -> Woorank(CheckWebsiteSEO)-4
[2026-02-08 13:35:54] [INFO]     + Renamed: Woorank(CheckWebsiteSEO
[2026-02-08 13:35:54] [INFO]       -> Woorank(CheckWebsiteSEO)-5
[2026-02-08 13:35:54] [INFO]     + Renamed: Woorank(CheckWebsiteSEO
[2026-02-08 13:35:54] [INFO]       -> Woorank(CheckWebsiteSEO)-6
[2026-02-08 13:35:54] [INFO]     + Renamed: Woorank(CheckWebsiteSEO
[2026-02-08 13:35:54] [INFO]       -> Woorank(CheckWebsiteSEO)-7
[2026-02-08 13:35:54] [INFO]     + Renamed: Woorank(CheckWebsiteSEO
[2026-02-08 13:35:54] [INFO]       -> Woorank(CheckWebsiteSEO)-8
[2026-02-08 13:35:54] [INFO]     + Renamed: Woorank(CheckWebsiteSEO
[2026-02-08 13:35:54] [INFO]       -> Woorank(CheckWebsiteSEO)-9
[2026-02-08 13:35:54] [INFO]     + Renamed: Woorank(CheckWebsiteSEO
[2026-02-08 13:35:54] [INFO]       -> Woorank(CheckWebsiteSEO)-10
[2026-02-08 13:35:54] [INFO]     + Renamed: Woorank(CheckWebsiteSEO
[2026-02-08 13:35:54] [INFO]       -> Woorank(CheckWebsiteSEO)-11
[2026-02-08 13:35:54] [INFO]     + Renamed: Woorank(CheckWebsiteSEO
[2026-02-08 13:35:54] [INFO]       -> Woorank(CheckWebsiteSEO)-12
[2026-02-08 13:35:54] [INFO]   [Saved] 12 image(s) renamed in markdown
[2026-02-08 13:35:54] [INFO] 
[File] seo\0-SEO-Theories\E13 - Good Contents for SEO.md
[2026-02-08 13:35:54] [INFO]   Found 3 image(s)
[2026-02-08 13:35:54] [INFO]     > Already correct: GoodContentsforSEO-1.png
[2026-02-08 13:35:54] [INFO]     > Already correct: GoodContentsforSEO-2.png
[2026-02-08 13:35:54] [INFO]     > Already correct: GoodContentsforSEO-3.png
[2026-02-08 13:35:54] [INFO] 
[File] seo\0-SEO-Theories\E14 - Links in SEO(Internal & External).md
[2026-02-08 13:35:54] [INFO] 
[File] seo\0-SEO-Theories\E15 - Page Rank.md
[2026-02-08 13:35:54] [INFO]   Found 2 image(s)
[2026-02-08 13:35:54] [INFO]     > Already correct: PageRank-1.png
[2026-02-08 13:35:54] [INFO]     > Already correct: PageRank-2.png
[2026-02-08 13:35:54] [INFO] 
[File] seo\0-SEO-Theories\E16 - Page Authority & Domain Authority.md
[2026-02-08 13:35:54] [INFO]   Found 3 image(s)
[2026-02-08 13:35:54] [INFO]     > Already correct: PageAuthority&DomainAuthority-1.png
[2026-02-08 13:35:54] [INFO]     > Already correct: PageAuthority&DomainAuthority-2.png
[2026-02-08 13:35:54] [INFO]     > Already correct: PageAuthority&DomainAuthority-3.png
[2026-02-08 13:35:54] [INFO] 
[File] seo\0-SEO-Theories\E17 - Backlinks.md
[2026-02-08 13:35:54] [INFO]   Found 1 image(s)
[2026-02-08 13:35:54] [INFO]     > Already correct: Backlinks-1.png
[2026-02-08 13:35:54] [INFO] 
[File] seo\0-SEO-Theories\E6 to E9 - Find Keywords,  Website Structure & Necessary HTML Tags for SEO.md
[2026-02-08 13:35:54] [INFO]   Found 33 image(s)
[2026-02-08 13:35:54] [INFO]     > Already correct: FindKeywords,WebsiteStructure&NecessaryHTMLTagsforSEO-1.png
[2026-02-08 13:35:54] [INFO]     > Already correct: FindKeywords,WebsiteStructure&NecessaryHTMLTagsforSEO-2.png
[2026-02-08 13:35:54] [INFO]     > Already correct: FindKeywords,WebsiteStructure&NecessaryHTMLTagsforSEO-3.png
[2026-02-08 13:35:54] [INFO]     > Already correct: FindKeywords,WebsiteStructure&NecessaryHTMLTagsforSEO-4.png
[2026-02-08 13:35:54] [INFO]     > Already correct: FindKeywords,WebsiteStructure&NecessaryHTMLTagsforSEO-5.png
[2026-02-08 13:35:54] [INFO]     > Already correct: FindKeywords,WebsiteStructure&NecessaryHTMLTagsforSEO-6.png
[2026-02-08 13:35:54] [INFO]     > Already correct: FindKeywords,WebsiteStructure&NecessaryHTMLTagsforSEO-7.png
[2026-02-08 13:35:54] [INFO]     > Already correct: FindKeywords,WebsiteStructure&NecessaryHTMLTagsforSEO-8.png
[2026-02-08 13:35:54] [INFO]     > Already correct: FindKeywords,WebsiteStructure&NecessaryHTMLTagsforSEO-9.png
[2026-02-08 13:35:54] [INFO]     > Already correct: FindKeywords,WebsiteStructure&NecessaryHTMLTagsforSEO-10.png
[2026-02-08 13:35:54] [INFO]     > Already correct: FindKeywords,WebsiteStructure&NecessaryHTMLTagsforSEO-11.png
[2026-02-08 13:35:54] [INFO]     > Already correct: FindKeywords,WebsiteStructure&NecessaryHTMLTagsforSEO-12.png
[2026-02-08 13:35:54] [INFO]     > Already correct: FindKeywords,WebsiteStructure&NecessaryHTMLTagsforSEO-13.png
[2026-02-08 13:35:54] [INFO]     > Already correct: FindKeywords,WebsiteStructure&NecessaryHTMLTagsforSEO-14.png
[2026-02-08 13:35:54] [INFO]     > Already correct: FindKeywords,WebsiteStructure&NecessaryHTMLTagsforSEO-15.png
[2026-02-08 13:35:54] [INFO]     > Already correct: FindKeywords,WebsiteStructure&NecessaryHTMLTagsforSEO-16.png
[2026-02-08 13:35:54] [INFO]     > Already correct: FindKeywords,WebsiteStructure&NecessaryHTMLTagsforSEO-17.png
[2026-02-08 13:35:54] [INFO]     > Already correct: FindKeywords,WebsiteStructure&NecessaryHTMLTagsforSEO-18.png
[2026-02-08 13:35:54] [INFO]     > Already correct: FindKeywords,WebsiteStructure&NecessaryHTMLTagsforSEO-19.png
[2026-02-08 13:35:54] [INFO]     > Already correct: FindKeywords,WebsiteStructure&NecessaryHTMLTagsforSEO-20.png
[2026-02-08 13:35:54] [INFO]     > Already correct: FindKeywords,WebsiteStructure&NecessaryHTMLTagsforSEO-21.png
[2026-02-08 13:35:54] [INFO]     > Already correct: FindKeywords,WebsiteStructure&NecessaryHTMLTagsforSEO-22.png
[2026-02-08 13:35:54] [INFO]     > Already correct: FindKeywords,WebsiteStructure&NecessaryHTMLTagsforSEO-23.png
[2026-02-08 13:35:54] [INFO]     > Already correct: FindKeywords,WebsiteStructure&NecessaryHTMLTagsforSEO-24.png
[2026-02-08 13:35:54] [INFO]     > Already correct: FindKeywords,WebsiteStructure&NecessaryHTMLTagsforSEO-25.png
[2026-02-08 13:35:54] [INFO]     > Already correct: FindKeywords,WebsiteStructure&NecessaryHTMLTagsforSEO-26.png
[2026-02-08 13:35:54] [INFO]     > Already correct: FindKeywords,WebsiteStructure&NecessaryHTMLTagsforSEO-27.png
[2026-02-08 13:35:54] [INFO]     > Already correct: FindKeywords,WebsiteStructure&NecessaryHTMLTagsforSEO-28.png
[2026-02-08 13:35:54] [INFO]     > Already correct: FindKeywords,WebsiteStructure&NecessaryHTMLTagsforSEO-29.png
[2026-02-08 13:35:54] [INFO]     > Already correct: FindKeywords,WebsiteStructure&NecessaryHTMLTagsforSEO-30.png
[2026-02-08 13:35:54] [INFO]     > Already correct: FindKeywords,WebsiteStructure&NecessaryHTMLTagsforSEO-31.png
[2026-02-08 13:35:54] [INFO]     > Already correct: FindKeywords,WebsiteStructure&NecessaryHTMLTagsforSEO-32.png
[2026-02-08 13:35:54] [INFO]     > Already correct: FindKeywords,WebsiteStructure&NecessaryHTMLTagsforSEO-33.png
[2026-02-08 13:35:54] [INFO] 
[File] tools\MSFConsole Commands.md
[2026-02-08 13:35:54] [INFO]   Found 43 image(s)
[2026-02-08 13:35:54] [INFO]     > Already correct: MSFConsoleCommands-1.png
[2026-02-08 13:35:54] [INFO]     > Already correct: MSFConsoleCommands-2.png
[2026-02-08 13:35:54] [INFO]     > Already correct: MSFConsoleCommands-3.png
[2026-02-08 13:35:54] [INFO]     > Already correct: MSFConsoleCommands-4.png
[2026-02-08 13:35:54] [INFO]     > Already correct: MSFConsoleCommands-5.png
[2026-02-08 13:35:54] [INFO]     > Already correct: MSFConsoleCommands-6.png
[2026-02-08 13:35:54] [INFO]     > Already correct: MSFConsoleCommands-7.png
[2026-02-08 13:35:54] [INFO]     > Already correct: MSFConsoleCommands-8.png
[2026-02-08 13:35:54] [INFO]     > Already correct: MSFConsoleCommands-9.png
[2026-02-08 13:35:54] [INFO]     > Already correct: MSFConsoleCommands-10.png
[2026-02-08 13:35:54] [INFO]     > Already correct: MSFConsoleCommands-11.png
[2026-02-08 13:35:54] [INFO]     > Already correct: MSFConsoleCommands-12.png
[2026-02-08 13:35:54] [INFO]     > Already correct: MSFConsoleCommands-13.png
[2026-02-08 13:35:54] [INFO]     > Already correct: MSFConsoleCommands-14.png
[2026-02-08 13:35:54] [INFO]     > Already correct: MSFConsoleCommands-15.png
[2026-02-08 13:35:54] [INFO]     > Already correct: MSFConsoleCommands-16.png
[2026-02-08 13:35:54] [INFO]     > Already correct: MSFConsoleCommands-17.png
[2026-02-08 13:35:54] [INFO]     > Already correct: MSFConsoleCommands-18.png
[2026-02-08 13:35:54] [INFO]     > Already correct: MSFConsoleCommands-19.png
[2026-02-08 13:35:54] [INFO]     > Already correct: MSFConsoleCommands-20.png
[2026-02-08 13:35:54] [INFO]     > Already correct: MSFConsoleCommands-21.png
[2026-02-08 13:35:54] [INFO]     > Already correct: MSFConsoleCommands-22.png
[2026-02-08 13:35:54] [INFO]     > Already correct: MSFConsoleCommands-23.png
[2026-02-08 13:35:54] [INFO]     > Already correct: MSFConsoleCommands-24.png
[2026-02-08 13:35:54] [INFO]     > Already correct: MSFConsoleCommands-25.png
[2026-02-08 13:35:54] [INFO]     > Already correct: MSFConsoleCommands-26.png
[2026-02-08 13:35:54] [INFO]     > Already correct: MSFConsoleCommands-27.png
[2026-02-08 13:35:54] [INFO]     > Already correct: MSFConsoleCommands-28.png
[2026-02-08 13:35:54] [INFO]     > Already correct: MSFConsoleCommands-29.png
[2026-02-08 13:35:54] [INFO]     > Already correct: MSFConsoleCommands-30.png
[2026-02-08 13:35:54] [INFO]     > Already correct: MSFConsoleCommands-31.png
[2026-02-08 13:35:54] [INFO]     > Already correct: MSFConsoleCommands-32.png
[2026-02-08 13:35:54] [INFO]     > Already correct: MSFConsoleCommands-33.png
[2026-02-08 13:35:54] [INFO]     > Already correct: MSFConsoleCommands-34.png
[2026-02-08 13:35:54] [INFO]     > Already correct: MSFConsoleCommands-35.png
[2026-02-08 13:35:54] [INFO]     > Already correct: MSFConsoleCommands-36.png
[2026-02-08 13:35:54] [INFO]     > Already correct: MSFConsoleCommands-37.png
[2026-02-08 13:35:54] [INFO]     > Already correct: MSFConsoleCommands-38.png
[2026-02-08 13:35:54] [INFO]     > Already correct: MSFConsoleCommands-39.png
[2026-02-08 13:35:54] [INFO]     > Already correct: MSFConsoleCommands-40.png
[2026-02-08 13:35:54] [INFO]     > Already correct: MSFConsoleCommands-41.png
[2026-02-08 13:35:54] [INFO]     > Already correct: MSFConsoleCommands-42.png
[2026-02-08 13:35:54] [INFO]     > Already correct: MSFConsoleCommands-43.png
[2026-02-08 13:35:54] [INFO] 
[File] tools\Burpsuite\1-Install Burpsuite.md
[2026-02-08 13:35:54] [INFO]   Found 12 image(s)
[2026-02-08 13:35:54] [INFO]     > Already correct: 1-InstallBurpsuite-1.png
[2026-02-08 13:35:54] [INFO]     > Already correct: 1-InstallBurpsuite-2.png
[2026-02-08 13:35:54] [INFO]     > Already correct: 1-InstallBurpsuite-3.png
[2026-02-08 13:35:54] [INFO]     > Already correct: 1-InstallBurpsuite-4.png
[2026-02-08 13:35:54] [INFO]     > Already correct: 1-InstallBurpsuite-5.png
[2026-02-08 13:35:54] [INFO]     > Already correct: 1-InstallBurpsuite-6.png
[2026-02-08 13:35:54] [INFO]     > Already correct: 1-InstallBurpsuite-7.png
[2026-02-08 13:35:54] [INFO]     > Already correct: 1-InstallBurpsuite-8.png
[2026-02-08 13:35:54] [INFO]     > Already correct: 1-InstallBurpsuite-9.png
[2026-02-08 13:35:54] [INFO]     > Already correct: 1-InstallBurpsuite-10.png
[2026-02-08 13:35:54] [INFO]     > Already correct: 1-InstallBurpsuite-11.png
[2026-02-08 13:35:54] [INFO]     > Already correct: 1-InstallBurpsuite-12.png
[2026-02-08 13:35:54] [INFO] 
[File] tools\Burpsuite\2-Change HTTP Data & Bypass Parameters.md
[2026-02-08 13:35:54] [INFO]   Found 6 image(s)
[2026-02-08 13:35:54] [INFO]     > Already correct: 2-ChangeHTTPData&BypassParameters-1.png
[2026-02-08 13:35:54] [INFO]     > Already correct: 2-ChangeHTTPData&BypassParameters-2.png
[2026-02-08 13:35:54] [INFO]     > Already correct: 2-ChangeHTTPData&BypassParameters-3.png
[2026-02-08 13:35:54] [INFO]     > Already correct: 2-ChangeHTTPData&BypassParameters-4.png
[2026-02-08 13:35:54] [INFO]     > Already correct: 2-ChangeHTTPData&BypassParameters-5.png
[2026-02-08 13:35:54] [INFO]     > Already correct: 2-ChangeHTTPData&BypassParameters-6.png
[2026-02-08 13:35:54] [INFO] 
[JSON] Saved 5 mappings to images_rename_mapping.json
[2026-02-08 13:35:54] [INFO] 
============================================================
[2026-02-08 13:35:54] [INFO] PHASE 2: Renaming physical image files...
[2026-02-08 13:35:54] [INFO] ============================================================
[2026-02-08 13:35:54] [INFO] Processing 5 file(s)
[2026-02-08 13:35:54] [INFO] 
[Category] cyber-security
[2026-02-08 13:35:54] [WARNING]   Warning: File not found: SANS-401-NetworkingandProtocols(401.1
[2026-02-08 13:35:54] [WARNING]   Warning: File not found: SANS-401-E3-Virtualization&CloudInfrastructure(401.1
[2026-02-08 13:35:54] [WARNING]   Warning: File not found: SANS-401-Wireless,Aircrack-ng,Wireshark(401.1
[2026-02-08 13:35:54] [WARNING]   Warning: File not found: SANS-401-Defense-in-Depth(401.2
[2026-02-08 13:35:54] [INFO] 
[Category] seo
[2026-02-08 13:35:54] [WARNING]   Warning: File not found: Woorank(CheckWebsiteSEO
[2026-02-08 13:35:54] [INFO] 
============================================================
[2026-02-08 13:35:54] [INFO] FINAL STATISTICS:
[2026-02-08 13:35:54] [INFO] ============================================================
[2026-02-08 13:35:54] [INFO] Files scanned: 20
[2026-02-08 13:35:54] [INFO] Files modified: 5
[2026-02-08 13:35:54] [INFO] Images found: 246
[2026-02-08 13:35:54] [INFO] Images renamed in markdown: 60
[2026-02-08 13:35:54] [INFO] Physical files renamed: 0
[2026-02-08 13:35:54] [INFO] Errors: 0
[2026-02-08 13:35:54] [INFO] Total mappings: 5
[2026-02-08 13:35:54] [INFO] ============================================================
[2026-02-08 13:35:54] [INFO] 
[SUCCESS] Images renamed successfully!
[2026-02-08 13:35:54] [INFO] Mapping saved to: images_rename_mapping.json
[2026-02-08 13:35:54] [INFO] Full log: images_renamer.log
[2026-02-08 13:35:54] [INFO] [Report] Summary report created: images_renamer_report.txt
[2026-02-08 13:35:54] [INFO] 
[COMPLETE] Process finished
[2026-02-08 13:35:54] [INFO] ============================================================

[2026-02-08 13:35:54] [WARNING] 
WARNING: Mismatch between markdown updates and physical renames!
[2026-02-08 13:35:54] [WARNING]   Markdown: 60
[2026-02-08 13:35:54] [WARNING]   Physical: 0
[2026-02-08 13:35:54] [WARNING]   Please check the log file for details.
[2026-02-08 14:07:20] [INFO] ============================================================
[2026-02-08 14:07:20] [INFO] Starting image rename process (physical files only)
[2026-02-08 14:07:20] [INFO] ============================================================
[2026-02-08 14:07:20] [INFO] Loaded 246 processed image(s) from processed_images.json
[2026-02-08 14:07:20] [INFO] 
============================================================
[2026-02-08 14:07:20] [INFO] Verifying directories:
[2026-02-08 14:07:20] [INFO] ============================================================
[2026-02-08 14:07:20] [INFO] + Content directory: content
[2026-02-08 14:07:20] [INFO] + Static images directory: static/images
[2026-02-08 14:07:20] [INFO]   Categories: cyber-security, linux, seo, tools
[2026-02-08 14:07:20] [INFO] ============================================================
[2026-02-08 14:07:20] [INFO] PHASE 1: Scanning markdown files for images...
[2026-02-08 14:07:20] [INFO] ============================================================
[2026-02-08 14:07:20] [INFO] 
[File] cyber-security\SANS-401\SANS-401-E0, E1 - (Introduction & Prepare Lab).md
[2026-02-08 14:07:20] [INFO]   Found 8 image(s)
[2026-02-08 14:07:20] [INFO]     > Already correct: SANS-401.0Introduction&PrepareLab-1.png
[2026-02-08 14:07:20] [INFO]     > Already correct: SANS-401.0Introduction&PrepareLab-2.png
[2026-02-08 14:07:20] [INFO]     > Already correct: SANS-401.0Introduction&PrepareLab-3.png
[2026-02-08 14:07:20] [INFO]     > Already correct: SANS-401.0Introduction&PrepareLab-4.png
[2026-02-08 14:07:20] [INFO]     > Already correct: SANS-401.0Introduction&PrepareLab-5.png
[2026-02-08 14:07:20] [INFO]     > Already correct: SANS-401.0Introduction&PrepareLab-6.png
[2026-02-08 14:07:20] [INFO]     > Already correct: SANS-401.0Introduction&PrepareLab-7.png
[2026-02-08 14:07:20] [INFO]     > Already correct: SANS-401.0Introduction&PrepareLab-8.png
[2026-02-08 14:07:20] [INFO] 
[File] cyber-security\SANS-401\SANS-401-E2 - Networking and Protocols (401.1).md
[2026-02-08 14:07:20] [INFO]   Found 13 image(s)
[2026-02-08 14:07:20] [INFO]     + Will rename: SANS-401-NetworkingandProtocols(401.1
[2026-02-08 14:07:20] [INFO]       -> SANS-401-NetworkingandProtocols(401.1)-1.1
[2026-02-08 14:07:20] [WARNING]     Warning: Image SANS-401-NetworkingandProtocols(401.1 has conflicting new names:
[2026-02-08 14:07:20] [WARNING]       Existing: SANS-401-NetworkingandProtocols(401.1)-1.1
[2026-02-08 14:07:20] [WARNING]       New: SANS-401-NetworkingandProtocols(401.1)-2.1
[2026-02-08 14:07:20] [WARNING]       Keeping: SANS-401-NetworkingandProtocols(401.1)-1.1
[2026-02-08 14:07:20] [WARNING]     Warning: Image SANS-401-NetworkingandProtocols(401.1 has conflicting new names:
[2026-02-08 14:07:20] [WARNING]       Existing: SANS-401-NetworkingandProtocols(401.1)-1.1
[2026-02-08 14:07:20] [WARNING]       New: SANS-401-NetworkingandProtocols(401.1)-3.1
[2026-02-08 14:07:20] [WARNING]       Keeping: SANS-401-NetworkingandProtocols(401.1)-1.1
[2026-02-08 14:07:20] [WARNING]     Warning: Image SANS-401-NetworkingandProtocols(401.1 has conflicting new names:
[2026-02-08 14:07:20] [WARNING]       Existing: SANS-401-NetworkingandProtocols(401.1)-1.1
[2026-02-08 14:07:20] [WARNING]       New: SANS-401-NetworkingandProtocols(401.1)-4.1
[2026-02-08 14:07:20] [WARNING]       Keeping: SANS-401-NetworkingandProtocols(401.1)-1.1
[2026-02-08 14:07:20] [WARNING]     Warning: Image SANS-401-NetworkingandProtocols(401.1 has conflicting new names:
[2026-02-08 14:07:20] [WARNING]       Existing: SANS-401-NetworkingandProtocols(401.1)-1.1
[2026-02-08 14:07:20] [WARNING]       New: SANS-401-NetworkingandProtocols(401.1)-5.1
[2026-02-08 14:07:20] [WARNING]       Keeping: SANS-401-NetworkingandProtocols(401.1)-1.1
[2026-02-08 14:07:20] [WARNING]     Warning: Image SANS-401-NetworkingandProtocols(401.1 has conflicting new names:
[2026-02-08 14:07:20] [WARNING]       Existing: SANS-401-NetworkingandProtocols(401.1)-1.1
[2026-02-08 14:07:20] [WARNING]       New: SANS-401-NetworkingandProtocols(401.1)-6.1
[2026-02-08 14:07:20] [WARNING]       Keeping: SANS-401-NetworkingandProtocols(401.1)-1.1
[2026-02-08 14:07:20] [WARNING]     Warning: Image SANS-401-NetworkingandProtocols(401.1 has conflicting new names:
[2026-02-08 14:07:20] [WARNING]       Existing: SANS-401-NetworkingandProtocols(401.1)-1.1
[2026-02-08 14:07:20] [WARNING]       New: SANS-401-NetworkingandProtocols(401.1)-7.1
[2026-02-08 14:07:20] [WARNING]       Keeping: SANS-401-NetworkingandProtocols(401.1)-1.1
[2026-02-08 14:07:20] [WARNING]     Warning: Image SANS-401-NetworkingandProtocols(401.1 has conflicting new names:
[2026-02-08 14:07:20] [WARNING]       Existing: SANS-401-NetworkingandProtocols(401.1)-1.1
[2026-02-08 14:07:20] [WARNING]       New: SANS-401-NetworkingandProtocols(401.1)-8.1
[2026-02-08 14:07:20] [WARNING]       Keeping: SANS-401-NetworkingandProtocols(401.1)-1.1
[2026-02-08 14:07:20] [WARNING]     Warning: Image SANS-401-NetworkingandProtocols(401.1 has conflicting new names:
[2026-02-08 14:07:20] [WARNING]       Existing: SANS-401-NetworkingandProtocols(401.1)-1.1
[2026-02-08 14:07:20] [WARNING]       New: SANS-401-NetworkingandProtocols(401.1)-9.1
[2026-02-08 14:07:20] [WARNING]       Keeping: SANS-401-NetworkingandProtocols(401.1)-1.1
[2026-02-08 14:07:20] [WARNING]     Warning: Image SANS-401-NetworkingandProtocols(401.1 has conflicting new names:
[2026-02-08 14:07:20] [WARNING]       Existing: SANS-401-NetworkingandProtocols(401.1)-1.1
[2026-02-08 14:07:20] [WARNING]       New: SANS-401-NetworkingandProtocols(401.1)-10.1
[2026-02-08 14:07:20] [WARNING]       Keeping: SANS-401-NetworkingandProtocols(401.1)-1.1
[2026-02-08 14:07:20] [WARNING]     Warning: Image SANS-401-NetworkingandProtocols(401.1 has conflicting new names:
[2026-02-08 14:07:20] [WARNING]       Existing: SANS-401-NetworkingandProtocols(401.1)-1.1
[2026-02-08 14:07:20] [WARNING]       New: SANS-401-NetworkingandProtocols(401.1)-11.1
[2026-02-08 14:07:20] [WARNING]       Keeping: SANS-401-NetworkingandProtocols(401.1)-1.1
[2026-02-08 14:07:20] [WARNING]     Warning: Image SANS-401-NetworkingandProtocols(401.1 has conflicting new names:
[2026-02-08 14:07:20] [WARNING]       Existing: SANS-401-NetworkingandProtocols(401.1)-1.1
[2026-02-08 14:07:20] [WARNING]       New: SANS-401-NetworkingandProtocols(401.1)-12.1
[2026-02-08 14:07:20] [WARNING]       Keeping: SANS-401-NetworkingandProtocols(401.1)-1.1
[2026-02-08 14:07:20] [WARNING]     Warning: Image SANS-401-NetworkingandProtocols(401.1 has conflicting new names:
[2026-02-08 14:07:20] [WARNING]       Existing: SANS-401-NetworkingandProtocols(401.1)-1.1
[2026-02-08 14:07:20] [WARNING]       New: SANS-401-NetworkingandProtocols(401.1)-13.1
[2026-02-08 14:07:20] [WARNING]       Keeping: SANS-401-NetworkingandProtocols(401.1)-1.1
[2026-02-08 14:07:20] [INFO] 
[File] cyber-security\SANS-401\SANS-401-E3 - Virtualization & Cloud Infrastructure(401.1).md
[2026-02-08 14:07:20] [INFO]   Found 14 image(s)
[2026-02-08 14:07:20] [INFO]     + Will rename: SANS-401-E3-Virtualization&CloudInfrastructure(401.1
[2026-02-08 14:07:20] [INFO]       -> SANS-401-E3-Virtualization&CloudInfrastructure(401.1)-1.1
[2026-02-08 14:07:20] [WARNING]     Warning: Image SANS-401-E3-Virtualization&CloudInfrastructure(401.1 has conflicting new names:
[2026-02-08 14:07:20] [WARNING]       Existing: SANS-401-E3-Virtualization&CloudInfrastructure(401.1)-1.1
[2026-02-08 14:07:20] [WARNING]       New: SANS-401-E3-Virtualization&CloudInfrastructure(401.1)-2.1
[2026-02-08 14:07:20] [WARNING]       Keeping: SANS-401-E3-Virtualization&CloudInfrastructure(401.1)-1.1
[2026-02-08 14:07:20] [WARNING]     Warning: Image SANS-401-E3-Virtualization&CloudInfrastructure(401.1 has conflicting new names:
[2026-02-08 14:07:20] [WARNING]       Existing: SANS-401-E3-Virtualization&CloudInfrastructure(401.1)-1.1
[2026-02-08 14:07:20] [WARNING]       New: SANS-401-E3-Virtualization&CloudInfrastructure(401.1)-3.1
[2026-02-08 14:07:20] [WARNING]       Keeping: SANS-401-E3-Virtualization&CloudInfrastructure(401.1)-1.1
[2026-02-08 14:07:20] [WARNING]     Warning: Image SANS-401-E3-Virtualization&CloudInfrastructure(401.1 has conflicting new names:
[2026-02-08 14:07:20] [WARNING]       Existing: SANS-401-E3-Virtualization&CloudInfrastructure(401.1)-1.1
[2026-02-08 14:07:20] [WARNING]       New: SANS-401-E3-Virtualization&CloudInfrastructure(401.1)-4.1
[2026-02-08 14:07:20] [WARNING]       Keeping: SANS-401-E3-Virtualization&CloudInfrastructure(401.1)-1.1
[2026-02-08 14:07:20] [WARNING]     Warning: Image SANS-401-E3-Virtualization&CloudInfrastructure(401.1 has conflicting new names:
[2026-02-08 14:07:20] [WARNING]       Existing: SANS-401-E3-Virtualization&CloudInfrastructure(401.1)-1.1
[2026-02-08 14:07:20] [WARNING]       New: SANS-401-E3-Virtualization&CloudInfrastructure(401.1)-5.1
[2026-02-08 14:07:20] [WARNING]       Keeping: SANS-401-E3-Virtualization&CloudInfrastructure(401.1)-1.1
[2026-02-08 14:07:20] [WARNING]     Warning: Image SANS-401-E3-Virtualization&CloudInfrastructure(401.1 has conflicting new names:
[2026-02-08 14:07:20] [WARNING]       Existing: SANS-401-E3-Virtualization&CloudInfrastructure(401.1)-1.1
[2026-02-08 14:07:20] [WARNING]       New: SANS-401-E3-Virtualization&CloudInfrastructure(401.1)-6.1
[2026-02-08 14:07:20] [WARNING]       Keeping: SANS-401-E3-Virtualization&CloudInfrastructure(401.1)-1.1
[2026-02-08 14:07:20] [WARNING]     Warning: Image SANS-401-E3-Virtualization&CloudInfrastructure(401.1 has conflicting new names:
[2026-02-08 14:07:20] [WARNING]       Existing: SANS-401-E3-Virtualization&CloudInfrastructure(401.1)-1.1
[2026-02-08 14:07:20] [WARNING]       New: SANS-401-E3-Virtualization&CloudInfrastructure(401.1)-7.1
[2026-02-08 14:07:20] [WARNING]       Keeping: SANS-401-E3-Virtualization&CloudInfrastructure(401.1)-1.1
[2026-02-08 14:07:20] [WARNING]     Warning: Image SANS-401-E3-Virtualization&CloudInfrastructure(401.1 has conflicting new names:
[2026-02-08 14:07:20] [WARNING]       Existing: SANS-401-E3-Virtualization&CloudInfrastructure(401.1)-1.1
[2026-02-08 14:07:20] [WARNING]       New: SANS-401-E3-Virtualization&CloudInfrastructure(401.1)-8.1
[2026-02-08 14:07:20] [WARNING]       Keeping: SANS-401-E3-Virtualization&CloudInfrastructure(401.1)-1.1
[2026-02-08 14:07:20] [WARNING]     Warning: Image SANS-401-E3-Virtualization&CloudInfrastructure(401.1 has conflicting new names:
[2026-02-08 14:07:20] [WARNING]       Existing: SANS-401-E3-Virtualization&CloudInfrastructure(401.1)-1.1
[2026-02-08 14:07:20] [WARNING]       New: SANS-401-E3-Virtualization&CloudInfrastructure(401.1)-9.1
[2026-02-08 14:07:20] [WARNING]       Keeping: SANS-401-E3-Virtualization&CloudInfrastructure(401.1)-1.1
[2026-02-08 14:07:20] [WARNING]     Warning: Image SANS-401-E3-Virtualization&CloudInfrastructure(401.1 has conflicting new names:
[2026-02-08 14:07:20] [WARNING]       Existing: SANS-401-E3-Virtualization&CloudInfrastructure(401.1)-1.1
[2026-02-08 14:07:20] [WARNING]       New: SANS-401-E3-Virtualization&CloudInfrastructure(401.1)-10.1
[2026-02-08 14:07:20] [WARNING]       Keeping: SANS-401-E3-Virtualization&CloudInfrastructure(401.1)-1.1
[2026-02-08 14:07:20] [WARNING]     Warning: Image SANS-401-E3-Virtualization&CloudInfrastructure(401.1 has conflicting new names:
[2026-02-08 14:07:20] [WARNING]       Existing: SANS-401-E3-Virtualization&CloudInfrastructure(401.1)-1.1
[2026-02-08 14:07:20] [WARNING]       New: SANS-401-E3-Virtualization&CloudInfrastructure(401.1)-11.1
[2026-02-08 14:07:20] [WARNING]       Keeping: SANS-401-E3-Virtualization&CloudInfrastructure(401.1)-1.1
[2026-02-08 14:07:20] [WARNING]     Warning: Image SANS-401-E3-Virtualization&CloudInfrastructure(401.1 has conflicting new names:
[2026-02-08 14:07:20] [WARNING]       Existing: SANS-401-E3-Virtualization&CloudInfrastructure(401.1)-1.1
[2026-02-08 14:07:20] [WARNING]       New: SANS-401-E3-Virtualization&CloudInfrastructure(401.1)-12.1
[2026-02-08 14:07:20] [WARNING]       Keeping: SANS-401-E3-Virtualization&CloudInfrastructure(401.1)-1.1
[2026-02-08 14:07:20] [WARNING]     Warning: Image SANS-401-E3-Virtualization&CloudInfrastructure(401.1 has conflicting new names:
[2026-02-08 14:07:20] [WARNING]       Existing: SANS-401-E3-Virtualization&CloudInfrastructure(401.1)-1.1
[2026-02-08 14:07:20] [WARNING]       New: SANS-401-E3-Virtualization&CloudInfrastructure(401.1)-13.1
[2026-02-08 14:07:20] [WARNING]       Keeping: SANS-401-E3-Virtualization&CloudInfrastructure(401.1)-1.1
[2026-02-08 14:07:20] [WARNING]     Warning: Image SANS-401-E3-Virtualization&CloudInfrastructure(401.1 has conflicting new names:
[2026-02-08 14:07:20] [WARNING]       Existing: SANS-401-E3-Virtualization&CloudInfrastructure(401.1)-1.1
[2026-02-08 14:07:20] [WARNING]       New: SANS-401-E3-Virtualization&CloudInfrastructure(401.1)-14.1
[2026-02-08 14:07:20] [WARNING]       Keeping: SANS-401-E3-Virtualization&CloudInfrastructure(401.1)-1.1
[2026-02-08 14:07:20] [INFO] 
[File] cyber-security\SANS-401\SANS-401-E4, E5, E6 - Wireless, Aircrack-ng, Wireshark (401.1).md
[2026-02-08 14:07:20] [INFO]   Found 12 image(s)
[2026-02-08 14:07:20] [INFO]     + Will rename: Pastedimage20240620203510.png
[2026-02-08 14:07:20] [INFO]       -> SANS-401-Wireless,Aircrack-ng,Wireshark(401.1)-1.png
[2026-02-08 14:07:20] [INFO]     + Will rename: Pastedimage20240620203819.png
[2026-02-08 14:07:20] [INFO]       -> SANS-401-Wireless,Aircrack-ng,Wireshark(401.1)-2.png
[2026-02-08 14:07:20] [INFO]     + Will rename: Pastedimage20240620204019.png
[2026-02-08 14:07:20] [INFO]       -> SANS-401-Wireless,Aircrack-ng,Wireshark(401.1)-3.png
[2026-02-08 14:07:20] [INFO]     + Will rename: Pastedimage20240620204807.png
[2026-02-08 14:07:20] [INFO]       -> SANS-401-Wireless,Aircrack-ng,Wireshark(401.1)-4.png
[2026-02-08 14:07:20] [INFO]     + Will rename: Pastedimage20240620205025.png
[2026-02-08 14:07:20] [INFO]       -> SANS-401-Wireless,Aircrack-ng,Wireshark(401.1)-5.png
[2026-02-08 14:07:20] [INFO]     + Will rename: Pastedimage20240621164752.png
[2026-02-08 14:07:20] [INFO]       -> SANS-401-Wireless,Aircrack-ng,Wireshark(401.1)-6.png
[2026-02-08 14:07:20] [INFO]     + Will rename: Pastedimage20240621165857.png
[2026-02-08 14:07:20] [INFO]       -> SANS-401-Wireless,Aircrack-ng,Wireshark(401.1)-7.png
[2026-02-08 14:07:20] [INFO]     + Will rename: Pastedimage20240621170039.png
[2026-02-08 14:07:20] [INFO]       -> SANS-401-Wireless,Aircrack-ng,Wireshark(401.1)-8.png
[2026-02-08 14:07:20] [INFO]     + Will rename: Pastedimage20240621170041.png
[2026-02-08 14:07:20] [INFO]       -> SANS-401-Wireless,Aircrack-ng,Wireshark(401.1)-9.png
[2026-02-08 14:07:20] [INFO]     + Will rename: Pastedimage20240621170532.png
[2026-02-08 14:07:20] [INFO]       -> SANS-401-Wireless,Aircrack-ng,Wireshark(401.1)-10.png
[2026-02-08 14:07:20] [INFO]     + Will rename: Pastedimage20240621172255.png
[2026-02-08 14:07:20] [INFO]       -> SANS-401-Wireless,Aircrack-ng,Wireshark(401.1)-11.png
[2026-02-08 14:07:20] [INFO]     + Will rename: Pastedimage20240621172422.png
[2026-02-08 14:07:20] [INFO]       -> SANS-401-Wireless,Aircrack-ng,Wireshark(401.1)-12.png
[2026-02-08 14:07:20] [INFO] 
[File] cyber-security\SANS-401\SANS-401-E7- Defense-in-Depth (401.2).md
[2026-02-08 14:07:20] [INFO]   Found 9 image(s)
[2026-02-08 14:07:20] [INFO]     + Will rename: SANS-401-Defense-in-Depth(401.2
[2026-02-08 14:07:20] [INFO]       -> SANS-401-Defense-in-Depth(401.2)-1.2
[2026-02-08 14:07:20] [WARNING]     Warning: Image SANS-401-Defense-in-Depth(401.2 has conflicting new names:
[2026-02-08 14:07:20] [WARNING]       Existing: SANS-401-Defense-in-Depth(401.2)-1.2
[2026-02-08 14:07:20] [WARNING]       New: SANS-401-Defense-in-Depth(401.2)-2.2
[2026-02-08 14:07:20] [WARNING]       Keeping: SANS-401-Defense-in-Depth(401.2)-1.2
[2026-02-08 14:07:20] [WARNING]     Warning: Image SANS-401-Defense-in-Depth(401.2 has conflicting new names:
[2026-02-08 14:07:20] [WARNING]       Existing: SANS-401-Defense-in-Depth(401.2)-1.2
[2026-02-08 14:07:20] [WARNING]       New: SANS-401-Defense-in-Depth(401.2)-3.2
[2026-02-08 14:07:20] [WARNING]       Keeping: SANS-401-Defense-in-Depth(401.2)-1.2
[2026-02-08 14:07:20] [WARNING]     Warning: Image SANS-401-Defense-in-Depth(401.2 has conflicting new names:
[2026-02-08 14:07:20] [WARNING]       Existing: SANS-401-Defense-in-Depth(401.2)-1.2
[2026-02-08 14:07:20] [WARNING]       New: SANS-401-Defense-in-Depth(401.2)-4.2
[2026-02-08 14:07:20] [WARNING]       Keeping: SANS-401-Defense-in-Depth(401.2)-1.2
[2026-02-08 14:07:20] [WARNING]     Warning: Image SANS-401-Defense-in-Depth(401.2 has conflicting new names:
[2026-02-08 14:07:20] [WARNING]       Existing: SANS-401-Defense-in-Depth(401.2)-1.2
[2026-02-08 14:07:20] [WARNING]       New: SANS-401-Defense-in-Depth(401.2)-5.2
[2026-02-08 14:07:20] [WARNING]       Keeping: SANS-401-Defense-in-Depth(401.2)-1.2
[2026-02-08 14:07:20] [WARNING]     Warning: Image SANS-401-Defense-in-Depth(401.2 has conflicting new names:
[2026-02-08 14:07:20] [WARNING]       Existing: SANS-401-Defense-in-Depth(401.2)-1.2
[2026-02-08 14:07:20] [WARNING]       New: SANS-401-Defense-in-Depth(401.2)-6.2
[2026-02-08 14:07:20] [WARNING]       Keeping: SANS-401-Defense-in-Depth(401.2)-1.2
[2026-02-08 14:07:20] [WARNING]     Warning: Image SANS-401-Defense-in-Depth(401.2 has conflicting new names:
[2026-02-08 14:07:20] [WARNING]       Existing: SANS-401-Defense-in-Depth(401.2)-1.2
[2026-02-08 14:07:20] [WARNING]       New: SANS-401-Defense-in-Depth(401.2)-7.2
[2026-02-08 14:07:20] [WARNING]       Keeping: SANS-401-Defense-in-Depth(401.2)-1.2
[2026-02-08 14:07:20] [WARNING]     Warning: Image SANS-401-Defense-in-Depth(401.2 has conflicting new names:
[2026-02-08 14:07:20] [WARNING]       Existing: SANS-401-Defense-in-Depth(401.2)-1.2
[2026-02-08 14:07:20] [WARNING]       New: SANS-401-Defense-in-Depth(401.2)-8.2
[2026-02-08 14:07:20] [WARNING]       Keeping: SANS-401-Defense-in-Depth(401.2)-1.2
[2026-02-08 14:07:20] [WARNING]     Warning: Image SANS-401-Defense-in-Depth(401.2 has conflicting new names:
[2026-02-08 14:07:20] [WARNING]       Existing: SANS-401-Defense-in-Depth(401.2)-1.2
[2026-02-08 14:07:20] [WARNING]       New: SANS-401-Defense-in-Depth(401.2)-9.2
[2026-02-08 14:07:20] [WARNING]       Keeping: SANS-401-Defense-in-Depth(401.2)-1.2
[2026-02-08 14:07:20] [INFO] 
[File] cyber-security\SANS-401\SANS-401-E8, E9 - Password Cracking.md
[2026-02-08 14:07:20] [INFO]   Found 30 image(s)
[2026-02-08 14:07:20] [INFO]     > Already correct: SANS-401-PasswordCracking-1.png
[2026-02-08 14:07:20] [INFO]     > Already correct: SANS-401-PasswordCracking-2.png
[2026-02-08 14:07:20] [INFO]     > Already correct: SANS-401-PasswordCracking-3.png
[2026-02-08 14:07:20] [INFO]     > Already correct: SANS-401-PasswordCracking-4.png
[2026-02-08 14:07:20] [INFO]     > Already correct: SANS-401-PasswordCracking-5.png
[2026-02-08 14:07:20] [INFO]     > Already correct: SANS-401-PasswordCracking-6.png
[2026-02-08 14:07:20] [INFO]     > Already correct: SANS-401-PasswordCracking-7.png
[2026-02-08 14:07:20] [INFO]     > Already correct: SANS-401-PasswordCracking-8.png
[2026-02-08 14:07:20] [INFO]     > Already correct: SANS-401-PasswordCracking-9.png
[2026-02-08 14:07:20] [INFO]     > Already correct: SANS-401-PasswordCracking-10.png
[2026-02-08 14:07:20] [INFO]     > Already correct: SANS-401-PasswordCracking-11.png
[2026-02-08 14:07:20] [INFO]     > Already correct: SANS-401-PasswordCracking-12.png
[2026-02-08 14:07:20] [INFO]     > Already correct: SANS-401-PasswordCracking-13.png
[2026-02-08 14:07:20] [INFO]     > Already correct: SANS-401-PasswordCracking-14.png
[2026-02-08 14:07:20] [INFO]     > Already correct: SANS-401-PasswordCracking-15.png
[2026-02-08 14:07:20] [INFO]     > Already correct: SANS-401-PasswordCracking-16.png
[2026-02-08 14:07:20] [INFO]     > Already correct: SANS-401-PasswordCracking-17.png
[2026-02-08 14:07:20] [INFO]     > Already correct: SANS-401-PasswordCracking-18.png
[2026-02-08 14:07:20] [INFO]     > Already correct: SANS-401-PasswordCracking-19.png
[2026-02-08 14:07:20] [INFO]     > Already correct: SANS-401-PasswordCracking-20.png
[2026-02-08 14:07:20] [INFO]     > Already correct: SANS-401-PasswordCracking-21.png
[2026-02-08 14:07:20] [INFO]     > Already correct: SANS-401-PasswordCracking-22.png
[2026-02-08 14:07:20] [INFO]     > Already correct: SANS-401-PasswordCracking-23.png
[2026-02-08 14:07:20] [INFO]     > Already correct: SANS-401-PasswordCracking-24.png
[2026-02-08 14:07:20] [INFO]     > Already correct: SANS-401-PasswordCracking-25.png
[2026-02-08 14:07:20] [INFO]     > Already correct: SANS-401-PasswordCracking-26.png
[2026-02-08 14:07:20] [INFO]     > Already correct: SANS-401-PasswordCracking-27.png
[2026-02-08 14:07:20] [INFO]     > Already correct: SANS-401-PasswordCracking-28.png
[2026-02-08 14:07:20] [INFO]     > Already correct: SANS-401-PasswordCracking-29.png
[2026-02-08 14:07:20] [INFO]     > Already correct: SANS-401-PasswordCracking-30.png
[2026-02-08 14:07:20] [INFO] 
[File] linux\60 Commands Hacker Should Know it.md
[2026-02-08 14:07:20] [INFO]   Found 24 image(s)
[2026-02-08 14:07:20] [INFO]     > Already correct: 60CommandsHackerShouldKnowit-1.png
[2026-02-08 14:07:20] [INFO]     > Already correct: 60CommandsHackerShouldKnowit-2.png
[2026-02-08 14:07:20] [INFO]     > Already correct: 60CommandsHackerShouldKnowit-3.png
[2026-02-08 14:07:20] [INFO]     > Already correct: 60CommandsHackerShouldKnowit-4.png
[2026-02-08 14:07:20] [INFO]     > Already correct: 60CommandsHackerShouldKnowit-5.png
[2026-02-08 14:07:20] [INFO]     > Already correct: 60CommandsHackerShouldKnowit-6.png
[2026-02-08 14:07:20] [INFO]     > Already correct: 60CommandsHackerShouldKnowit-7.png
[2026-02-08 14:07:20] [INFO]     > Already correct: 60CommandsHackerShouldKnowit-8.png
[2026-02-08 14:07:20] [INFO]     > Already correct: 60CommandsHackerShouldKnowit-9.png
[2026-02-08 14:07:20] [INFO]     > Already correct: 60CommandsHackerShouldKnowit-10.png
[2026-02-08 14:07:20] [INFO]     > Already correct: 60CommandsHackerShouldKnowit-11.png
[2026-02-08 14:07:20] [INFO]     > Already correct: 60CommandsHackerShouldKnowit-12.png
[2026-02-08 14:07:20] [INFO]     > Already correct: 60CommandsHackerShouldKnowit-13.png
[2026-02-08 14:07:20] [INFO]     > Already correct: 60CommandsHackerShouldKnowit-14.png
[2026-02-08 14:07:20] [INFO]     > Already correct: 60CommandsHackerShouldKnowit-15.png
[2026-02-08 14:07:20] [INFO]     > Already correct: 60CommandsHackerShouldKnowit-16.png
[2026-02-08 14:07:20] [INFO]     > Already correct: 60CommandsHackerShouldKnowit-17.png
[2026-02-08 14:07:20] [INFO]     > Already correct: 60CommandsHackerShouldKnowit-18.png
[2026-02-08 14:07:20] [INFO]     > Already correct: 60CommandsHackerShouldKnowit-19.png
[2026-02-08 14:07:20] [INFO]     > Already correct: 60CommandsHackerShouldKnowit-20.png
[2026-02-08 14:07:20] [INFO]     > Already correct: 60CommandsHackerShouldKnowit-21.png
[2026-02-08 14:07:20] [INFO]     > Already correct: 60CommandsHackerShouldKnowit-22.png
[2026-02-08 14:07:20] [INFO]     > Already correct: 60CommandsHackerShouldKnowit-23.png
[2026-02-08 14:07:20] [INFO]     > Already correct: 60CommandsHackerShouldKnowit-24.png
[2026-02-08 14:07:20] [INFO] 
[File] python\Dir-Buster-Module.md
[2026-02-08 14:07:20] [INFO] 
[File] seo\0-SEO-Theories\E1 to E5 - SEO Intro, Search Engines, Keywords.md
[2026-02-08 14:07:20] [INFO]   Found 11 image(s)
[2026-02-08 14:07:20] [INFO]     > Already correct: SEOIntro,SearchEngines,Keywords-1.png
[2026-02-08 14:07:20] [INFO]     > Already correct: SEOIntro,SearchEngines,Keywords-2.png
[2026-02-08 14:07:20] [INFO]     > Already correct: SEOIntro,SearchEngines,Keywords-3.png
[2026-02-08 14:07:20] [INFO]     > Already correct: SEOIntro,SearchEngines,Keywords-4.png
[2026-02-08 14:07:20] [INFO]     > Already correct: SEOIntro,SearchEngines,Keywords-5.png
[2026-02-08 14:07:20] [INFO]     > Already correct: SEOIntro,SearchEngines,Keywords-6.png
[2026-02-08 14:07:20] [INFO]     > Already correct: SEOIntro,SearchEngines,Keywords-7.png
[2026-02-08 14:07:20] [INFO]     > Already correct: SEOIntro,SearchEngines,Keywords-8.png
[2026-02-08 14:07:20] [INFO]     > Already correct: SEOIntro,SearchEngines,Keywords-9.png
[2026-02-08 14:07:20] [INFO]     > Already correct: SEOIntro,SearchEngines,Keywords-10.png
[2026-02-08 14:07:20] [INFO]     > Already correct: SEOIntro,SearchEngines,Keywords-11.png
[2026-02-08 14:07:20] [INFO] 
[File] seo\0-SEO-Theories\E10, E11, - Content SEO, Important Website Pages.md
[2026-02-08 14:07:20] [INFO]   Found 10 image(s)
[2026-02-08 14:07:20] [INFO]     > Already correct: ContentSEO,ImportantWebsitePages-1.png
[2026-02-08 14:07:20] [INFO]     > Already correct: ContentSEO,ImportantWebsitePages-2.png
[2026-02-08 14:07:20] [INFO]     > Already correct: ContentSEO,ImportantWebsitePages-3.png
[2026-02-08 14:07:20] [INFO]     > Already correct: ContentSEO,ImportantWebsitePages-4.png
[2026-02-08 14:07:20] [INFO]     > Already correct: ContentSEO,ImportantWebsitePages-5.png
[2026-02-08 14:07:20] [INFO]     > Already correct: ContentSEO,ImportantWebsitePages-6.png
[2026-02-08 14:07:20] [INFO]     > Already correct: ContentSEO,ImportantWebsitePages-7.png
[2026-02-08 14:07:20] [INFO]     > Already correct: ContentSEO,ImportantWebsitePages-8.png
[2026-02-08 14:07:20] [INFO]     > Already correct: ContentSEO,ImportantWebsitePages-9.png
[2026-02-08 14:07:20] [INFO]     > Already correct: ContentSEO,ImportantWebsitePages-10.png
[2026-02-08 14:07:20] [INFO] 
[File] seo\0-SEO-Theories\E12- Woorank(Check Website SEO).md
[2026-02-08 14:07:20] [INFO]   Found 12 image(s)
[2026-02-08 14:07:20] [INFO]     + Will rename: Woorank(CheckWebsiteSEO
[2026-02-08 14:07:20] [INFO]       -> Woorank(CheckWebsiteSEO)-1
[2026-02-08 14:07:20] [WARNING]     Warning: Image Woorank(CheckWebsiteSEO has conflicting new names:
[2026-02-08 14:07:20] [WARNING]       Existing: Woorank(CheckWebsiteSEO)-1
[2026-02-08 14:07:20] [WARNING]       New: Woorank(CheckWebsiteSEO)-2
[2026-02-08 14:07:20] [WARNING]       Keeping: Woorank(CheckWebsiteSEO)-1
[2026-02-08 14:07:20] [WARNING]     Warning: Image Woorank(CheckWebsiteSEO has conflicting new names:
[2026-02-08 14:07:20] [WARNING]       Existing: Woorank(CheckWebsiteSEO)-1
[2026-02-08 14:07:20] [WARNING]       New: Woorank(CheckWebsiteSEO)-3
[2026-02-08 14:07:20] [WARNING]       Keeping: Woorank(CheckWebsiteSEO)-1
[2026-02-08 14:07:20] [WARNING]     Warning: Image Woorank(CheckWebsiteSEO has conflicting new names:
[2026-02-08 14:07:20] [WARNING]       Existing: Woorank(CheckWebsiteSEO)-1
[2026-02-08 14:07:20] [WARNING]       New: Woorank(CheckWebsiteSEO)-4
[2026-02-08 14:07:20] [WARNING]       Keeping: Woorank(CheckWebsiteSEO)-1
[2026-02-08 14:07:20] [WARNING]     Warning: Image Woorank(CheckWebsiteSEO has conflicting new names:
[2026-02-08 14:07:20] [WARNING]       Existing: Woorank(CheckWebsiteSEO)-1
[2026-02-08 14:07:20] [WARNING]       New: Woorank(CheckWebsiteSEO)-5
[2026-02-08 14:07:20] [WARNING]       Keeping: Woorank(CheckWebsiteSEO)-1
[2026-02-08 14:07:20] [WARNING]     Warning: Image Woorank(CheckWebsiteSEO has conflicting new names:
[2026-02-08 14:07:20] [WARNING]       Existing: Woorank(CheckWebsiteSEO)-1
[2026-02-08 14:07:20] [WARNING]       New: Woorank(CheckWebsiteSEO)-6
[2026-02-08 14:07:20] [WARNING]       Keeping: Woorank(CheckWebsiteSEO)-1
[2026-02-08 14:07:20] [WARNING]     Warning: Image Woorank(CheckWebsiteSEO has conflicting new names:
[2026-02-08 14:07:20] [WARNING]       Existing: Woorank(CheckWebsiteSEO)-1
[2026-02-08 14:07:20] [WARNING]       New: Woorank(CheckWebsiteSEO)-7
[2026-02-08 14:07:20] [WARNING]       Keeping: Woorank(CheckWebsiteSEO)-1
[2026-02-08 14:07:20] [WARNING]     Warning: Image Woorank(CheckWebsiteSEO has conflicting new names:
[2026-02-08 14:07:20] [WARNING]       Existing: Woorank(CheckWebsiteSEO)-1
[2026-02-08 14:07:20] [WARNING]       New: Woorank(CheckWebsiteSEO)-8
[2026-02-08 14:07:20] [WARNING]       Keeping: Woorank(CheckWebsiteSEO)-1
[2026-02-08 14:07:20] [WARNING]     Warning: Image Woorank(CheckWebsiteSEO has conflicting new names:
[2026-02-08 14:07:20] [WARNING]       Existing: Woorank(CheckWebsiteSEO)-1
[2026-02-08 14:07:20] [WARNING]       New: Woorank(CheckWebsiteSEO)-9
[2026-02-08 14:07:20] [WARNING]       Keeping: Woorank(CheckWebsiteSEO)-1
[2026-02-08 14:07:20] [WARNING]     Warning: Image Woorank(CheckWebsiteSEO has conflicting new names:
[2026-02-08 14:07:20] [WARNING]       Existing: Woorank(CheckWebsiteSEO)-1
[2026-02-08 14:07:20] [WARNING]       New: Woorank(CheckWebsiteSEO)-10
[2026-02-08 14:07:20] [WARNING]       Keeping: Woorank(CheckWebsiteSEO)-1
[2026-02-08 14:07:20] [WARNING]     Warning: Image Woorank(CheckWebsiteSEO has conflicting new names:
[2026-02-08 14:07:20] [WARNING]       Existing: Woorank(CheckWebsiteSEO)-1
[2026-02-08 14:07:20] [WARNING]       New: Woorank(CheckWebsiteSEO)-11
[2026-02-08 14:07:20] [WARNING]       Keeping: Woorank(CheckWebsiteSEO)-1
[2026-02-08 14:07:20] [WARNING]     Warning: Image Woorank(CheckWebsiteSEO has conflicting new names:
[2026-02-08 14:07:20] [WARNING]       Existing: Woorank(CheckWebsiteSEO)-1
[2026-02-08 14:07:20] [WARNING]       New: Woorank(CheckWebsiteSEO)-12
[2026-02-08 14:07:20] [WARNING]       Keeping: Woorank(CheckWebsiteSEO)-1
[2026-02-08 14:07:20] [INFO] 
[File] seo\0-SEO-Theories\E13 - Good Contents for SEO.md
[2026-02-08 14:07:20] [INFO]   Found 3 image(s)
[2026-02-08 14:07:20] [INFO]     > Already correct: GoodContentsforSEO-1.png
[2026-02-08 14:07:20] [INFO]     > Already correct: GoodContentsforSEO-2.png
[2026-02-08 14:07:20] [INFO]     > Already correct: GoodContentsforSEO-3.png
[2026-02-08 14:07:20] [INFO] 
[File] seo\0-SEO-Theories\E14 - Links in SEO(Internal & External).md
[2026-02-08 14:07:20] [INFO] 
[File] seo\0-SEO-Theories\E15 - Page Rank.md
[2026-02-08 14:07:20] [INFO]   Found 2 image(s)
[2026-02-08 14:07:20] [INFO]     > Already correct: PageRank-1.png
[2026-02-08 14:07:20] [INFO]     > Already correct: PageRank-2.png
[2026-02-08 14:07:20] [INFO] 
[File] seo\0-SEO-Theories\E16 - Page Authority & Domain Authority.md
[2026-02-08 14:07:20] [INFO]   Found 3 image(s)
[2026-02-08 14:07:20] [INFO]     > Already correct: PageAuthority&DomainAuthority-1.png
[2026-02-08 14:07:20] [INFO]     > Already correct: PageAuthority&DomainAuthority-2.png
[2026-02-08 14:07:20] [INFO]     > Already correct: PageAuthority&DomainAuthority-3.png
[2026-02-08 14:07:20] [INFO] 
[File] seo\0-SEO-Theories\E17 - Backlinks.md
[2026-02-08 14:07:20] [INFO]   Found 1 image(s)
[2026-02-08 14:07:20] [INFO]     > Already correct: Backlinks-1.png
[2026-02-08 14:07:20] [INFO] 
[File] seo\0-SEO-Theories\E6 to E9 - Find Keywords,  Website Structure & Necessary HTML Tags for SEO.md
[2026-02-08 14:07:20] [INFO]   Found 33 image(s)
[2026-02-08 14:07:20] [INFO]     > Already correct: FindKeywords,WebsiteStructure&NecessaryHTMLTagsforSEO-1.png
[2026-02-08 14:07:20] [INFO]     > Already correct: FindKeywords,WebsiteStructure&NecessaryHTMLTagsforSEO-2.png
[2026-02-08 14:07:20] [INFO]     > Already correct: FindKeywords,WebsiteStructure&NecessaryHTMLTagsforSEO-3.png
[2026-02-08 14:07:20] [INFO]     > Already correct: FindKeywords,WebsiteStructure&NecessaryHTMLTagsforSEO-4.png
[2026-02-08 14:07:20] [INFO]     > Already correct: FindKeywords,WebsiteStructure&NecessaryHTMLTagsforSEO-5.png
[2026-02-08 14:07:20] [INFO]     > Already correct: FindKeywords,WebsiteStructure&NecessaryHTMLTagsforSEO-6.png
[2026-02-08 14:07:20] [INFO]     > Already correct: FindKeywords,WebsiteStructure&NecessaryHTMLTagsforSEO-7.png
[2026-02-08 14:07:20] [INFO]     > Already correct: FindKeywords,WebsiteStructure&NecessaryHTMLTagsforSEO-8.png
[2026-02-08 14:07:20] [INFO]     > Already correct: FindKeywords,WebsiteStructure&NecessaryHTMLTagsforSEO-9.png
[2026-02-08 14:07:20] [INFO]     > Already correct: FindKeywords,WebsiteStructure&NecessaryHTMLTagsforSEO-10.png
[2026-02-08 14:07:20] [INFO]     > Already correct: FindKeywords,WebsiteStructure&NecessaryHTMLTagsforSEO-11.png
[2026-02-08 14:07:20] [INFO]     > Already correct: FindKeywords,WebsiteStructure&NecessaryHTMLTagsforSEO-12.png
[2026-02-08 14:07:20] [INFO]     > Already correct: FindKeywords,WebsiteStructure&NecessaryHTMLTagsforSEO-13.png
[2026-02-08 14:07:20] [INFO]     > Already correct: FindKeywords,WebsiteStructure&NecessaryHTMLTagsforSEO-14.png
[2026-02-08 14:07:20] [INFO]     > Already correct: FindKeywords,WebsiteStructure&NecessaryHTMLTagsforSEO-15.png
[2026-02-08 14:07:20] [INFO]     > Already correct: FindKeywords,WebsiteStructure&NecessaryHTMLTagsforSEO-16.png
[2026-02-08 14:07:20] [INFO]     > Already correct: FindKeywords,WebsiteStructure&NecessaryHTMLTagsforSEO-17.png
[2026-02-08 14:07:20] [INFO]     > Already correct: FindKeywords,WebsiteStructure&NecessaryHTMLTagsforSEO-18.png
[2026-02-08 14:07:20] [INFO]     > Already correct: FindKeywords,WebsiteStructure&NecessaryHTMLTagsforSEO-19.png
[2026-02-08 14:07:20] [INFO]     > Already correct: FindKeywords,WebsiteStructure&NecessaryHTMLTagsforSEO-20.png
[2026-02-08 14:07:20] [INFO]     > Already correct: FindKeywords,WebsiteStructure&NecessaryHTMLTagsforSEO-21.png
[2026-02-08 14:07:20] [INFO]     > Already correct: FindKeywords,WebsiteStructure&NecessaryHTMLTagsforSEO-22.png
[2026-02-08 14:07:20] [INFO]     > Already correct: FindKeywords,WebsiteStructure&NecessaryHTMLTagsforSEO-23.png
[2026-02-08 14:07:20] [INFO]     > Already correct: FindKeywords,WebsiteStructure&NecessaryHTMLTagsforSEO-24.png
[2026-02-08 14:07:20] [INFO]     > Already correct: FindKeywords,WebsiteStructure&NecessaryHTMLTagsforSEO-25.png
[2026-02-08 14:07:20] [INFO]     > Already correct: FindKeywords,WebsiteStructure&NecessaryHTMLTagsforSEO-26.png
[2026-02-08 14:07:20] [INFO]     > Already correct: FindKeywords,WebsiteStructure&NecessaryHTMLTagsforSEO-27.png
[2026-02-08 14:07:20] [INFO]     > Already correct: FindKeywords,WebsiteStructure&NecessaryHTMLTagsforSEO-28.png
[2026-02-08 14:07:20] [INFO]     > Already correct: FindKeywords,WebsiteStructure&NecessaryHTMLTagsforSEO-29.png
[2026-02-08 14:07:20] [INFO]     > Already correct: FindKeywords,WebsiteStructure&NecessaryHTMLTagsforSEO-30.png
[2026-02-08 14:07:20] [INFO]     > Already correct: FindKeywords,WebsiteStructure&NecessaryHTMLTagsforSEO-31.png
[2026-02-08 14:07:20] [INFO]     > Already correct: FindKeywords,WebsiteStructure&NecessaryHTMLTagsforSEO-32.png
[2026-02-08 14:07:20] [INFO]     > Already correct: FindKeywords,WebsiteStructure&NecessaryHTMLTagsforSEO-33.png
[2026-02-08 14:07:20] [INFO] 
[File] tools\MSFConsole Commands.md
[2026-02-08 14:07:20] [INFO]   Found 43 image(s)
[2026-02-08 14:07:20] [INFO]     > Already correct: MSFConsoleCommands-1.png
[2026-02-08 14:07:20] [INFO]     > Already correct: MSFConsoleCommands-2.png
[2026-02-08 14:07:20] [INFO]     > Already correct: MSFConsoleCommands-3.png
[2026-02-08 14:07:20] [INFO]     > Already correct: MSFConsoleCommands-4.png
[2026-02-08 14:07:20] [INFO]     > Already correct: MSFConsoleCommands-5.png
[2026-02-08 14:07:20] [INFO]     > Already correct: MSFConsoleCommands-6.png
[2026-02-08 14:07:20] [INFO]     > Already correct: MSFConsoleCommands-7.png
[2026-02-08 14:07:20] [INFO]     > Already correct: MSFConsoleCommands-8.png
[2026-02-08 14:07:20] [INFO]     > Already correct: MSFConsoleCommands-9.png
[2026-02-08 14:07:20] [INFO]     > Already correct: MSFConsoleCommands-10.png
[2026-02-08 14:07:20] [INFO]     > Already correct: MSFConsoleCommands-11.png
[2026-02-08 14:07:20] [INFO]     > Already correct: MSFConsoleCommands-12.png
[2026-02-08 14:07:20] [INFO]     > Already correct: MSFConsoleCommands-13.png
[2026-02-08 14:07:20] [INFO]     > Already correct: MSFConsoleCommands-14.png
[2026-02-08 14:07:20] [INFO]     > Already correct: MSFConsoleCommands-15.png
[2026-02-08 14:07:20] [INFO]     > Already correct: MSFConsoleCommands-16.png
[2026-02-08 14:07:20] [INFO]     > Already correct: MSFConsoleCommands-17.png
[2026-02-08 14:07:20] [INFO]     > Already correct: MSFConsoleCommands-18.png
[2026-02-08 14:07:20] [INFO]     > Already correct: MSFConsoleCommands-19.png
[2026-02-08 14:07:20] [INFO]     > Already correct: MSFConsoleCommands-20.png
[2026-02-08 14:07:20] [INFO]     > Already correct: MSFConsoleCommands-21.png
[2026-02-08 14:07:20] [INFO]     > Already correct: MSFConsoleCommands-22.png
[2026-02-08 14:07:20] [INFO]     > Already correct: MSFConsoleCommands-23.png
[2026-02-08 14:07:20] [INFO]     > Already correct: MSFConsoleCommands-24.png
[2026-02-08 14:07:20] [INFO]     > Already correct: MSFConsoleCommands-25.png
[2026-02-08 14:07:20] [INFO]     > Already correct: MSFConsoleCommands-26.png
[2026-02-08 14:07:20] [INFO]     > Already correct: MSFConsoleCommands-27.png
[2026-02-08 14:07:20] [INFO]     > Already correct: MSFConsoleCommands-28.png
[2026-02-08 14:07:20] [INFO]     > Already correct: MSFConsoleCommands-29.png
[2026-02-08 14:07:20] [INFO]     > Already correct: MSFConsoleCommands-30.png
[2026-02-08 14:07:20] [INFO]     > Already correct: MSFConsoleCommands-31.png
[2026-02-08 14:07:20] [INFO]     > Already correct: MSFConsoleCommands-32.png
[2026-02-08 14:07:20] [INFO]     > Already correct: MSFConsoleCommands-33.png
[2026-02-08 14:07:20] [INFO]     > Already correct: MSFConsoleCommands-34.png
[2026-02-08 14:07:20] [INFO]     > Already correct: MSFConsoleCommands-35.png
[2026-02-08 14:07:20] [INFO]     > Already correct: MSFConsoleCommands-36.png
[2026-02-08 14:07:20] [INFO]     > Already correct: MSFConsoleCommands-37.png
[2026-02-08 14:07:20] [INFO]     > Already correct: MSFConsoleCommands-38.png
[2026-02-08 14:07:20] [INFO]     > Already correct: MSFConsoleCommands-39.png
[2026-02-08 14:07:20] [INFO]     > Already correct: MSFConsoleCommands-40.png
[2026-02-08 14:07:20] [INFO]     > Already correct: MSFConsoleCommands-41.png
[2026-02-08 14:07:20] [INFO]     > Already correct: MSFConsoleCommands-42.png
[2026-02-08 14:07:20] [INFO]     > Already correct: MSFConsoleCommands-43.png
[2026-02-08 14:07:20] [INFO] 
[File] tools\Burpsuite\1-Install Burpsuite.md
[2026-02-08 14:07:20] [INFO]   Found 12 image(s)
[2026-02-08 14:07:20] [INFO]     > Already correct: 1-InstallBurpsuite-1.png
[2026-02-08 14:07:20] [INFO]     > Already correct: 1-InstallBurpsuite-2.png
[2026-02-08 14:07:20] [INFO]     > Already correct: 1-InstallBurpsuite-3.png
[2026-02-08 14:07:20] [INFO]     > Already correct: 1-InstallBurpsuite-4.png
[2026-02-08 14:07:20] [INFO]     > Already correct: 1-InstallBurpsuite-5.png
[2026-02-08 14:07:20] [INFO]     > Already correct: 1-InstallBurpsuite-6.png
[2026-02-08 14:07:20] [INFO]     > Already correct: 1-InstallBurpsuite-7.png
[2026-02-08 14:07:20] [INFO]     > Already correct: 1-InstallBurpsuite-8.png
[2026-02-08 14:07:20] [INFO]     > Already correct: 1-InstallBurpsuite-9.png
[2026-02-08 14:07:20] [INFO]     > Already correct: 1-InstallBurpsuite-10.png
[2026-02-08 14:07:20] [INFO]     > Already correct: 1-InstallBurpsuite-11.png
[2026-02-08 14:07:20] [INFO]     > Already correct: 1-InstallBurpsuite-12.png
[2026-02-08 14:07:20] [INFO] 
[File] tools\Burpsuite\2-Change HTTP Data & Bypass Parameters.md
[2026-02-08 14:07:20] [INFO]   Found 6 image(s)
[2026-02-08 14:07:20] [INFO]     > Already correct: 2-ChangeHTTPData&BypassParameters-1.png
[2026-02-08 14:07:20] [INFO]     > Already correct: 2-ChangeHTTPData&BypassParameters-2.png
[2026-02-08 14:07:20] [INFO]     > Already correct: 2-ChangeHTTPData&BypassParameters-3.png
[2026-02-08 14:07:20] [INFO]     > Already correct: 2-ChangeHTTPData&BypassParameters-4.png
[2026-02-08 14:07:20] [INFO]     > Already correct: 2-ChangeHTTPData&BypassParameters-5.png
[2026-02-08 14:07:20] [INFO]     > Already correct: 2-ChangeHTTPData&BypassParameters-6.png
[2026-02-08 14:07:20] [INFO] 
[JSON] Saved 17 total mappings to images_rename_mapping.json
[2026-02-08 14:07:20] [INFO]        (16 new mappings added)
[2026-02-08 14:07:20] [INFO] 
============================================================
[2026-02-08 14:07:20] [INFO] PHASE 2: Renaming physical image files...
[2026-02-08 14:07:20] [INFO] ============================================================
[2026-02-08 14:07:20] [INFO] Processing 16 file(s)
[2026-02-08 14:07:20] [INFO] 
[Category] cyber-security
[2026-02-08 14:07:20] [WARNING]   Warning: File not found: SANS-401-NetworkingandProtocols(401.1
[2026-02-08 14:07:20] [WARNING]   Warning: File not found: SANS-401-E3-Virtualization&CloudInfrastructure(401.1
[2026-02-08 14:07:20] [WARNING]   Warning: File not found: Pastedimage20240620203510.png
[2026-02-08 14:07:20] [WARNING]   Warning: File not found: Pastedimage20240620203819.png
[2026-02-08 14:07:20] [WARNING]   Warning: File not found: Pastedimage20240620204019.png
[2026-02-08 14:07:20] [WARNING]   Warning: File not found: Pastedimage20240620204807.png
[2026-02-08 14:07:20] [WARNING]   Warning: File not found: Pastedimage20240620205025.png
[2026-02-08 14:07:20] [WARNING]   Warning: File not found: Pastedimage20240621164752.png
[2026-02-08 14:07:20] [WARNING]   Warning: File not found: Pastedimage20240621165857.png
[2026-02-08 14:07:20] [WARNING]   Warning: File not found: Pastedimage20240621170039.png
[2026-02-08 14:07:20] [WARNING]   Warning: File not found: Pastedimage20240621170041.png
[2026-02-08 14:07:20] [WARNING]   Warning: File not found: Pastedimage20240621170532.png
[2026-02-08 14:07:20] [WARNING]   Warning: File not found: Pastedimage20240621172255.png
[2026-02-08 14:07:20] [WARNING]   Warning: File not found: Pastedimage20240621172422.png
[2026-02-08 14:07:20] [WARNING]   Warning: File not found: SANS-401-Defense-in-Depth(401.2
[2026-02-08 14:07:20] [INFO] 
[Category] seo
[2026-02-08 14:07:20] [WARNING]   Warning: File not found: Woorank(CheckWebsiteSEO
[2026-02-08 14:07:20] [INFO] Saved 432 processed images to processed_images.json
[2026-02-08 14:07:20] [INFO] 
============================================================
[2026-02-08 14:07:20] [INFO] FINAL STATISTICS:
[2026-02-08 14:07:20] [INFO] ============================================================
[2026-02-08 14:07:20] [INFO] Files scanned: 20
[2026-02-08 14:07:20] [INFO] Images found: 246
[2026-02-08 14:07:20] [INFO] Images skipped (already processed): 0
[2026-02-08 14:07:20] [INFO] Images skipped (already correct): 186
[2026-02-08 14:07:20] [INFO] Physical files renamed: 0
[2026-02-08 14:07:20] [INFO] Errors: 0
[2026-02-08 14:07:20] [INFO] Total processed images tracked: 432
[2026-02-08 14:07:20] [INFO] Total mappings in database: 16
[2026-02-08 14:07:20] [INFO] ============================================================
[2026-02-08 14:07:20] [INFO] 
[INFO] No new images needed renaming
[2026-02-08 14:07:20] [INFO] 
[COMPLETE] Process finished
[2026-02-08 14:07:20] [INFO] ============================================================

[2026-02-08 14:27:02] [INFO] ============================================================
[2026-02-08 14:27:02] [INFO] Starting image rename process (physical files only)
[2026-02-08 14:27:02] [INFO] ============================================================
[2026-02-08 14:27:02] [INFO] Loaded 470 processed image(s) from processed_images.json
[2026-02-08 14:27:02] [INFO] 
============================================================
[2026-02-08 14:27:02] [INFO] Verifying directories:
[2026-02-08 14:27:02] [INFO] ============================================================
[2026-02-08 14:27:02] [INFO] + Content directory: content
[2026-02-08 14:27:02] [INFO] + Static images directory: static/images
[2026-02-08 14:27:02] [INFO]   Categories: cyber-security, linux, seo, tools
[2026-02-08 14:27:02] [INFO] ============================================================
[2026-02-08 14:27:02] [INFO] PHASE 1: Scanning markdown files for images...
[2026-02-08 14:27:02] [INFO] ============================================================
[2026-02-08 14:27:02] [INFO] 
[File] cyber-security\Cryptography\Basic-Encryption.md
[2026-02-08 14:27:02] [INFO]   Found 32 image(s)
[2026-02-08 14:27:02] [INFO]     + Will rename: Pastedimage20250713164152.png
[2026-02-08 14:27:02] [INFO]       -> Basic-Encryption-1.png
[2026-02-08 14:27:02] [INFO]     + Will rename: Pastedimage20250713165744.png
[2026-02-08 14:27:02] [INFO]       -> Basic-Encryption-2.png
[2026-02-08 14:27:02] [INFO]     + Will rename: Pastedimage20250713170247.png
[2026-02-08 14:27:02] [INFO]       -> Basic-Encryption-3.png
[2026-02-08 14:27:02] [INFO]     + Will rename: Pastedimage20250713171340.png
[2026-02-08 14:27:02] [INFO]       -> Basic-Encryption-4.png
[2026-02-08 14:27:02] [INFO]     + Will rename: Pastedimage20250713172246.png
[2026-02-08 14:27:02] [INFO]       -> Basic-Encryption-5.png
[2026-02-08 14:27:02] [INFO]     + Will rename: Pastedimage20250713172811.png
[2026-02-08 14:27:02] [INFO]       -> Basic-Encryption-6.png
[2026-02-08 14:27:02] [INFO]     + Will rename: Pastedimage20250713181517.png
[2026-02-08 14:27:02] [INFO]       -> Basic-Encryption-7.png
[2026-02-08 14:27:02] [INFO]     + Will rename: Pastedimage20250713181952.png
[2026-02-08 14:27:02] [INFO]       -> Basic-Encryption-8.png
[2026-02-08 14:27:02] [INFO]     + Will rename: Pastedimage20250713181931.png
[2026-02-08 14:27:02] [INFO]       -> Basic-Encryption-9.png
[2026-02-08 14:27:02] [INFO]     + Will rename: Pastedimage20250713182443.png
[2026-02-08 14:27:02] [INFO]       -> Basic-Encryption-10.png
[2026-02-08 14:27:02] [INFO]     + Will rename: Pastedimage20250713182430.png
[2026-02-08 14:27:02] [INFO]       -> Basic-Encryption-11.png
[2026-02-08 14:27:02] [INFO]     + Will rename: Pastedimage20250713182716.png
[2026-02-08 14:27:02] [INFO]       -> Basic-Encryption-12.png
[2026-02-08 14:27:02] [INFO]     + Will rename: Pastedimage20250713185909.png
[2026-02-08 14:27:02] [INFO]       -> Basic-Encryption-13.png
[2026-02-08 14:27:02] [INFO]     + Will rename: Pastedimage20250713190307.png
[2026-02-08 14:27:02] [INFO]       -> Basic-Encryption-14.png
[2026-02-08 14:27:02] [INFO]     + Will rename: Pastedimage20250713190542.png
[2026-02-08 14:27:02] [INFO]       -> Basic-Encryption-15.png
[2026-02-08 14:27:02] [INFO]     + Will rename: Pastedimage20250715174328.png
[2026-02-08 14:27:02] [INFO]       -> Basic-Encryption-16.png
[2026-02-08 14:27:02] [INFO]     + Will rename: Pastedimage20250715174640.png
[2026-02-08 14:27:02] [INFO]       -> Basic-Encryption-17.png
[2026-02-08 14:27:02] [INFO]     + Will rename: Pastedimage20250715174808.png
[2026-02-08 14:27:02] [INFO]       -> Basic-Encryption-18.png
[2026-02-08 14:27:02] [INFO]     + Will rename: Pastedimage20250715175155.png
[2026-02-08 14:27:02] [INFO]       -> Basic-Encryption-19.png
[2026-02-08 14:27:02] [INFO]     + Will rename: Pastedimage20250715180644.png
[2026-02-08 14:27:02] [INFO]       -> Basic-Encryption-20.png
[2026-02-08 14:27:02] [INFO]     + Will rename: Pastedimage20250715182644.png
[2026-02-08 14:27:02] [INFO]       -> Basic-Encryption-21.png
[2026-02-08 14:27:02] [INFO]     + Will rename: Pastedimage20250716164001.png
[2026-02-08 14:27:02] [INFO]       -> Basic-Encryption-22.png
[2026-02-08 14:27:02] [INFO]     + Will rename: Pastedimage20250716164250.png
[2026-02-08 14:27:02] [INFO]       -> Basic-Encryption-23.png
[2026-02-08 14:27:02] [INFO]     + Will rename: Pastedimage20250716164420.png
[2026-02-08 14:27:02] [INFO]       -> Basic-Encryption-24.png
[2026-02-08 14:27:02] [INFO]     + Will rename: Pastedimage20250716164544.png
[2026-02-08 14:27:02] [INFO]       -> Basic-Encryption-25.png
[2026-02-08 14:27:02] [INFO]     + Will rename: Pastedimage20250716165150.png
[2026-02-08 14:27:02] [INFO]       -> Basic-Encryption-26.png
[2026-02-08 14:27:02] [INFO]     + Will rename: Pastedimage20250716165524.png
[2026-02-08 14:27:02] [INFO]       -> Basic-Encryption-27.png
[2026-02-08 14:27:02] [INFO]     + Will rename: Pastedimage20250716165641.png
[2026-02-08 14:27:02] [INFO]       -> Basic-Encryption-28.png
[2026-02-08 14:27:02] [INFO]     + Will rename: Pastedimage20250716165756.png
[2026-02-08 14:27:02] [INFO]       -> Basic-Encryption-29.png
[2026-02-08 14:27:02] [INFO]     + Will rename: Pastedimage20250716170043.png
[2026-02-08 14:27:02] [INFO]       -> Basic-Encryption-30.png
[2026-02-08 14:27:02] [INFO]     + Will rename: Pastedimage20250716170612.png
[2026-02-08 14:27:02] [INFO]       -> Basic-Encryption-31.png
[2026-02-08 14:27:02] [INFO]     + Will rename: Pastedimage20250716170855.png
[2026-02-08 14:27:02] [INFO]       -> Basic-Encryption-32.png
[2026-02-08 14:27:02] [INFO] 
[File] cyber-security\Cryptography\Malwares.md
[2026-02-08 14:27:03] [INFO]   Found 6 image(s)
[2026-02-08 14:27:03] [INFO]     + Will rename: Pastedimage20250716172851.png
[2026-02-08 14:27:03] [INFO]       -> Malwares-1.png
[2026-02-08 14:27:03] [INFO]     + Will rename: Pastedimage20250716174502.png
[2026-02-08 14:27:03] [INFO]       -> Malwares-2.png
[2026-02-08 14:27:03] [INFO]     + Will rename: Pastedimage20250716175728.png
[2026-02-08 14:27:03] [INFO]       -> Malwares-3.png
[2026-02-08 14:27:03] [INFO]     + Will rename: Pastedimage20250716180045.png
[2026-02-08 14:27:03] [INFO]       -> Malwares-4.png
[2026-02-08 14:27:03] [INFO]     + Will rename: Pastedimage20250716180357.png
[2026-02-08 14:27:03] [INFO]       -> Malwares-5.png
[2026-02-08 14:27:03] [INFO]     + Will rename: Pastedimage20250716180909.png
[2026-02-08 14:27:03] [INFO]       -> Malwares-6.png
[2026-02-08 14:27:03] [INFO] 
[File] cyber-security\SANS-401\SANS-401-E0, E1 - (Introduction & Prepare Lab).md
[2026-02-08 14:27:03] [INFO]   Found 8 image(s)
[2026-02-08 14:27:03] [INFO]     > Already processed: SANS-401.0Introduction&PrepareLab-1.png
[2026-02-08 14:27:03] [INFO]     > Already processed: SANS-401.0Introduction&PrepareLab-2.png
[2026-02-08 14:27:03] [INFO]     > Already processed: SANS-401.0Introduction&PrepareLab-3.png
[2026-02-08 14:27:03] [INFO]     > Already processed: SANS-401.0Introduction&PrepareLab-4.png
[2026-02-08 14:27:03] [INFO]     > Already processed: SANS-401.0Introduction&PrepareLab-5.png
[2026-02-08 14:27:03] [INFO]     > Already processed: SANS-401.0Introduction&PrepareLab-6.png
[2026-02-08 14:27:03] [INFO]     > Already processed: SANS-401.0Introduction&PrepareLab-7.png
[2026-02-08 14:27:03] [INFO]     > Already processed: SANS-401.0Introduction&PrepareLab-8.png
[2026-02-08 14:27:03] [INFO] 
[File] cyber-security\SANS-401\SANS-401-E2 - Networking and Protocols (401.1).md
[2026-02-08 14:27:03] [INFO]   Found 13 image(s)
[2026-02-08 14:27:03] [INFO]     + Will rename: SANS-401-NetworkingandProtocols(401.1
[2026-02-08 14:27:03] [INFO]       -> SANS-401-NetworkingandProtocols(401.1)-1.1
[2026-02-08 14:27:03] [WARNING]     Warning: Image SANS-401-NetworkingandProtocols(401.1 has conflicting new names:
[2026-02-08 14:27:03] [WARNING]       Existing: SANS-401-NetworkingandProtocols(401.1)-1.1
[2026-02-08 14:27:03] [WARNING]       New: SANS-401-NetworkingandProtocols(401.1)-2.1
[2026-02-08 14:27:03] [WARNING]       Keeping: SANS-401-NetworkingandProtocols(401.1)-1.1
[2026-02-08 14:27:03] [WARNING]     Warning: Image SANS-401-NetworkingandProtocols(401.1 has conflicting new names:
[2026-02-08 14:27:03] [WARNING]       Existing: SANS-401-NetworkingandProtocols(401.1)-1.1
[2026-02-08 14:27:03] [WARNING]       New: SANS-401-NetworkingandProtocols(401.1)-3.1
[2026-02-08 14:27:03] [WARNING]       Keeping: SANS-401-NetworkingandProtocols(401.1)-1.1
[2026-02-08 14:27:03] [WARNING]     Warning: Image SANS-401-NetworkingandProtocols(401.1 has conflicting new names:
[2026-02-08 14:27:03] [WARNING]       Existing: SANS-401-NetworkingandProtocols(401.1)-1.1
[2026-02-08 14:27:03] [WARNING]       New: SANS-401-NetworkingandProtocols(401.1)-4.1
[2026-02-08 14:27:03] [WARNING]       Keeping: SANS-401-NetworkingandProtocols(401.1)-1.1
[2026-02-08 14:27:03] [WARNING]     Warning: Image SANS-401-NetworkingandProtocols(401.1 has conflicting new names:
[2026-02-08 14:27:03] [WARNING]       Existing: SANS-401-NetworkingandProtocols(401.1)-1.1
[2026-02-08 14:27:03] [WARNING]       New: SANS-401-NetworkingandProtocols(401.1)-5.1
[2026-02-08 14:27:03] [WARNING]       Keeping: SANS-401-NetworkingandProtocols(401.1)-1.1
[2026-02-08 14:27:03] [WARNING]     Warning: Image SANS-401-NetworkingandProtocols(401.1 has conflicting new names:
[2026-02-08 14:27:03] [WARNING]       Existing: SANS-401-NetworkingandProtocols(401.1)-1.1
[2026-02-08 14:27:03] [WARNING]       New: SANS-401-NetworkingandProtocols(401.1)-6.1
[2026-02-08 14:27:03] [WARNING]       Keeping: SANS-401-NetworkingandProtocols(401.1)-1.1
[2026-02-08 14:27:03] [WARNING]     Warning: Image SANS-401-NetworkingandProtocols(401.1 has conflicting new names:
[2026-02-08 14:27:03] [WARNING]       Existing: SANS-401-NetworkingandProtocols(401.1)-1.1
[2026-02-08 14:27:03] [WARNING]       New: SANS-401-NetworkingandProtocols(401.1)-7.1
[2026-02-08 14:27:03] [WARNING]       Keeping: SANS-401-NetworkingandProtocols(401.1)-1.1
[2026-02-08 14:27:03] [WARNING]     Warning: Image SANS-401-NetworkingandProtocols(401.1 has conflicting new names:
[2026-02-08 14:27:03] [WARNING]       Existing: SANS-401-NetworkingandProtocols(401.1)-1.1
[2026-02-08 14:27:03] [WARNING]       New: SANS-401-NetworkingandProtocols(401.1)-8.1
[2026-02-08 14:27:03] [WARNING]       Keeping: SANS-401-NetworkingandProtocols(401.1)-1.1
[2026-02-08 14:27:03] [WARNING]     Warning: Image SANS-401-NetworkingandProtocols(401.1 has conflicting new names:
[2026-02-08 14:27:03] [WARNING]       Existing: SANS-401-NetworkingandProtocols(401.1)-1.1
[2026-02-08 14:27:03] [WARNING]       New: SANS-401-NetworkingandProtocols(401.1)-9.1
[2026-02-08 14:27:03] [WARNING]       Keeping: SANS-401-NetworkingandProtocols(401.1)-1.1
[2026-02-08 14:27:03] [WARNING]     Warning: Image SANS-401-NetworkingandProtocols(401.1 has conflicting new names:
[2026-02-08 14:27:03] [WARNING]       Existing: SANS-401-NetworkingandProtocols(401.1)-1.1
[2026-02-08 14:27:03] [WARNING]       New: SANS-401-NetworkingandProtocols(401.1)-10.1
[2026-02-08 14:27:03] [WARNING]       Keeping: SANS-401-NetworkingandProtocols(401.1)-1.1
[2026-02-08 14:27:03] [WARNING]     Warning: Image SANS-401-NetworkingandProtocols(401.1 has conflicting new names:
[2026-02-08 14:27:03] [WARNING]       Existing: SANS-401-NetworkingandProtocols(401.1)-1.1
[2026-02-08 14:27:03] [WARNING]       New: SANS-401-NetworkingandProtocols(401.1)-11.1
[2026-02-08 14:27:03] [WARNING]       Keeping: SANS-401-NetworkingandProtocols(401.1)-1.1
[2026-02-08 14:27:03] [WARNING]     Warning: Image SANS-401-NetworkingandProtocols(401.1 has conflicting new names:
[2026-02-08 14:27:03] [WARNING]       Existing: SANS-401-NetworkingandProtocols(401.1)-1.1
[2026-02-08 14:27:03] [WARNING]       New: SANS-401-NetworkingandProtocols(401.1)-12.1
[2026-02-08 14:27:03] [WARNING]       Keeping: SANS-401-NetworkingandProtocols(401.1)-1.1
[2026-02-08 14:27:03] [WARNING]     Warning: Image SANS-401-NetworkingandProtocols(401.1 has conflicting new names:
[2026-02-08 14:27:03] [WARNING]       Existing: SANS-401-NetworkingandProtocols(401.1)-1.1
[2026-02-08 14:27:03] [WARNING]       New: SANS-401-NetworkingandProtocols(401.1)-13.1
[2026-02-08 14:27:03] [WARNING]       Keeping: SANS-401-NetworkingandProtocols(401.1)-1.1
[2026-02-08 14:27:03] [INFO] 
[File] cyber-security\SANS-401\SANS-401-E3 - Virtualization & Cloud Infrastructure(401.1).md
[2026-02-08 14:27:03] [INFO]   Found 14 image(s)
[2026-02-08 14:27:03] [INFO]     + Will rename: SANS-401-E3-Virtualization&CloudInfrastructure(401.1
[2026-02-08 14:27:03] [INFO]       -> SANS-401-E3-Virtualization&CloudInfrastructure(401.1)-1.1
[2026-02-08 14:27:03] [WARNING]     Warning: Image SANS-401-E3-Virtualization&CloudInfrastructure(401.1 has conflicting new names:
[2026-02-08 14:27:03] [WARNING]       Existing: SANS-401-E3-Virtualization&CloudInfrastructure(401.1)-1.1
[2026-02-08 14:27:03] [WARNING]       New: SANS-401-E3-Virtualization&CloudInfrastructure(401.1)-2.1
[2026-02-08 14:27:03] [WARNING]       Keeping: SANS-401-E3-Virtualization&CloudInfrastructure(401.1)-1.1
[2026-02-08 14:27:03] [WARNING]     Warning: Image SANS-401-E3-Virtualization&CloudInfrastructure(401.1 has conflicting new names:
[2026-02-08 14:27:03] [WARNING]       Existing: SANS-401-E3-Virtualization&CloudInfrastructure(401.1)-1.1
[2026-02-08 14:27:03] [WARNING]       New: SANS-401-E3-Virtualization&CloudInfrastructure(401.1)-3.1
[2026-02-08 14:27:03] [WARNING]       Keeping: SANS-401-E3-Virtualization&CloudInfrastructure(401.1)-1.1
[2026-02-08 14:27:03] [WARNING]     Warning: Image SANS-401-E3-Virtualization&CloudInfrastructure(401.1 has conflicting new names:
[2026-02-08 14:27:03] [WARNING]       Existing: SANS-401-E3-Virtualization&CloudInfrastructure(401.1)-1.1
[2026-02-08 14:27:03] [WARNING]       New: SANS-401-E3-Virtualization&CloudInfrastructure(401.1)-4.1
[2026-02-08 14:27:03] [WARNING]       Keeping: SANS-401-E3-Virtualization&CloudInfrastructure(401.1)-1.1
[2026-02-08 14:27:03] [WARNING]     Warning: Image SANS-401-E3-Virtualization&CloudInfrastructure(401.1 has conflicting new names:
[2026-02-08 14:27:03] [WARNING]       Existing: SANS-401-E3-Virtualization&CloudInfrastructure(401.1)-1.1
[2026-02-08 14:27:03] [WARNING]       New: SANS-401-E3-Virtualization&CloudInfrastructure(401.1)-5.1
[2026-02-08 14:27:03] [WARNING]       Keeping: SANS-401-E3-Virtualization&CloudInfrastructure(401.1)-1.1
[2026-02-08 14:27:03] [WARNING]     Warning: Image SANS-401-E3-Virtualization&CloudInfrastructure(401.1 has conflicting new names:
[2026-02-08 14:27:03] [WARNING]       Existing: SANS-401-E3-Virtualization&CloudInfrastructure(401.1)-1.1
[2026-02-08 14:27:03] [WARNING]       New: SANS-401-E3-Virtualization&CloudInfrastructure(401.1)-6.1
[2026-02-08 14:27:03] [WARNING]       Keeping: SANS-401-E3-Virtualization&CloudInfrastructure(401.1)-1.1
[2026-02-08 14:27:03] [WARNING]     Warning: Image SANS-401-E3-Virtualization&CloudInfrastructure(401.1 has conflicting new names:
[2026-02-08 14:27:03] [WARNING]       Existing: SANS-401-E3-Virtualization&CloudInfrastructure(401.1)-1.1
[2026-02-08 14:27:03] [WARNING]       New: SANS-401-E3-Virtualization&CloudInfrastructure(401.1)-7.1
[2026-02-08 14:27:03] [WARNING]       Keeping: SANS-401-E3-Virtualization&CloudInfrastructure(401.1)-1.1
[2026-02-08 14:27:03] [WARNING]     Warning: Image SANS-401-E3-Virtualization&CloudInfrastructure(401.1 has conflicting new names:
[2026-02-08 14:27:03] [WARNING]       Existing: SANS-401-E3-Virtualization&CloudInfrastructure(401.1)-1.1
[2026-02-08 14:27:03] [WARNING]       New: SANS-401-E3-Virtualization&CloudInfrastructure(401.1)-8.1
[2026-02-08 14:27:03] [WARNING]       Keeping: SANS-401-E3-Virtualization&CloudInfrastructure(401.1)-1.1
[2026-02-08 14:27:03] [WARNING]     Warning: Image SANS-401-E3-Virtualization&CloudInfrastructure(401.1 has conflicting new names:
[2026-02-08 14:27:03] [WARNING]       Existing: SANS-401-E3-Virtualization&CloudInfrastructure(401.1)-1.1
[2026-02-08 14:27:03] [WARNING]       New: SANS-401-E3-Virtualization&CloudInfrastructure(401.1)-9.1
[2026-02-08 14:27:03] [WARNING]       Keeping: SANS-401-E3-Virtualization&CloudInfrastructure(401.1)-1.1
[2026-02-08 14:27:03] [WARNING]     Warning: Image SANS-401-E3-Virtualization&CloudInfrastructure(401.1 has conflicting new names:
[2026-02-08 14:27:03] [WARNING]       Existing: SANS-401-E3-Virtualization&CloudInfrastructure(401.1)-1.1
[2026-02-08 14:27:03] [WARNING]       New: SANS-401-E3-Virtualization&CloudInfrastructure(401.1)-10.1
[2026-02-08 14:27:03] [WARNING]       Keeping: SANS-401-E3-Virtualization&CloudInfrastructure(401.1)-1.1
[2026-02-08 14:27:03] [WARNING]     Warning: Image SANS-401-E3-Virtualization&CloudInfrastructure(401.1 has conflicting new names:
[2026-02-08 14:27:03] [WARNING]       Existing: SANS-401-E3-Virtualization&CloudInfrastructure(401.1)-1.1
[2026-02-08 14:27:03] [WARNING]       New: SANS-401-E3-Virtualization&CloudInfrastructure(401.1)-11.1
[2026-02-08 14:27:03] [WARNING]       Keeping: SANS-401-E3-Virtualization&CloudInfrastructure(401.1)-1.1
[2026-02-08 14:27:03] [WARNING]     Warning: Image SANS-401-E3-Virtualization&CloudInfrastructure(401.1 has conflicting new names:
[2026-02-08 14:27:03] [WARNING]       Existing: SANS-401-E3-Virtualization&CloudInfrastructure(401.1)-1.1
[2026-02-08 14:27:03] [WARNING]       New: SANS-401-E3-Virtualization&CloudInfrastructure(401.1)-12.1
[2026-02-08 14:27:03] [WARNING]       Keeping: SANS-401-E3-Virtualization&CloudInfrastructure(401.1)-1.1
[2026-02-08 14:27:03] [WARNING]     Warning: Image SANS-401-E3-Virtualization&CloudInfrastructure(401.1 has conflicting new names:
[2026-02-08 14:27:03] [WARNING]       Existing: SANS-401-E3-Virtualization&CloudInfrastructure(401.1)-1.1
[2026-02-08 14:27:03] [WARNING]       New: SANS-401-E3-Virtualization&CloudInfrastructure(401.1)-13.1
[2026-02-08 14:27:03] [WARNING]       Keeping: SANS-401-E3-Virtualization&CloudInfrastructure(401.1)-1.1
[2026-02-08 14:27:03] [WARNING]     Warning: Image SANS-401-E3-Virtualization&CloudInfrastructure(401.1 has conflicting new names:
[2026-02-08 14:27:03] [WARNING]       Existing: SANS-401-E3-Virtualization&CloudInfrastructure(401.1)-1.1
[2026-02-08 14:27:03] [WARNING]       New: SANS-401-E3-Virtualization&CloudInfrastructure(401.1)-14.1
[2026-02-08 14:27:03] [WARNING]       Keeping: SANS-401-E3-Virtualization&CloudInfrastructure(401.1)-1.1
[2026-02-08 14:27:03] [INFO] 
[File] cyber-security\SANS-401\SANS-401-E4, E5, E6 - Wireless, Aircrack-ng, Wireshark (401.1).md
[2026-02-08 14:27:03] [INFO]   Found 12 image(s)
[2026-02-08 14:27:03] [INFO]     + Will rename: Pastedimage20240620203510.png
[2026-02-08 14:27:03] [INFO]       -> SANS-401-Wireless,Aircrack-ng,Wireshark(401.1)-1.png
[2026-02-08 14:27:03] [INFO]     + Will rename: Pastedimage20240620203819.png
[2026-02-08 14:27:03] [INFO]       -> SANS-401-Wireless,Aircrack-ng,Wireshark(401.1)-2.png
[2026-02-08 14:27:03] [INFO]     + Will rename: Pastedimage20240620204019.png
[2026-02-08 14:27:03] [INFO]       -> SANS-401-Wireless,Aircrack-ng,Wireshark(401.1)-3.png
[2026-02-08 14:27:03] [INFO]     + Will rename: Pastedimage20240620204807.png
[2026-02-08 14:27:03] [INFO]       -> SANS-401-Wireless,Aircrack-ng,Wireshark(401.1)-4.png
[2026-02-08 14:27:03] [INFO]     + Will rename: Pastedimage20240620205025.png
[2026-02-08 14:27:03] [INFO]       -> SANS-401-Wireless,Aircrack-ng,Wireshark(401.1)-5.png
[2026-02-08 14:27:03] [INFO]     + Will rename: Pastedimage20240621164752.png
[2026-02-08 14:27:03] [INFO]       -> SANS-401-Wireless,Aircrack-ng,Wireshark(401.1)-6.png
[2026-02-08 14:27:03] [INFO]     + Will rename: Pastedimage20240621165857.png
[2026-02-08 14:27:03] [INFO]       -> SANS-401-Wireless,Aircrack-ng,Wireshark(401.1)-7.png
[2026-02-08 14:27:03] [INFO]     + Will rename: Pastedimage20240621170039.png
[2026-02-08 14:27:03] [INFO]       -> SANS-401-Wireless,Aircrack-ng,Wireshark(401.1)-8.png
[2026-02-08 14:27:03] [INFO]     + Will rename: Pastedimage20240621170041.png
[2026-02-08 14:27:03] [INFO]       -> SANS-401-Wireless,Aircrack-ng,Wireshark(401.1)-9.png
[2026-02-08 14:27:03] [INFO]     + Will rename: Pastedimage20240621170532.png
[2026-02-08 14:27:03] [INFO]       -> SANS-401-Wireless,Aircrack-ng,Wireshark(401.1)-10.png
[2026-02-08 14:27:03] [INFO]     + Will rename: Pastedimage20240621172255.png
[2026-02-08 14:27:03] [INFO]       -> SANS-401-Wireless,Aircrack-ng,Wireshark(401.1)-11.png
[2026-02-08 14:27:03] [INFO]     + Will rename: Pastedimage20240621172422.png
[2026-02-08 14:27:03] [INFO]       -> SANS-401-Wireless,Aircrack-ng,Wireshark(401.1)-12.png
[2026-02-08 14:27:03] [INFO] 
[File] cyber-security\SANS-401\SANS-401-E7- Defense-in-Depth (401.2).md
[2026-02-08 14:27:03] [INFO]   Found 9 image(s)
[2026-02-08 14:27:03] [INFO]     + Will rename: SANS-401-Defense-in-Depth(401.2
[2026-02-08 14:27:03] [INFO]       -> SANS-401-Defense-in-Depth(401.2)-1.2
[2026-02-08 14:27:03] [WARNING]     Warning: Image SANS-401-Defense-in-Depth(401.2 has conflicting new names:
[2026-02-08 14:27:03] [WARNING]       Existing: SANS-401-Defense-in-Depth(401.2)-1.2
[2026-02-08 14:27:03] [WARNING]       New: SANS-401-Defense-in-Depth(401.2)-2.2
[2026-02-08 14:27:03] [WARNING]       Keeping: SANS-401-Defense-in-Depth(401.2)-1.2
[2026-02-08 14:27:03] [WARNING]     Warning: Image SANS-401-Defense-in-Depth(401.2 has conflicting new names:
[2026-02-08 14:27:03] [WARNING]       Existing: SANS-401-Defense-in-Depth(401.2)-1.2
[2026-02-08 14:27:03] [WARNING]       New: SANS-401-Defense-in-Depth(401.2)-3.2
[2026-02-08 14:27:03] [WARNING]       Keeping: SANS-401-Defense-in-Depth(401.2)-1.2
[2026-02-08 14:27:03] [WARNING]     Warning: Image SANS-401-Defense-in-Depth(401.2 has conflicting new names:
[2026-02-08 14:27:03] [WARNING]       Existing: SANS-401-Defense-in-Depth(401.2)-1.2
[2026-02-08 14:27:03] [WARNING]       New: SANS-401-Defense-in-Depth(401.2)-4.2
[2026-02-08 14:27:03] [WARNING]       Keeping: SANS-401-Defense-in-Depth(401.2)-1.2
[2026-02-08 14:27:03] [WARNING]     Warning: Image SANS-401-Defense-in-Depth(401.2 has conflicting new names:
[2026-02-08 14:27:03] [WARNING]       Existing: SANS-401-Defense-in-Depth(401.2)-1.2
[2026-02-08 14:27:03] [WARNING]       New: SANS-401-Defense-in-Depth(401.2)-5.2
[2026-02-08 14:27:03] [WARNING]       Keeping: SANS-401-Defense-in-Depth(401.2)-1.2
[2026-02-08 14:27:03] [WARNING]     Warning: Image SANS-401-Defense-in-Depth(401.2 has conflicting new names:
[2026-02-08 14:27:03] [WARNING]       Existing: SANS-401-Defense-in-Depth(401.2)-1.2
[2026-02-08 14:27:03] [WARNING]       New: SANS-401-Defense-in-Depth(401.2)-6.2
[2026-02-08 14:27:03] [WARNING]       Keeping: SANS-401-Defense-in-Depth(401.2)-1.2
[2026-02-08 14:27:03] [WARNING]     Warning: Image SANS-401-Defense-in-Depth(401.2 has conflicting new names:
[2026-02-08 14:27:03] [WARNING]       Existing: SANS-401-Defense-in-Depth(401.2)-1.2
[2026-02-08 14:27:03] [WARNING]       New: SANS-401-Defense-in-Depth(401.2)-7.2
[2026-02-08 14:27:03] [WARNING]       Keeping: SANS-401-Defense-in-Depth(401.2)-1.2
[2026-02-08 14:27:03] [WARNING]     Warning: Image SANS-401-Defense-in-Depth(401.2 has conflicting new names:
[2026-02-08 14:27:03] [WARNING]       Existing: SANS-401-Defense-in-Depth(401.2)-1.2
[2026-02-08 14:27:03] [WARNING]       New: SANS-401-Defense-in-Depth(401.2)-8.2
[2026-02-08 14:27:03] [WARNING]       Keeping: SANS-401-Defense-in-Depth(401.2)-1.2
[2026-02-08 14:27:03] [WARNING]     Warning: Image SANS-401-Defense-in-Depth(401.2 has conflicting new names:
[2026-02-08 14:27:03] [WARNING]       Existing: SANS-401-Defense-in-Depth(401.2)-1.2
[2026-02-08 14:27:03] [WARNING]       New: SANS-401-Defense-in-Depth(401.2)-9.2
[2026-02-08 14:27:03] [WARNING]       Keeping: SANS-401-Defense-in-Depth(401.2)-1.2
[2026-02-08 14:27:03] [INFO] 
[File] cyber-security\SANS-401\SANS-401-E8, E9 - Password Cracking.md
[2026-02-08 14:27:03] [INFO]   Found 30 image(s)
[2026-02-08 14:27:03] [INFO]     > Already processed: SANS-401-PasswordCracking-1.png
[2026-02-08 14:27:03] [INFO]     > Already processed: SANS-401-PasswordCracking-2.png
[2026-02-08 14:27:03] [INFO]     > Already processed: SANS-401-PasswordCracking-3.png
[2026-02-08 14:27:03] [INFO]     > Already processed: SANS-401-PasswordCracking-4.png
[2026-02-08 14:27:03] [INFO]     > Already processed: SANS-401-PasswordCracking-5.png
[2026-02-08 14:27:03] [INFO]     > Already processed: SANS-401-PasswordCracking-6.png
[2026-02-08 14:27:03] [INFO]     > Already processed: SANS-401-PasswordCracking-7.png
[2026-02-08 14:27:03] [INFO]     > Already processed: SANS-401-PasswordCracking-8.png
[2026-02-08 14:27:03] [INFO]     > Already processed: SANS-401-PasswordCracking-9.png
[2026-02-08 14:27:03] [INFO]     > Already processed: SANS-401-PasswordCracking-10.png
[2026-02-08 14:27:03] [INFO]     > Already processed: SANS-401-PasswordCracking-11.png
[2026-02-08 14:27:03] [INFO]     > Already processed: SANS-401-PasswordCracking-12.png
[2026-02-08 14:27:03] [INFO]     > Already processed: SANS-401-PasswordCracking-13.png
[2026-02-08 14:27:03] [INFO]     > Already processed: SANS-401-PasswordCracking-14.png
[2026-02-08 14:27:03] [INFO]     > Already processed: SANS-401-PasswordCracking-15.png
[2026-02-08 14:27:03] [INFO]     > Already processed: SANS-401-PasswordCracking-16.png
[2026-02-08 14:27:03] [INFO]     > Already processed: SANS-401-PasswordCracking-17.png
[2026-02-08 14:27:03] [INFO]     > Already processed: SANS-401-PasswordCracking-18.png
[2026-02-08 14:27:03] [INFO]     > Already processed: SANS-401-PasswordCracking-19.png
[2026-02-08 14:27:03] [INFO]     > Already processed: SANS-401-PasswordCracking-20.png
[2026-02-08 14:27:03] [INFO]     > Already processed: SANS-401-PasswordCracking-21.png
[2026-02-08 14:27:03] [INFO]     > Already processed: SANS-401-PasswordCracking-22.png
[2026-02-08 14:27:03] [INFO]     > Already processed: SANS-401-PasswordCracking-23.png
[2026-02-08 14:27:03] [INFO]     > Already processed: SANS-401-PasswordCracking-24.png
[2026-02-08 14:27:03] [INFO]     > Already processed: SANS-401-PasswordCracking-25.png
[2026-02-08 14:27:03] [INFO]     > Already processed: SANS-401-PasswordCracking-26.png
[2026-02-08 14:27:03] [INFO]     > Already processed: SANS-401-PasswordCracking-27.png
[2026-02-08 14:27:03] [INFO]     > Already processed: SANS-401-PasswordCracking-28.png
[2026-02-08 14:27:03] [INFO]     > Already processed: SANS-401-PasswordCracking-29.png
[2026-02-08 14:27:03] [INFO]     > Already processed: SANS-401-PasswordCracking-30.png
[2026-02-08 14:27:03] [INFO] 
[File] linux\60 Commands Hacker Should Know it.md
[2026-02-08 14:27:03] [INFO]   Found 24 image(s)
[2026-02-08 14:27:03] [INFO]     > Already processed: 60CommandsHackerShouldKnowit-1.png
[2026-02-08 14:27:03] [INFO]     > Already processed: 60CommandsHackerShouldKnowit-2.png
[2026-02-08 14:27:03] [INFO]     > Already processed: 60CommandsHackerShouldKnowit-3.png
[2026-02-08 14:27:03] [INFO]     > Already processed: 60CommandsHackerShouldKnowit-4.png
[2026-02-08 14:27:03] [INFO]     > Already processed: 60CommandsHackerShouldKnowit-5.png
[2026-02-08 14:27:03] [INFO]     > Already processed: 60CommandsHackerShouldKnowit-6.png
[2026-02-08 14:27:03] [INFO]     > Already processed: 60CommandsHackerShouldKnowit-7.png
[2026-02-08 14:27:03] [INFO]     > Already processed: 60CommandsHackerShouldKnowit-8.png
[2026-02-08 14:27:03] [INFO]     > Already processed: 60CommandsHackerShouldKnowit-9.png
[2026-02-08 14:27:03] [INFO]     > Already processed: 60CommandsHackerShouldKnowit-10.png
[2026-02-08 14:27:03] [INFO]     > Already processed: 60CommandsHackerShouldKnowit-11.png
[2026-02-08 14:27:03] [INFO]     > Already processed: 60CommandsHackerShouldKnowit-12.png
[2026-02-08 14:27:03] [INFO]     > Already processed: 60CommandsHackerShouldKnowit-13.png
[2026-02-08 14:27:03] [INFO]     > Already processed: 60CommandsHackerShouldKnowit-14.png
[2026-02-08 14:27:03] [INFO]     > Already processed: 60CommandsHackerShouldKnowit-15.png
[2026-02-08 14:27:03] [INFO]     > Already processed: 60CommandsHackerShouldKnowit-16.png
[2026-02-08 14:27:03] [INFO]     > Already processed: 60CommandsHackerShouldKnowit-17.png
[2026-02-08 14:27:03] [INFO]     > Already processed: 60CommandsHackerShouldKnowit-18.png
[2026-02-08 14:27:03] [INFO]     > Already processed: 60CommandsHackerShouldKnowit-19.png
[2026-02-08 14:27:03] [INFO]     > Already processed: 60CommandsHackerShouldKnowit-20.png
[2026-02-08 14:27:03] [INFO]     > Already processed: 60CommandsHackerShouldKnowit-21.png
[2026-02-08 14:27:03] [INFO]     > Already processed: 60CommandsHackerShouldKnowit-22.png
[2026-02-08 14:27:03] [INFO]     > Already processed: 60CommandsHackerShouldKnowit-23.png
[2026-02-08 14:27:03] [INFO]     > Already processed: 60CommandsHackerShouldKnowit-24.png
[2026-02-08 14:27:03] [INFO] 
[File] python\Dir-Buster-Module.md
[2026-02-08 14:27:03] [INFO] 
[File] seo\0-SEO-Theories\E1 to E5 - SEO Intro, Search Engines, Keywords.md
[2026-02-08 14:27:03] [INFO]   Found 11 image(s)
[2026-02-08 14:27:03] [INFO]     > Already processed: SEOIntro,SearchEngines,Keywords-1.png
[2026-02-08 14:27:03] [INFO]     > Already processed: SEOIntro,SearchEngines,Keywords-2.png
[2026-02-08 14:27:03] [INFO]     > Already processed: SEOIntro,SearchEngines,Keywords-3.png
[2026-02-08 14:27:03] [INFO]     > Already processed: SEOIntro,SearchEngines,Keywords-4.png
[2026-02-08 14:27:03] [INFO]     > Already processed: SEOIntro,SearchEngines,Keywords-5.png
[2026-02-08 14:27:03] [INFO]     > Already processed: SEOIntro,SearchEngines,Keywords-6.png
[2026-02-08 14:27:03] [INFO]     > Already processed: SEOIntro,SearchEngines,Keywords-7.png
[2026-02-08 14:27:03] [INFO]     > Already processed: SEOIntro,SearchEngines,Keywords-8.png
[2026-02-08 14:27:03] [INFO]     > Already processed: SEOIntro,SearchEngines,Keywords-9.png
[2026-02-08 14:27:03] [INFO]     > Already processed: SEOIntro,SearchEngines,Keywords-10.png
[2026-02-08 14:27:03] [INFO]     > Already processed: SEOIntro,SearchEngines,Keywords-11.png
[2026-02-08 14:27:03] [INFO] 
[File] seo\0-SEO-Theories\E10, E11, - Content SEO, Important Website Pages.md
[2026-02-08 14:27:03] [INFO]   Found 10 image(s)
[2026-02-08 14:27:03] [INFO]     > Already processed: ContentSEO,ImportantWebsitePages-1.png
[2026-02-08 14:27:03] [INFO]     > Already processed: ContentSEO,ImportantWebsitePages-2.png
[2026-02-08 14:27:03] [INFO]     > Already processed: ContentSEO,ImportantWebsitePages-3.png
[2026-02-08 14:27:03] [INFO]     > Already processed: ContentSEO,ImportantWebsitePages-4.png
[2026-02-08 14:27:03] [INFO]     > Already processed: ContentSEO,ImportantWebsitePages-5.png
[2026-02-08 14:27:03] [INFO]     > Already processed: ContentSEO,ImportantWebsitePages-6.png
[2026-02-08 14:27:03] [INFO]     > Already processed: ContentSEO,ImportantWebsitePages-7.png
[2026-02-08 14:27:03] [INFO]     > Already processed: ContentSEO,ImportantWebsitePages-8.png
[2026-02-08 14:27:03] [INFO]     > Already processed: ContentSEO,ImportantWebsitePages-9.png
[2026-02-08 14:27:03] [INFO]     > Already processed: ContentSEO,ImportantWebsitePages-10.png
[2026-02-08 14:27:03] [INFO] 
[File] seo\0-SEO-Theories\E12- Woorank(Check Website SEO).md
[2026-02-08 14:27:03] [INFO]   Found 12 image(s)
[2026-02-08 14:27:03] [INFO]     + Will rename: Woorank(CheckWebsiteSEO
[2026-02-08 14:27:03] [INFO]       -> Woorank(CheckWebsiteSEO)-1
[2026-02-08 14:27:03] [WARNING]     Warning: Image Woorank(CheckWebsiteSEO has conflicting new names:
[2026-02-08 14:27:03] [WARNING]       Existing: Woorank(CheckWebsiteSEO)-1
[2026-02-08 14:27:03] [WARNING]       New: Woorank(CheckWebsiteSEO)-2
[2026-02-08 14:27:03] [WARNING]       Keeping: Woorank(CheckWebsiteSEO)-1
[2026-02-08 14:27:03] [WARNING]     Warning: Image Woorank(CheckWebsiteSEO has conflicting new names:
[2026-02-08 14:27:03] [WARNING]       Existing: Woorank(CheckWebsiteSEO)-1
[2026-02-08 14:27:03] [WARNING]       New: Woorank(CheckWebsiteSEO)-3
[2026-02-08 14:27:03] [WARNING]       Keeping: Woorank(CheckWebsiteSEO)-1
[2026-02-08 14:27:03] [WARNING]     Warning: Image Woorank(CheckWebsiteSEO has conflicting new names:
[2026-02-08 14:27:03] [WARNING]       Existing: Woorank(CheckWebsiteSEO)-1
[2026-02-08 14:27:03] [WARNING]       New: Woorank(CheckWebsiteSEO)-4
[2026-02-08 14:27:03] [WARNING]       Keeping: Woorank(CheckWebsiteSEO)-1
[2026-02-08 14:27:03] [WARNING]     Warning: Image Woorank(CheckWebsiteSEO has conflicting new names:
[2026-02-08 14:27:03] [WARNING]       Existing: Woorank(CheckWebsiteSEO)-1
[2026-02-08 14:27:03] [WARNING]       New: Woorank(CheckWebsiteSEO)-5
[2026-02-08 14:27:03] [WARNING]       Keeping: Woorank(CheckWebsiteSEO)-1
[2026-02-08 14:27:03] [WARNING]     Warning: Image Woorank(CheckWebsiteSEO has conflicting new names:
[2026-02-08 14:27:03] [WARNING]       Existing: Woorank(CheckWebsiteSEO)-1
[2026-02-08 14:27:03] [WARNING]       New: Woorank(CheckWebsiteSEO)-6
[2026-02-08 14:27:03] [WARNING]       Keeping: Woorank(CheckWebsiteSEO)-1
[2026-02-08 14:27:03] [WARNING]     Warning: Image Woorank(CheckWebsiteSEO has conflicting new names:
[2026-02-08 14:27:03] [WARNING]       Existing: Woorank(CheckWebsiteSEO)-1
[2026-02-08 14:27:03] [WARNING]       New: Woorank(CheckWebsiteSEO)-7
[2026-02-08 14:27:03] [WARNING]       Keeping: Woorank(CheckWebsiteSEO)-1
[2026-02-08 14:27:03] [WARNING]     Warning: Image Woorank(CheckWebsiteSEO has conflicting new names:
[2026-02-08 14:27:03] [WARNING]       Existing: Woorank(CheckWebsiteSEO)-1
[2026-02-08 14:27:03] [WARNING]       New: Woorank(CheckWebsiteSEO)-8
[2026-02-08 14:27:03] [WARNING]       Keeping: Woorank(CheckWebsiteSEO)-1
[2026-02-08 14:27:03] [WARNING]     Warning: Image Woorank(CheckWebsiteSEO has conflicting new names:
[2026-02-08 14:27:03] [WARNING]       Existing: Woorank(CheckWebsiteSEO)-1
[2026-02-08 14:27:03] [WARNING]       New: Woorank(CheckWebsiteSEO)-9
[2026-02-08 14:27:03] [WARNING]       Keeping: Woorank(CheckWebsiteSEO)-1
[2026-02-08 14:27:03] [WARNING]     Warning: Image Woorank(CheckWebsiteSEO has conflicting new names:
[2026-02-08 14:27:03] [WARNING]       Existing: Woorank(CheckWebsiteSEO)-1
[2026-02-08 14:27:03] [WARNING]       New: Woorank(CheckWebsiteSEO)-10
[2026-02-08 14:27:03] [WARNING]       Keeping: Woorank(CheckWebsiteSEO)-1
[2026-02-08 14:27:03] [WARNING]     Warning: Image Woorank(CheckWebsiteSEO has conflicting new names:
[2026-02-08 14:27:03] [WARNING]       Existing: Woorank(CheckWebsiteSEO)-1
[2026-02-08 14:27:03] [WARNING]       New: Woorank(CheckWebsiteSEO)-11
[2026-02-08 14:27:03] [WARNING]       Keeping: Woorank(CheckWebsiteSEO)-1
[2026-02-08 14:27:03] [WARNING]     Warning: Image Woorank(CheckWebsiteSEO has conflicting new names:
[2026-02-08 14:27:03] [WARNING]       Existing: Woorank(CheckWebsiteSEO)-1
[2026-02-08 14:27:03] [WARNING]       New: Woorank(CheckWebsiteSEO)-12
[2026-02-08 14:27:03] [WARNING]       Keeping: Woorank(CheckWebsiteSEO)-1
[2026-02-08 14:27:03] [INFO] 
[File] seo\0-SEO-Theories\E13 - Good Contents for SEO.md
[2026-02-08 14:27:03] [INFO]   Found 3 image(s)
[2026-02-08 14:27:03] [INFO]     > Already processed: GoodContentsforSEO-1.png
[2026-02-08 14:27:03] [INFO]     > Already processed: GoodContentsforSEO-2.png
[2026-02-08 14:27:03] [INFO]     > Already processed: GoodContentsforSEO-3.png
[2026-02-08 14:27:03] [INFO] 
[File] seo\0-SEO-Theories\E14 - Links in SEO(Internal & External).md
[2026-02-08 14:27:03] [INFO] 
[File] seo\0-SEO-Theories\E15 - Page Rank.md
[2026-02-08 14:27:03] [INFO]   Found 2 image(s)
[2026-02-08 14:27:03] [INFO]     > Already processed: PageRank-1.png
[2026-02-08 14:27:03] [INFO]     > Already processed: PageRank-2.png
[2026-02-08 14:27:03] [INFO] 
[File] seo\0-SEO-Theories\E16 - Page Authority & Domain Authority.md
[2026-02-08 14:27:03] [INFO]   Found 3 image(s)
[2026-02-08 14:27:03] [INFO]     > Already processed: PageAuthority&DomainAuthority-1.png
[2026-02-08 14:27:03] [INFO]     > Already processed: PageAuthority&DomainAuthority-2.png
[2026-02-08 14:27:03] [INFO]     > Already processed: PageAuthority&DomainAuthority-3.png
[2026-02-08 14:27:03] [INFO] 
[File] seo\0-SEO-Theories\E17 - Backlinks.md
[2026-02-08 14:27:03] [INFO]   Found 1 image(s)
[2026-02-08 14:27:03] [INFO]     > Already processed: Backlinks-1.png
[2026-02-08 14:27:03] [INFO] 
[File] seo\0-SEO-Theories\E6 to E9 - Find Keywords,  Website Structure & Necessary HTML Tags for SEO.md
[2026-02-08 14:27:03] [INFO]   Found 33 image(s)
[2026-02-08 14:27:03] [INFO]     > Already processed: FindKeywords,WebsiteStructure&NecessaryHTMLTagsforSEO-1.png
[2026-02-08 14:27:03] [INFO]     > Already processed: FindKeywords,WebsiteStructure&NecessaryHTMLTagsforSEO-2.png
[2026-02-08 14:27:03] [INFO]     > Already processed: FindKeywords,WebsiteStructure&NecessaryHTMLTagsforSEO-3.png
[2026-02-08 14:27:03] [INFO]     > Already processed: FindKeywords,WebsiteStructure&NecessaryHTMLTagsforSEO-4.png
[2026-02-08 14:27:03] [INFO]     > Already processed: FindKeywords,WebsiteStructure&NecessaryHTMLTagsforSEO-5.png
[2026-02-08 14:27:03] [INFO]     > Already processed: FindKeywords,WebsiteStructure&NecessaryHTMLTagsforSEO-6.png
[2026-02-08 14:27:03] [INFO]     > Already processed: FindKeywords,WebsiteStructure&NecessaryHTMLTagsforSEO-7.png
[2026-02-08 14:27:03] [INFO]     > Already processed: FindKeywords,WebsiteStructure&NecessaryHTMLTagsforSEO-8.png
[2026-02-08 14:27:03] [INFO]     > Already processed: FindKeywords,WebsiteStructure&NecessaryHTMLTagsforSEO-9.png
[2026-02-08 14:27:03] [INFO]     > Already processed: FindKeywords,WebsiteStructure&NecessaryHTMLTagsforSEO-10.png
[2026-02-08 14:27:03] [INFO]     > Already processed: FindKeywords,WebsiteStructure&NecessaryHTMLTagsforSEO-11.png
[2026-02-08 14:27:03] [INFO]     > Already processed: FindKeywords,WebsiteStructure&NecessaryHTMLTagsforSEO-12.png
[2026-02-08 14:27:03] [INFO]     > Already processed: FindKeywords,WebsiteStructure&NecessaryHTMLTagsforSEO-13.png
[2026-02-08 14:27:03] [INFO]     > Already processed: FindKeywords,WebsiteStructure&NecessaryHTMLTagsforSEO-14.png
[2026-02-08 14:27:03] [INFO]     > Already processed: FindKeywords,WebsiteStructure&NecessaryHTMLTagsforSEO-15.png
[2026-02-08 14:27:03] [INFO]     > Already processed: FindKeywords,WebsiteStructure&NecessaryHTMLTagsforSEO-16.png
[2026-02-08 14:27:03] [INFO]     > Already processed: FindKeywords,WebsiteStructure&NecessaryHTMLTagsforSEO-17.png
[2026-02-08 14:27:03] [INFO]     > Already processed: FindKeywords,WebsiteStructure&NecessaryHTMLTagsforSEO-18.png
[2026-02-08 14:27:03] [INFO]     > Already processed: FindKeywords,WebsiteStructure&NecessaryHTMLTagsforSEO-19.png
[2026-02-08 14:27:03] [INFO]     > Already processed: FindKeywords,WebsiteStructure&NecessaryHTMLTagsforSEO-20.png
[2026-02-08 14:27:03] [INFO]     > Already processed: FindKeywords,WebsiteStructure&NecessaryHTMLTagsforSEO-21.png
[2026-02-08 14:27:03] [INFO]     > Already processed: FindKeywords,WebsiteStructure&NecessaryHTMLTagsforSEO-22.png
[2026-02-08 14:27:03] [INFO]     > Already processed: FindKeywords,WebsiteStructure&NecessaryHTMLTagsforSEO-23.png
[2026-02-08 14:27:03] [INFO]     > Already processed: FindKeywords,WebsiteStructure&NecessaryHTMLTagsforSEO-24.png
[2026-02-08 14:27:03] [INFO]     > Already processed: FindKeywords,WebsiteStructure&NecessaryHTMLTagsforSEO-25.png
[2026-02-08 14:27:03] [INFO]     > Already processed: FindKeywords,WebsiteStructure&NecessaryHTMLTagsforSEO-26.png
[2026-02-08 14:27:03] [INFO]     > Already processed: FindKeywords,WebsiteStructure&NecessaryHTMLTagsforSEO-27.png
[2026-02-08 14:27:03] [INFO]     > Already processed: FindKeywords,WebsiteStructure&NecessaryHTMLTagsforSEO-28.png
[2026-02-08 14:27:03] [INFO]     > Already processed: FindKeywords,WebsiteStructure&NecessaryHTMLTagsforSEO-29.png
[2026-02-08 14:27:03] [INFO]     > Already processed: FindKeywords,WebsiteStructure&NecessaryHTMLTagsforSEO-30.png
[2026-02-08 14:27:03] [INFO]     > Already processed: FindKeywords,WebsiteStructure&NecessaryHTMLTagsforSEO-31.png
[2026-02-08 14:27:03] [INFO]     > Already processed: FindKeywords,WebsiteStructure&NecessaryHTMLTagsforSEO-32.png
[2026-02-08 14:27:03] [INFO]     > Already processed: FindKeywords,WebsiteStructure&NecessaryHTMLTagsforSEO-33.png
[2026-02-08 14:27:03] [INFO] 
[File] tools\MSFConsole Commands.md
[2026-02-08 14:27:03] [INFO]   Found 43 image(s)
[2026-02-08 14:27:03] [INFO]     > Already processed: MSFConsoleCommands-1.png
[2026-02-08 14:27:03] [INFO]     > Already processed: MSFConsoleCommands-2.png
[2026-02-08 14:27:03] [INFO]     > Already processed: MSFConsoleCommands-3.png
[2026-02-08 14:27:03] [INFO]     > Already processed: MSFConsoleCommands-4.png
[2026-02-08 14:27:03] [INFO]     > Already processed: MSFConsoleCommands-5.png
[2026-02-08 14:27:03] [INFO]     > Already processed: MSFConsoleCommands-6.png
[2026-02-08 14:27:03] [INFO]     > Already processed: MSFConsoleCommands-7.png
[2026-02-08 14:27:03] [INFO]     > Already processed: MSFConsoleCommands-8.png
[2026-02-08 14:27:03] [INFO]     > Already processed: MSFConsoleCommands-9.png
[2026-02-08 14:27:03] [INFO]     > Already processed: MSFConsoleCommands-10.png
[2026-02-08 14:27:03] [INFO]     > Already processed: MSFConsoleCommands-11.png
[2026-02-08 14:27:03] [INFO]     > Already processed: MSFConsoleCommands-12.png
[2026-02-08 14:27:03] [INFO]     > Already processed: MSFConsoleCommands-13.png
[2026-02-08 14:27:03] [INFO]     > Already processed: MSFConsoleCommands-14.png
[2026-02-08 14:27:03] [INFO]     > Already processed: MSFConsoleCommands-15.png
[2026-02-08 14:27:03] [INFO]     > Already processed: MSFConsoleCommands-16.png
[2026-02-08 14:27:03] [INFO]     > Already processed: MSFConsoleCommands-17.png
[2026-02-08 14:27:03] [INFO]     > Already processed: MSFConsoleCommands-18.png
[2026-02-08 14:27:03] [INFO]     > Already processed: MSFConsoleCommands-19.png
[2026-02-08 14:27:03] [INFO]     > Already processed: MSFConsoleCommands-20.png
[2026-02-08 14:27:03] [INFO]     > Already processed: MSFConsoleCommands-21.png
[2026-02-08 14:27:03] [INFO]     > Already processed: MSFConsoleCommands-22.png
[2026-02-08 14:27:03] [INFO]     > Already processed: MSFConsoleCommands-23.png
[2026-02-08 14:27:03] [INFO]     > Already processed: MSFConsoleCommands-24.png
[2026-02-08 14:27:03] [INFO]     > Already processed: MSFConsoleCommands-25.png
[2026-02-08 14:27:03] [INFO]     > Already processed: MSFConsoleCommands-26.png
[2026-02-08 14:27:03] [INFO]     > Already processed: MSFConsoleCommands-27.png
[2026-02-08 14:27:03] [INFO]     > Already processed: MSFConsoleCommands-28.png
[2026-02-08 14:27:03] [INFO]     > Already processed: MSFConsoleCommands-29.png
[2026-02-08 14:27:03] [INFO]     > Already processed: MSFConsoleCommands-30.png
[2026-02-08 14:27:03] [INFO]     > Already processed: MSFConsoleCommands-31.png
[2026-02-08 14:27:03] [INFO]     > Already processed: MSFConsoleCommands-32.png
[2026-02-08 14:27:03] [INFO]     > Already processed: MSFConsoleCommands-33.png
[2026-02-08 14:27:03] [INFO]     > Already processed: MSFConsoleCommands-34.png
[2026-02-08 14:27:03] [INFO]     > Already processed: MSFConsoleCommands-35.png
[2026-02-08 14:27:03] [INFO]     > Already processed: MSFConsoleCommands-36.png
[2026-02-08 14:27:03] [INFO]     > Already processed: MSFConsoleCommands-37.png
[2026-02-08 14:27:03] [INFO]     > Already processed: MSFConsoleCommands-38.png
[2026-02-08 14:27:03] [INFO]     > Already processed: MSFConsoleCommands-39.png
[2026-02-08 14:27:03] [INFO]     > Already processed: MSFConsoleCommands-40.png
[2026-02-08 14:27:03] [INFO]     > Already processed: MSFConsoleCommands-41.png
[2026-02-08 14:27:03] [INFO]     > Already processed: MSFConsoleCommands-42.png
[2026-02-08 14:27:03] [INFO]     > Already processed: MSFConsoleCommands-43.png
[2026-02-08 14:27:03] [INFO] 
[File] tools\Burpsuite\1-Install Burpsuite.md
[2026-02-08 14:27:03] [INFO]   Found 12 image(s)
[2026-02-08 14:27:03] [INFO]     > Already processed: 1-InstallBurpsuite-1.png
[2026-02-08 14:27:03] [INFO]     > Already processed: 1-InstallBurpsuite-2.png
[2026-02-08 14:27:03] [INFO]     > Already processed: 1-InstallBurpsuite-3.png
[2026-02-08 14:27:03] [INFO]     > Already processed: 1-InstallBurpsuite-4.png
[2026-02-08 14:27:03] [INFO]     > Already processed: 1-InstallBurpsuite-5.png
[2026-02-08 14:27:03] [INFO]     > Already processed: 1-InstallBurpsuite-6.png
[2026-02-08 14:27:03] [INFO]     > Already processed: 1-InstallBurpsuite-7.png
[2026-02-08 14:27:03] [INFO]     > Already processed: 1-InstallBurpsuite-8.png
[2026-02-08 14:27:03] [INFO]     > Already processed: 1-InstallBurpsuite-9.png
[2026-02-08 14:27:03] [INFO]     > Already processed: 1-InstallBurpsuite-10.png
[2026-02-08 14:27:03] [INFO]     > Already processed: 1-InstallBurpsuite-11.png
[2026-02-08 14:27:03] [INFO]     > Already processed: 1-InstallBurpsuite-12.png
[2026-02-08 14:27:03] [INFO] 
[File] tools\Burpsuite\2-Change HTTP Data & Bypass Parameters.md
[2026-02-08 14:27:03] [INFO]   Found 6 image(s)
[2026-02-08 14:27:03] [INFO]     > Already processed: 2-ChangeHTTPData&BypassParameters-1.png
[2026-02-08 14:27:03] [INFO]     > Already processed: 2-ChangeHTTPData&BypassParameters-2.png
[2026-02-08 14:27:03] [INFO]     > Already processed: 2-ChangeHTTPData&BypassParameters-3.png
[2026-02-08 14:27:03] [INFO]     > Already processed: 2-ChangeHTTPData&BypassParameters-4.png
[2026-02-08 14:27:03] [INFO]     > Already processed: 2-ChangeHTTPData&BypassParameters-5.png
[2026-02-08 14:27:03] [INFO]     > Already processed: 2-ChangeHTTPData&BypassParameters-6.png
[2026-02-08 14:27:03] [INFO] 
[JSON] Saved 55 total mappings to images_rename_mapping.json
[2026-02-08 14:27:03] [INFO]        (54 new mappings added)
[2026-02-08 14:27:03] [INFO] 
============================================================
[2026-02-08 14:27:03] [INFO] PHASE 2: Renaming physical image files...
[2026-02-08 14:27:03] [INFO] ============================================================
[2026-02-08 14:27:03] [INFO] Processing 54 file(s)
[2026-02-08 14:27:03] [INFO] 
[Category] cyber-security
[2026-02-08 14:27:03] [INFO]   + Renamed: Pastedimage20250713164152.png
[2026-02-08 14:27:03] [INFO]     -> Basic-Encryption-1.png
[2026-02-08 14:27:03] [INFO]   + Renamed: Pastedimage20250713165744.png
[2026-02-08 14:27:03] [INFO]     -> Basic-Encryption-2.png
[2026-02-08 14:27:03] [INFO]   + Renamed: Pastedimage20250713170247.png
[2026-02-08 14:27:03] [INFO]     -> Basic-Encryption-3.png
[2026-02-08 14:27:03] [INFO]   + Renamed: Pastedimage20250713171340.png
[2026-02-08 14:27:03] [INFO]     -> Basic-Encryption-4.png
[2026-02-08 14:27:03] [INFO]   + Renamed: Pastedimage20250713172246.png
[2026-02-08 14:27:03] [INFO]     -> Basic-Encryption-5.png
[2026-02-08 14:27:03] [INFO]   + Renamed: Pastedimage20250713172811.png
[2026-02-08 14:27:03] [INFO]     -> Basic-Encryption-6.png
[2026-02-08 14:27:03] [INFO]   + Renamed: Pastedimage20250713181517.png
[2026-02-08 14:27:03] [INFO]     -> Basic-Encryption-7.png
[2026-02-08 14:27:03] [INFO]   + Renamed: Pastedimage20250713181952.png
[2026-02-08 14:27:03] [INFO]     -> Basic-Encryption-8.png
[2026-02-08 14:27:03] [INFO]   + Renamed: Pastedimage20250713181931.png
[2026-02-08 14:27:03] [INFO]     -> Basic-Encryption-9.png
[2026-02-08 14:27:03] [INFO]   + Renamed: Pastedimage20250713182443.png
[2026-02-08 14:27:03] [INFO]     -> Basic-Encryption-10.png
[2026-02-08 14:27:03] [INFO]   + Renamed: Pastedimage20250713182430.png
[2026-02-08 14:27:03] [INFO]     -> Basic-Encryption-11.png
[2026-02-08 14:27:03] [INFO]   + Renamed: Pastedimage20250713182716.png
[2026-02-08 14:27:03] [INFO]     -> Basic-Encryption-12.png
[2026-02-08 14:27:03] [INFO]   + Renamed: Pastedimage20250713185909.png
[2026-02-08 14:27:03] [INFO]     -> Basic-Encryption-13.png
[2026-02-08 14:27:03] [INFO]   + Renamed: Pastedimage20250713190307.png
[2026-02-08 14:27:03] [INFO]     -> Basic-Encryption-14.png
[2026-02-08 14:27:03] [INFO]   + Renamed: Pastedimage20250713190542.png
[2026-02-08 14:27:03] [INFO]     -> Basic-Encryption-15.png
[2026-02-08 14:27:03] [INFO]   + Renamed: Pastedimage20250715174328.png
[2026-02-08 14:27:03] [INFO]     -> Basic-Encryption-16.png
[2026-02-08 14:27:03] [INFO]   + Renamed: Pastedimage20250715174640.png
[2026-02-08 14:27:03] [INFO]     -> Basic-Encryption-17.png
[2026-02-08 14:27:03] [INFO]   + Renamed: Pastedimage20250715174808.png
[2026-02-08 14:27:03] [INFO]     -> Basic-Encryption-18.png
[2026-02-08 14:27:03] [INFO]   + Renamed: Pastedimage20250715175155.png
[2026-02-08 14:27:03] [INFO]     -> Basic-Encryption-19.png
[2026-02-08 14:27:03] [INFO]   + Renamed: Pastedimage20250715180644.png
[2026-02-08 14:27:03] [INFO]     -> Basic-Encryption-20.png
[2026-02-08 14:27:03] [INFO]   + Renamed: Pastedimage20250715182644.png
[2026-02-08 14:27:03] [INFO]     -> Basic-Encryption-21.png
[2026-02-08 14:27:03] [INFO]   + Renamed: Pastedimage20250716164001.png
[2026-02-08 14:27:03] [INFO]     -> Basic-Encryption-22.png
[2026-02-08 14:27:03] [INFO]   + Renamed: Pastedimage20250716164250.png
[2026-02-08 14:27:03] [INFO]     -> Basic-Encryption-23.png
[2026-02-08 14:27:03] [INFO]   + Renamed: Pastedimage20250716164420.png
[2026-02-08 14:27:03] [INFO]     -> Basic-Encryption-24.png
[2026-02-08 14:27:03] [INFO]   + Renamed: Pastedimage20250716164544.png
[2026-02-08 14:27:03] [INFO]     -> Basic-Encryption-25.png
[2026-02-08 14:27:03] [INFO]   + Renamed: Pastedimage20250716165150.png
[2026-02-08 14:27:03] [INFO]     -> Basic-Encryption-26.png
[2026-02-08 14:27:03] [INFO]   + Renamed: Pastedimage20250716165524.png
[2026-02-08 14:27:03] [INFO]     -> Basic-Encryption-27.png
[2026-02-08 14:27:03] [INFO]   + Renamed: Pastedimage20250716165641.png
[2026-02-08 14:27:03] [INFO]     -> Basic-Encryption-28.png
[2026-02-08 14:27:03] [INFO]   + Renamed: Pastedimage20250716165756.png
[2026-02-08 14:27:03] [INFO]     -> Basic-Encryption-29.png
[2026-02-08 14:27:03] [INFO]   + Renamed: Pastedimage20250716170043.png
[2026-02-08 14:27:03] [INFO]     -> Basic-Encryption-30.png
[2026-02-08 14:27:03] [INFO]   + Renamed: Pastedimage20250716170612.png
[2026-02-08 14:27:03] [INFO]     -> Basic-Encryption-31.png
[2026-02-08 14:27:03] [INFO]   + Renamed: Pastedimage20250716170855.png
[2026-02-08 14:27:03] [INFO]     -> Basic-Encryption-32.png
[2026-02-08 14:27:03] [INFO]   + Renamed: Pastedimage20250716172851.png
[2026-02-08 14:27:03] [INFO]     -> Malwares-1.png
[2026-02-08 14:27:03] [INFO]   + Renamed: Pastedimage20250716174502.png
[2026-02-08 14:27:03] [INFO]     -> Malwares-2.png
[2026-02-08 14:27:03] [INFO]   + Renamed: Pastedimage20250716175728.png
[2026-02-08 14:27:03] [INFO]     -> Malwares-3.png
[2026-02-08 14:27:03] [INFO]   + Renamed: Pastedimage20250716180045.png
[2026-02-08 14:27:03] [INFO]     -> Malwares-4.png
[2026-02-08 14:27:03] [INFO]   + Renamed: Pastedimage20250716180357.png
[2026-02-08 14:27:03] [INFO]     -> Malwares-5.png
[2026-02-08 14:27:03] [INFO]   + Renamed: Pastedimage20250716180909.png
[2026-02-08 14:27:03] [INFO]     -> Malwares-6.png
[2026-02-08 14:27:03] [WARNING]   Warning: File not found: SANS-401-NetworkingandProtocols(401.1
[2026-02-08 14:27:03] [WARNING]   Warning: File not found: SANS-401-E3-Virtualization&CloudInfrastructure(401.1
[2026-02-08 14:27:03] [WARNING]   Warning: File not found: Pastedimage20240620203510.png
[2026-02-08 14:27:03] [WARNING]   Warning: File not found: Pastedimage20240620203819.png
[2026-02-08 14:27:03] [WARNING]   Warning: File not found: Pastedimage20240620204019.png
[2026-02-08 14:27:03] [WARNING]   Warning: File not found: Pastedimage20240620204807.png
[2026-02-08 14:27:03] [WARNING]   Warning: File not found: Pastedimage20240620205025.png
[2026-02-08 14:27:03] [WARNING]   Warning: File not found: Pastedimage20240621164752.png
[2026-02-08 14:27:03] [WARNING]   Warning: File not found: Pastedimage20240621165857.png
[2026-02-08 14:27:03] [WARNING]   Warning: File not found: Pastedimage20240621170039.png
[2026-02-08 14:27:03] [WARNING]   Warning: File not found: Pastedimage20240621170041.png
[2026-02-08 14:27:03] [WARNING]   Warning: File not found: Pastedimage20240621170532.png
[2026-02-08 14:27:03] [WARNING]   Warning: File not found: Pastedimage20240621172255.png
[2026-02-08 14:27:03] [WARNING]   Warning: File not found: Pastedimage20240621172422.png
[2026-02-08 14:27:03] [WARNING]   Warning: File not found: SANS-401-Defense-in-Depth(401.2
[2026-02-08 14:27:03] [INFO] 
[Category] seo
[2026-02-08 14:27:03] [WARNING]   Warning: File not found: Woorank(CheckWebsiteSEO
[2026-02-08 14:27:03] [INFO] Saved 508 processed images to processed_images.json
[2026-02-08 14:27:03] [INFO] 
============================================================
[2026-02-08 14:27:03] [INFO] FINAL STATISTICS:
[2026-02-08 14:27:03] [INFO] ============================================================
[2026-02-08 14:27:03] [INFO] Files scanned: 22
[2026-02-08 14:27:03] [INFO] Images found: 284
[2026-02-08 14:27:03] [INFO] Images skipped (already processed): 186
[2026-02-08 14:27:03] [INFO] Images skipped (already correct): 0
[2026-02-08 14:27:03] [INFO] Physical files renamed: 38
[2026-02-08 14:27:03] [INFO] Errors: 0
[2026-02-08 14:27:03] [INFO] Total processed images tracked: 508
[2026-02-08 14:27:03] [INFO] Total mappings in database: 54
[2026-02-08 14:27:03] [INFO] ============================================================
[2026-02-08 14:27:03] [INFO] 
[SUCCESS] Physical images renamed successfully!
[2026-02-08 14:27:03] [INFO] Mapping saved to: images_rename_mapping.json
[2026-02-08 14:27:03] [INFO] Processed images tracked in: processed_images.json
[2026-02-08 14:27:03] [INFO] Full log: images_renamer.log
[2026-02-08 14:27:03] [INFO] 
NEXT STEP: Run image-article-renamer.py to update markdown references
[2026-02-08 14:27:03] [INFO] [Report] Summary report created: images_renamer_report.txt
[2026-02-08 14:27:03] [INFO] 
[COMPLETE] Process finished
[2026-02-08 14:27:03] [INFO] ============================================================

[2026-02-09 15:40:43] [INFO] ============================================================
[2026-02-09 15:40:43] [INFO] Starting image rename process (physical files only)
[2026-02-09 15:40:43] [INFO] ============================================================
[2026-02-09 15:40:43] [INFO] Loaded 579 processed image(s) from processed_images.json
[2026-02-09 15:40:43] [INFO] 
============================================================
[2026-02-09 15:40:43] [INFO] Verifying directories:
[2026-02-09 15:40:43] [INFO] ============================================================
[2026-02-09 15:40:43] [INFO] + Content directory: content
[2026-02-09 15:40:43] [INFO] + Static images directory: static/images
[2026-02-09 15:40:43] [INFO]   Categories: cyber-security, general, linux, network, seo, tools
[2026-02-09 15:40:43] [INFO] ============================================================
[2026-02-09 15:40:43] [INFO] PHASE 1: Scanning markdown files for images...
[2026-02-09 15:40:43] [INFO] ============================================================
[2026-02-09 15:40:43] [INFO] 
[File] cyber-security\Cryptography\Basic-Encryption.md
[2026-02-09 15:40:43] [INFO]   Found 32 image(s)
[2026-02-09 15:40:43] [INFO]     > Already correct: Basic-Encryption-1.png
[2026-02-09 15:40:43] [INFO]     > Already correct: Basic-Encryption-2.png
[2026-02-09 15:40:43] [INFO]     > Already correct: Basic-Encryption-3.png
[2026-02-09 15:40:43] [INFO]     > Already correct: Basic-Encryption-4.png
[2026-02-09 15:40:43] [INFO]     > Already correct: Basic-Encryption-5.png
[2026-02-09 15:40:43] [INFO]     > Already correct: Basic-Encryption-6.png
[2026-02-09 15:40:43] [INFO]     > Already correct: Basic-Encryption-7.png
[2026-02-09 15:40:43] [INFO]     > Already correct: Basic-Encryption-8.png
[2026-02-09 15:40:43] [INFO]     > Already correct: Basic-Encryption-9.png
[2026-02-09 15:40:43] [INFO]     > Already correct: Basic-Encryption-10.png
[2026-02-09 15:40:43] [INFO]     > Already correct: Basic-Encryption-11.png
[2026-02-09 15:40:43] [INFO]     > Already correct: Basic-Encryption-12.png
[2026-02-09 15:40:43] [INFO]     > Already correct: Basic-Encryption-13.png
[2026-02-09 15:40:43] [INFO]     > Already correct: Basic-Encryption-14.png
[2026-02-09 15:40:43] [INFO]     > Already correct: Basic-Encryption-15.png
[2026-02-09 15:40:43] [INFO]     > Already correct: Basic-Encryption-16.png
[2026-02-09 15:40:43] [INFO]     > Already correct: Basic-Encryption-17.png
[2026-02-09 15:40:43] [INFO]     > Already correct: Basic-Encryption-18.png
[2026-02-09 15:40:43] [INFO]     > Already correct: Basic-Encryption-19.png
[2026-02-09 15:40:43] [INFO]     > Already correct: Basic-Encryption-20.png
[2026-02-09 15:40:43] [INFO]     > Already correct: Basic-Encryption-21.png
[2026-02-09 15:40:43] [INFO]     > Already correct: Basic-Encryption-22.png
[2026-02-09 15:40:43] [INFO]     > Already correct: Basic-Encryption-23.png
[2026-02-09 15:40:43] [INFO]     > Already correct: Basic-Encryption-24.png
[2026-02-09 15:40:43] [INFO]     > Already correct: Basic-Encryption-25.png
[2026-02-09 15:40:43] [INFO]     > Already correct: Basic-Encryption-26.png
[2026-02-09 15:40:43] [INFO]     > Already correct: Basic-Encryption-27.png
[2026-02-09 15:40:43] [INFO]     > Already correct: Basic-Encryption-28.png
[2026-02-09 15:40:43] [INFO]     > Already correct: Basic-Encryption-29.png
[2026-02-09 15:40:43] [INFO]     > Already correct: Basic-Encryption-30.png
[2026-02-09 15:40:43] [INFO]     > Already correct: Basic-Encryption-31.png
[2026-02-09 15:40:43] [INFO]     > Already correct: Basic-Encryption-32.png
[2026-02-09 15:40:43] [INFO] 
[File] cyber-security\Cryptography\Malwares.md
[2026-02-09 15:40:43] [INFO]   Found 6 image(s)
[2026-02-09 15:40:43] [INFO]     > Already correct: Malwares-1.png
[2026-02-09 15:40:43] [INFO]     > Already correct: Malwares-2.png
[2026-02-09 15:40:43] [INFO]     > Already correct: Malwares-3.png
[2026-02-09 15:40:43] [INFO]     > Already correct: Malwares-4.png
[2026-02-09 15:40:43] [INFO]     > Already correct: Malwares-5.png
[2026-02-09 15:40:43] [INFO]     > Already correct: Malwares-6.png
[2026-02-09 15:40:43] [INFO] 
[File] cyber-security\SANS-401\SANS-401-E0, E1 - (Introduction & Prepare Lab).md
[2026-02-09 15:40:43] [INFO]   Found 8 image(s)
[2026-02-09 15:40:43] [INFO]     > Already processed: SANS-401.0Introduction&PrepareLab-1.png
[2026-02-09 15:40:43] [INFO]     > Already processed: SANS-401.0Introduction&PrepareLab-2.png
[2026-02-09 15:40:43] [INFO]     > Already processed: SANS-401.0Introduction&PrepareLab-3.png
[2026-02-09 15:40:43] [INFO]     > Already processed: SANS-401.0Introduction&PrepareLab-4.png
[2026-02-09 15:40:43] [INFO]     > Already processed: SANS-401.0Introduction&PrepareLab-5.png
[2026-02-09 15:40:43] [INFO]     > Already processed: SANS-401.0Introduction&PrepareLab-6.png
[2026-02-09 15:40:43] [INFO]     > Already processed: SANS-401.0Introduction&PrepareLab-7.png
[2026-02-09 15:40:43] [INFO]     > Already processed: SANS-401.0Introduction&PrepareLab-8.png
[2026-02-09 15:40:43] [INFO] 
[File] cyber-security\SANS-401\SANS-401-E2 - Networking and Protocols (401.1).md
[2026-02-09 15:40:43] [INFO]   Found 13 image(s)
[2026-02-09 15:40:43] [INFO]     + Will rename: SANS-401-NetworkingandProtocols(401.1
[2026-02-09 15:40:43] [INFO]       -> SANS-401-NetworkingandProtocols(401.1)-1.1
[2026-02-09 15:40:43] [WARNING]     Warning: Image SANS-401-NetworkingandProtocols(401.1 has conflicting new names:
[2026-02-09 15:40:43] [WARNING]       Existing: SANS-401-NetworkingandProtocols(401.1)-1.1
[2026-02-09 15:40:43] [WARNING]       New: SANS-401-NetworkingandProtocols(401.1)-2.1
[2026-02-09 15:40:43] [WARNING]       Keeping: SANS-401-NetworkingandProtocols(401.1)-1.1
[2026-02-09 15:40:43] [WARNING]     Warning: Image SANS-401-NetworkingandProtocols(401.1 has conflicting new names:
[2026-02-09 15:40:43] [WARNING]       Existing: SANS-401-NetworkingandProtocols(401.1)-1.1
[2026-02-09 15:40:43] [WARNING]       New: SANS-401-NetworkingandProtocols(401.1)-3.1
[2026-02-09 15:40:43] [WARNING]       Keeping: SANS-401-NetworkingandProtocols(401.1)-1.1
[2026-02-09 15:40:43] [WARNING]     Warning: Image SANS-401-NetworkingandProtocols(401.1 has conflicting new names:
[2026-02-09 15:40:43] [WARNING]       Existing: SANS-401-NetworkingandProtocols(401.1)-1.1
[2026-02-09 15:40:43] [WARNING]       New: SANS-401-NetworkingandProtocols(401.1)-4.1
[2026-02-09 15:40:43] [WARNING]       Keeping: SANS-401-NetworkingandProtocols(401.1)-1.1
[2026-02-09 15:40:43] [WARNING]     Warning: Image SANS-401-NetworkingandProtocols(401.1 has conflicting new names:
[2026-02-09 15:40:43] [WARNING]       Existing: SANS-401-NetworkingandProtocols(401.1)-1.1
[2026-02-09 15:40:43] [WARNING]       New: SANS-401-NetworkingandProtocols(401.1)-5.1
[2026-02-09 15:40:43] [WARNING]       Keeping: SANS-401-NetworkingandProtocols(401.1)-1.1
[2026-02-09 15:40:43] [WARNING]     Warning: Image SANS-401-NetworkingandProtocols(401.1 has conflicting new names:
[2026-02-09 15:40:43] [WARNING]       Existing: SANS-401-NetworkingandProtocols(401.1)-1.1
[2026-02-09 15:40:43] [WARNING]       New: SANS-401-NetworkingandProtocols(401.1)-6.1
[2026-02-09 15:40:43] [WARNING]       Keeping: SANS-401-NetworkingandProtocols(401.1)-1.1
[2026-02-09 15:40:43] [WARNING]     Warning: Image SANS-401-NetworkingandProtocols(401.1 has conflicting new names:
[2026-02-09 15:40:43] [WARNING]       Existing: SANS-401-NetworkingandProtocols(401.1)-1.1
[2026-02-09 15:40:43] [WARNING]       New: SANS-401-NetworkingandProtocols(401.1)-7.1
[2026-02-09 15:40:43] [WARNING]       Keeping: SANS-401-NetworkingandProtocols(401.1)-1.1
[2026-02-09 15:40:43] [WARNING]     Warning: Image SANS-401-NetworkingandProtocols(401.1 has conflicting new names:
[2026-02-09 15:40:43] [WARNING]       Existing: SANS-401-NetworkingandProtocols(401.1)-1.1
[2026-02-09 15:40:43] [WARNING]       New: SANS-401-NetworkingandProtocols(401.1)-8.1
[2026-02-09 15:40:44] [WARNING]       Keeping: SANS-401-NetworkingandProtocols(401.1)-1.1
[2026-02-09 15:40:44] [WARNING]     Warning: Image SANS-401-NetworkingandProtocols(401.1 has conflicting new names:
[2026-02-09 15:40:44] [WARNING]       Existing: SANS-401-NetworkingandProtocols(401.1)-1.1
[2026-02-09 15:40:44] [WARNING]       New: SANS-401-NetworkingandProtocols(401.1)-9.1
[2026-02-09 15:40:44] [WARNING]       Keeping: SANS-401-NetworkingandProtocols(401.1)-1.1
[2026-02-09 15:40:44] [WARNING]     Warning: Image SANS-401-NetworkingandProtocols(401.1 has conflicting new names:
[2026-02-09 15:40:44] [WARNING]       Existing: SANS-401-NetworkingandProtocols(401.1)-1.1
[2026-02-09 15:40:44] [WARNING]       New: SANS-401-NetworkingandProtocols(401.1)-10.1
[2026-02-09 15:40:44] [WARNING]       Keeping: SANS-401-NetworkingandProtocols(401.1)-1.1
[2026-02-09 15:40:44] [WARNING]     Warning: Image SANS-401-NetworkingandProtocols(401.1 has conflicting new names:
[2026-02-09 15:40:44] [WARNING]       Existing: SANS-401-NetworkingandProtocols(401.1)-1.1
[2026-02-09 15:40:44] [WARNING]       New: SANS-401-NetworkingandProtocols(401.1)-11.1
[2026-02-09 15:40:44] [WARNING]       Keeping: SANS-401-NetworkingandProtocols(401.1)-1.1
[2026-02-09 15:40:44] [WARNING]     Warning: Image SANS-401-NetworkingandProtocols(401.1 has conflicting new names:
[2026-02-09 15:40:44] [WARNING]       Existing: SANS-401-NetworkingandProtocols(401.1)-1.1
[2026-02-09 15:40:44] [WARNING]       New: SANS-401-NetworkingandProtocols(401.1)-12.1
[2026-02-09 15:40:44] [WARNING]       Keeping: SANS-401-NetworkingandProtocols(401.1)-1.1
[2026-02-09 15:40:44] [WARNING]     Warning: Image SANS-401-NetworkingandProtocols(401.1 has conflicting new names:
[2026-02-09 15:40:44] [WARNING]       Existing: SANS-401-NetworkingandProtocols(401.1)-1.1
[2026-02-09 15:40:44] [WARNING]       New: SANS-401-NetworkingandProtocols(401.1)-13.1
[2026-02-09 15:40:44] [WARNING]       Keeping: SANS-401-NetworkingandProtocols(401.1)-1.1
[2026-02-09 15:40:44] [INFO] 
[File] cyber-security\SANS-401\SANS-401-E3 - Virtualization & Cloud Infrastructure(401.1).md
[2026-02-09 15:40:44] [INFO]   Found 14 image(s)
[2026-02-09 15:40:44] [INFO]     + Will rename: SANS-401-E3-Virtualization&CloudInfrastructure(401.1
[2026-02-09 15:40:44] [INFO]       -> SANS-401-Virtualization&CloudInfrastructure(401.1)-1.1
[2026-02-09 15:40:44] [WARNING]     Warning: Image SANS-401-E3-Virtualization&CloudInfrastructure(401.1 has conflicting new names:
[2026-02-09 15:40:44] [WARNING]       Existing: SANS-401-Virtualization&CloudInfrastructure(401.1)-1.1
[2026-02-09 15:40:44] [WARNING]       New: SANS-401-Virtualization&CloudInfrastructure(401.1)-2.1
[2026-02-09 15:40:44] [WARNING]       Keeping: SANS-401-Virtualization&CloudInfrastructure(401.1)-1.1
[2026-02-09 15:40:44] [WARNING]     Warning: Image SANS-401-E3-Virtualization&CloudInfrastructure(401.1 has conflicting new names:
[2026-02-09 15:40:44] [WARNING]       Existing: SANS-401-Virtualization&CloudInfrastructure(401.1)-1.1
[2026-02-09 15:40:44] [WARNING]       New: SANS-401-Virtualization&CloudInfrastructure(401.1)-3.1
[2026-02-09 15:40:44] [WARNING]       Keeping: SANS-401-Virtualization&CloudInfrastructure(401.1)-1.1
[2026-02-09 15:40:44] [WARNING]     Warning: Image SANS-401-E3-Virtualization&CloudInfrastructure(401.1 has conflicting new names:
[2026-02-09 15:40:44] [WARNING]       Existing: SANS-401-Virtualization&CloudInfrastructure(401.1)-1.1
[2026-02-09 15:40:44] [WARNING]       New: SANS-401-Virtualization&CloudInfrastructure(401.1)-4.1
[2026-02-09 15:40:44] [WARNING]       Keeping: SANS-401-Virtualization&CloudInfrastructure(401.1)-1.1
[2026-02-09 15:40:44] [WARNING]     Warning: Image SANS-401-E3-Virtualization&CloudInfrastructure(401.1 has conflicting new names:
[2026-02-09 15:40:44] [WARNING]       Existing: SANS-401-Virtualization&CloudInfrastructure(401.1)-1.1
[2026-02-09 15:40:44] [WARNING]       New: SANS-401-Virtualization&CloudInfrastructure(401.1)-5.1
[2026-02-09 15:40:44] [WARNING]       Keeping: SANS-401-Virtualization&CloudInfrastructure(401.1)-1.1
[2026-02-09 15:40:44] [WARNING]     Warning: Image SANS-401-E3-Virtualization&CloudInfrastructure(401.1 has conflicting new names:
[2026-02-09 15:40:44] [WARNING]       Existing: SANS-401-Virtualization&CloudInfrastructure(401.1)-1.1
[2026-02-09 15:40:44] [WARNING]       New: SANS-401-Virtualization&CloudInfrastructure(401.1)-6.1
[2026-02-09 15:40:44] [WARNING]       Keeping: SANS-401-Virtualization&CloudInfrastructure(401.1)-1.1
[2026-02-09 15:40:44] [WARNING]     Warning: Image SANS-401-E3-Virtualization&CloudInfrastructure(401.1 has conflicting new names:
[2026-02-09 15:40:44] [WARNING]       Existing: SANS-401-Virtualization&CloudInfrastructure(401.1)-1.1
[2026-02-09 15:40:44] [WARNING]       New: SANS-401-Virtualization&CloudInfrastructure(401.1)-7.1
[2026-02-09 15:40:44] [WARNING]       Keeping: SANS-401-Virtualization&CloudInfrastructure(401.1)-1.1
[2026-02-09 15:40:44] [WARNING]     Warning: Image SANS-401-E3-Virtualization&CloudInfrastructure(401.1 has conflicting new names:
[2026-02-09 15:40:44] [WARNING]       Existing: SANS-401-Virtualization&CloudInfrastructure(401.1)-1.1
[2026-02-09 15:40:44] [WARNING]       New: SANS-401-Virtualization&CloudInfrastructure(401.1)-8.1
[2026-02-09 15:40:44] [WARNING]       Keeping: SANS-401-Virtualization&CloudInfrastructure(401.1)-1.1
[2026-02-09 15:40:44] [WARNING]     Warning: Image SANS-401-E3-Virtualization&CloudInfrastructure(401.1 has conflicting new names:
[2026-02-09 15:40:44] [WARNING]       Existing: SANS-401-Virtualization&CloudInfrastructure(401.1)-1.1
[2026-02-09 15:40:44] [WARNING]       New: SANS-401-Virtualization&CloudInfrastructure(401.1)-9.1
[2026-02-09 15:40:44] [WARNING]       Keeping: SANS-401-Virtualization&CloudInfrastructure(401.1)-1.1
[2026-02-09 15:40:44] [WARNING]     Warning: Image SANS-401-E3-Virtualization&CloudInfrastructure(401.1 has conflicting new names:
[2026-02-09 15:40:44] [WARNING]       Existing: SANS-401-Virtualization&CloudInfrastructure(401.1)-1.1
[2026-02-09 15:40:44] [WARNING]       New: SANS-401-Virtualization&CloudInfrastructure(401.1)-10.1
[2026-02-09 15:40:44] [WARNING]       Keeping: SANS-401-Virtualization&CloudInfrastructure(401.1)-1.1
[2026-02-09 15:40:44] [WARNING]     Warning: Image SANS-401-E3-Virtualization&CloudInfrastructure(401.1 has conflicting new names:
[2026-02-09 15:40:44] [WARNING]       Existing: SANS-401-Virtualization&CloudInfrastructure(401.1)-1.1
[2026-02-09 15:40:44] [WARNING]       New: SANS-401-Virtualization&CloudInfrastructure(401.1)-11.1
[2026-02-09 15:40:44] [WARNING]       Keeping: SANS-401-Virtualization&CloudInfrastructure(401.1)-1.1
[2026-02-09 15:40:44] [WARNING]     Warning: Image SANS-401-E3-Virtualization&CloudInfrastructure(401.1 has conflicting new names:
[2026-02-09 15:40:44] [WARNING]       Existing: SANS-401-Virtualization&CloudInfrastructure(401.1)-1.1
[2026-02-09 15:40:44] [WARNING]       New: SANS-401-Virtualization&CloudInfrastructure(401.1)-12.1
[2026-02-09 15:40:44] [WARNING]       Keeping: SANS-401-Virtualization&CloudInfrastructure(401.1)-1.1
[2026-02-09 15:40:44] [WARNING]     Warning: Image SANS-401-E3-Virtualization&CloudInfrastructure(401.1 has conflicting new names:
[2026-02-09 15:40:44] [WARNING]       Existing: SANS-401-Virtualization&CloudInfrastructure(401.1)-1.1
[2026-02-09 15:40:44] [WARNING]       New: SANS-401-Virtualization&CloudInfrastructure(401.1)-13.1
[2026-02-09 15:40:44] [WARNING]       Keeping: SANS-401-Virtualization&CloudInfrastructure(401.1)-1.1
[2026-02-09 15:40:44] [WARNING]     Warning: Image SANS-401-E3-Virtualization&CloudInfrastructure(401.1 has conflicting new names:
[2026-02-09 15:40:44] [WARNING]       Existing: SANS-401-Virtualization&CloudInfrastructure(401.1)-1.1
[2026-02-09 15:40:44] [WARNING]       New: SANS-401-Virtualization&CloudInfrastructure(401.1)-14.1
[2026-02-09 15:40:44] [WARNING]       Keeping: SANS-401-Virtualization&CloudInfrastructure(401.1)-1.1
[2026-02-09 15:40:44] [INFO] 
[File] cyber-security\SANS-401\SANS-401-E4, E5, E6 - Wireless, Aircrack-ng, Wireshark (401.1).md
[2026-02-09 15:40:44] [INFO]   Found 12 image(s)
[2026-02-09 15:40:44] [INFO]     + Will rename: SANS-401-Wireless,Aircrack-ng,Wireshark(401.1
[2026-02-09 15:40:44] [INFO]       -> SANS-401-Wireless,Aircrack-ng,Wireshark(401.1)-1.1
[2026-02-09 15:40:44] [WARNING]     Warning: Image SANS-401-Wireless,Aircrack-ng,Wireshark(401.1 has conflicting new names:
[2026-02-09 15:40:44] [WARNING]       Existing: SANS-401-Wireless,Aircrack-ng,Wireshark(401.1)-1.1
[2026-02-09 15:40:44] [WARNING]       New: SANS-401-Wireless,Aircrack-ng,Wireshark(401.1)-2.1
[2026-02-09 15:40:44] [WARNING]       Keeping: SANS-401-Wireless,Aircrack-ng,Wireshark(401.1)-1.1
[2026-02-09 15:40:44] [WARNING]     Warning: Image SANS-401-Wireless,Aircrack-ng,Wireshark(401.1 has conflicting new names:
[2026-02-09 15:40:44] [WARNING]       Existing: SANS-401-Wireless,Aircrack-ng,Wireshark(401.1)-1.1
[2026-02-09 15:40:44] [WARNING]       New: SANS-401-Wireless,Aircrack-ng,Wireshark(401.1)-3.1
[2026-02-09 15:40:44] [WARNING]       Keeping: SANS-401-Wireless,Aircrack-ng,Wireshark(401.1)-1.1
[2026-02-09 15:40:44] [WARNING]     Warning: Image SANS-401-Wireless,Aircrack-ng,Wireshark(401.1 has conflicting new names:
[2026-02-09 15:40:44] [WARNING]       Existing: SANS-401-Wireless,Aircrack-ng,Wireshark(401.1)-1.1
[2026-02-09 15:40:44] [WARNING]       New: SANS-401-Wireless,Aircrack-ng,Wireshark(401.1)-4.1
[2026-02-09 15:40:44] [WARNING]       Keeping: SANS-401-Wireless,Aircrack-ng,Wireshark(401.1)-1.1
[2026-02-09 15:40:44] [WARNING]     Warning: Image SANS-401-Wireless,Aircrack-ng,Wireshark(401.1 has conflicting new names:
[2026-02-09 15:40:44] [WARNING]       Existing: SANS-401-Wireless,Aircrack-ng,Wireshark(401.1)-1.1
[2026-02-09 15:40:44] [WARNING]       New: SANS-401-Wireless,Aircrack-ng,Wireshark(401.1)-5.1
[2026-02-09 15:40:44] [WARNING]       Keeping: SANS-401-Wireless,Aircrack-ng,Wireshark(401.1)-1.1
[2026-02-09 15:40:44] [WARNING]     Warning: Image SANS-401-Wireless,Aircrack-ng,Wireshark(401.1 has conflicting new names:
[2026-02-09 15:40:44] [WARNING]       Existing: SANS-401-Wireless,Aircrack-ng,Wireshark(401.1)-1.1
[2026-02-09 15:40:44] [WARNING]       New: SANS-401-Wireless,Aircrack-ng,Wireshark(401.1)-6.1
[2026-02-09 15:40:44] [WARNING]       Keeping: SANS-401-Wireless,Aircrack-ng,Wireshark(401.1)-1.1
[2026-02-09 15:40:44] [WARNING]     Warning: Image SANS-401-Wireless,Aircrack-ng,Wireshark(401.1 has conflicting new names:
[2026-02-09 15:40:44] [WARNING]       Existing: SANS-401-Wireless,Aircrack-ng,Wireshark(401.1)-1.1
[2026-02-09 15:40:44] [WARNING]       New: SANS-401-Wireless,Aircrack-ng,Wireshark(401.1)-7.1
[2026-02-09 15:40:44] [WARNING]       Keeping: SANS-401-Wireless,Aircrack-ng,Wireshark(401.1)-1.1
[2026-02-09 15:40:44] [WARNING]     Warning: Image SANS-401-Wireless,Aircrack-ng,Wireshark(401.1 has conflicting new names:
[2026-02-09 15:40:44] [WARNING]       Existing: SANS-401-Wireless,Aircrack-ng,Wireshark(401.1)-1.1
[2026-02-09 15:40:44] [WARNING]       New: SANS-401-Wireless,Aircrack-ng,Wireshark(401.1)-8.1
[2026-02-09 15:40:44] [WARNING]       Keeping: SANS-401-Wireless,Aircrack-ng,Wireshark(401.1)-1.1
[2026-02-09 15:40:44] [WARNING]     Warning: Image SANS-401-Wireless,Aircrack-ng,Wireshark(401.1 has conflicting new names:
[2026-02-09 15:40:44] [WARNING]       Existing: SANS-401-Wireless,Aircrack-ng,Wireshark(401.1)-1.1
[2026-02-09 15:40:44] [WARNING]       New: SANS-401-Wireless,Aircrack-ng,Wireshark(401.1)-9.1
[2026-02-09 15:40:44] [WARNING]       Keeping: SANS-401-Wireless,Aircrack-ng,Wireshark(401.1)-1.1
[2026-02-09 15:40:44] [WARNING]     Warning: Image SANS-401-Wireless,Aircrack-ng,Wireshark(401.1 has conflicting new names:
[2026-02-09 15:40:44] [WARNING]       Existing: SANS-401-Wireless,Aircrack-ng,Wireshark(401.1)-1.1
[2026-02-09 15:40:44] [WARNING]       New: SANS-401-Wireless,Aircrack-ng,Wireshark(401.1)-10.1
[2026-02-09 15:40:44] [WARNING]       Keeping: SANS-401-Wireless,Aircrack-ng,Wireshark(401.1)-1.1
[2026-02-09 15:40:44] [WARNING]     Warning: Image SANS-401-Wireless,Aircrack-ng,Wireshark(401.1 has conflicting new names:
[2026-02-09 15:40:44] [WARNING]       Existing: SANS-401-Wireless,Aircrack-ng,Wireshark(401.1)-1.1
[2026-02-09 15:40:44] [WARNING]       New: SANS-401-Wireless,Aircrack-ng,Wireshark(401.1)-11.1
[2026-02-09 15:40:44] [WARNING]       Keeping: SANS-401-Wireless,Aircrack-ng,Wireshark(401.1)-1.1
[2026-02-09 15:40:44] [WARNING]     Warning: Image SANS-401-Wireless,Aircrack-ng,Wireshark(401.1 has conflicting new names:
[2026-02-09 15:40:44] [WARNING]       Existing: SANS-401-Wireless,Aircrack-ng,Wireshark(401.1)-1.1
[2026-02-09 15:40:44] [WARNING]       New: SANS-401-Wireless,Aircrack-ng,Wireshark(401.1)-12.1
[2026-02-09 15:40:44] [WARNING]       Keeping: SANS-401-Wireless,Aircrack-ng,Wireshark(401.1)-1.1
[2026-02-09 15:40:44] [INFO] 
[File] cyber-security\SANS-401\SANS-401-E7- Defense-in-Depth (401.2).md
[2026-02-09 15:40:44] [INFO]   Found 9 image(s)
[2026-02-09 15:40:44] [INFO]     + Will rename: SANS-401-Defense-in-Depth(401.2
[2026-02-09 15:40:44] [INFO]       -> SANS-401-Defense-in-Depth(401.2)-1.2
[2026-02-09 15:40:44] [WARNING]     Warning: Image SANS-401-Defense-in-Depth(401.2 has conflicting new names:
[2026-02-09 15:40:44] [WARNING]       Existing: SANS-401-Defense-in-Depth(401.2)-1.2
[2026-02-09 15:40:44] [WARNING]       New: SANS-401-Defense-in-Depth(401.2)-2.2
[2026-02-09 15:40:44] [WARNING]       Keeping: SANS-401-Defense-in-Depth(401.2)-1.2
[2026-02-09 15:40:44] [WARNING]     Warning: Image SANS-401-Defense-in-Depth(401.2 has conflicting new names:
[2026-02-09 15:40:44] [WARNING]       Existing: SANS-401-Defense-in-Depth(401.2)-1.2
[2026-02-09 15:40:44] [WARNING]       New: SANS-401-Defense-in-Depth(401.2)-3.2
[2026-02-09 15:40:44] [WARNING]       Keeping: SANS-401-Defense-in-Depth(401.2)-1.2
[2026-02-09 15:40:44] [WARNING]     Warning: Image SANS-401-Defense-in-Depth(401.2 has conflicting new names:
[2026-02-09 15:40:44] [WARNING]       Existing: SANS-401-Defense-in-Depth(401.2)-1.2
[2026-02-09 15:40:44] [WARNING]       New: SANS-401-Defense-in-Depth(401.2)-4.2
[2026-02-09 15:40:44] [WARNING]       Keeping: SANS-401-Defense-in-Depth(401.2)-1.2
[2026-02-09 15:40:44] [WARNING]     Warning: Image SANS-401-Defense-in-Depth(401.2 has conflicting new names:
[2026-02-09 15:40:44] [WARNING]       Existing: SANS-401-Defense-in-Depth(401.2)-1.2
[2026-02-09 15:40:44] [WARNING]       New: SANS-401-Defense-in-Depth(401.2)-5.2
[2026-02-09 15:40:44] [WARNING]       Keeping: SANS-401-Defense-in-Depth(401.2)-1.2
[2026-02-09 15:40:44] [WARNING]     Warning: Image SANS-401-Defense-in-Depth(401.2 has conflicting new names:
[2026-02-09 15:40:44] [WARNING]       Existing: SANS-401-Defense-in-Depth(401.2)-1.2
[2026-02-09 15:40:44] [WARNING]       New: SANS-401-Defense-in-Depth(401.2)-6.2
[2026-02-09 15:40:44] [WARNING]       Keeping: SANS-401-Defense-in-Depth(401.2)-1.2
[2026-02-09 15:40:44] [WARNING]     Warning: Image SANS-401-Defense-in-Depth(401.2 has conflicting new names:
[2026-02-09 15:40:44] [WARNING]       Existing: SANS-401-Defense-in-Depth(401.2)-1.2
[2026-02-09 15:40:44] [WARNING]       New: SANS-401-Defense-in-Depth(401.2)-7.2
[2026-02-09 15:40:44] [WARNING]       Keeping: SANS-401-Defense-in-Depth(401.2)-1.2
[2026-02-09 15:40:44] [WARNING]     Warning: Image SANS-401-Defense-in-Depth(401.2 has conflicting new names:
[2026-02-09 15:40:44] [WARNING]       Existing: SANS-401-Defense-in-Depth(401.2)-1.2
[2026-02-09 15:40:44] [WARNING]       New: SANS-401-Defense-in-Depth(401.2)-8.2
[2026-02-09 15:40:44] [WARNING]       Keeping: SANS-401-Defense-in-Depth(401.2)-1.2
[2026-02-09 15:40:44] [WARNING]     Warning: Image SANS-401-Defense-in-Depth(401.2 has conflicting new names:
[2026-02-09 15:40:44] [WARNING]       Existing: SANS-401-Defense-in-Depth(401.2)-1.2
[2026-02-09 15:40:44] [WARNING]       New: SANS-401-Defense-in-Depth(401.2)-9.2
[2026-02-09 15:40:44] [WARNING]       Keeping: SANS-401-Defense-in-Depth(401.2)-1.2
[2026-02-09 15:40:44] [INFO] 
[File] cyber-security\SANS-401\SANS-401-E8, E9 - Password Cracking.md
[2026-02-09 15:40:44] [INFO]   Found 30 image(s)
[2026-02-09 15:40:44] [INFO]     > Already processed: SANS-401-PasswordCracking-1.png
[2026-02-09 15:40:44] [INFO]     > Already processed: SANS-401-PasswordCracking-2.png
[2026-02-09 15:40:44] [INFO]     > Already processed: SANS-401-PasswordCracking-3.png
[2026-02-09 15:40:44] [INFO]     > Already processed: SANS-401-PasswordCracking-4.png
[2026-02-09 15:40:44] [INFO]     > Already processed: SANS-401-PasswordCracking-5.png
[2026-02-09 15:40:44] [INFO]     > Already processed: SANS-401-PasswordCracking-6.png
[2026-02-09 15:40:44] [INFO]     > Already processed: SANS-401-PasswordCracking-7.png
[2026-02-09 15:40:44] [INFO]     > Already processed: SANS-401-PasswordCracking-8.png
[2026-02-09 15:40:44] [INFO]     > Already processed: SANS-401-PasswordCracking-9.png
[2026-02-09 15:40:44] [INFO]     > Already processed: SANS-401-PasswordCracking-10.png
[2026-02-09 15:40:44] [INFO]     > Already processed: SANS-401-PasswordCracking-11.png
[2026-02-09 15:40:44] [INFO]     > Already processed: SANS-401-PasswordCracking-12.png
[2026-02-09 15:40:44] [INFO]     > Already processed: SANS-401-PasswordCracking-13.png
[2026-02-09 15:40:44] [INFO]     > Already processed: SANS-401-PasswordCracking-14.png
[2026-02-09 15:40:44] [INFO]     > Already processed: SANS-401-PasswordCracking-15.png
[2026-02-09 15:40:44] [INFO]     > Already processed: SANS-401-PasswordCracking-16.png
[2026-02-09 15:40:44] [INFO]     > Already processed: SANS-401-PasswordCracking-17.png
[2026-02-09 15:40:44] [INFO]     > Already processed: SANS-401-PasswordCracking-18.png
[2026-02-09 15:40:44] [INFO]     > Already processed: SANS-401-PasswordCracking-19.png
[2026-02-09 15:40:44] [INFO]     > Already processed: SANS-401-PasswordCracking-20.png
[2026-02-09 15:40:44] [INFO]     > Already processed: SANS-401-PasswordCracking-21.png
[2026-02-09 15:40:44] [INFO]     > Already processed: SANS-401-PasswordCracking-22.png
[2026-02-09 15:40:44] [INFO]     > Already processed: SANS-401-PasswordCracking-23.png
[2026-02-09 15:40:44] [INFO]     > Already processed: SANS-401-PasswordCracking-24.png
[2026-02-09 15:40:44] [INFO]     > Already processed: SANS-401-PasswordCracking-25.png
[2026-02-09 15:40:44] [INFO]     > Already processed: SANS-401-PasswordCracking-26.png
[2026-02-09 15:40:44] [INFO]     > Already processed: SANS-401-PasswordCracking-27.png
[2026-02-09 15:40:44] [INFO]     > Already processed: SANS-401-PasswordCracking-28.png
[2026-02-09 15:40:44] [INFO]     > Already processed: SANS-401-PasswordCracking-29.png
[2026-02-09 15:40:44] [INFO]     > Already processed: SANS-401-PasswordCracking-30.png
[2026-02-09 15:40:44] [INFO] 
[File] linux\60 Commands Hacker Should Know it.md
[2026-02-09 15:40:44] [INFO]   Found 24 image(s)
[2026-02-09 15:40:44] [INFO]     > Already processed: 60CommandsHackerShouldKnowit-1.png
[2026-02-09 15:40:44] [INFO]     > Already processed: 60CommandsHackerShouldKnowit-2.png
[2026-02-09 15:40:44] [INFO]     > Already processed: 60CommandsHackerShouldKnowit-3.png
[2026-02-09 15:40:44] [INFO]     > Already processed: 60CommandsHackerShouldKnowit-4.png
[2026-02-09 15:40:44] [INFO]     > Already processed: 60CommandsHackerShouldKnowit-5.png
[2026-02-09 15:40:44] [INFO]     > Already processed: 60CommandsHackerShouldKnowit-6.png
[2026-02-09 15:40:44] [INFO]     > Already processed: 60CommandsHackerShouldKnowit-7.png
[2026-02-09 15:40:44] [INFO]     > Already processed: 60CommandsHackerShouldKnowit-8.png
[2026-02-09 15:40:44] [INFO]     > Already processed: 60CommandsHackerShouldKnowit-9.png
[2026-02-09 15:40:44] [INFO]     > Already processed: 60CommandsHackerShouldKnowit-10.png
[2026-02-09 15:40:44] [INFO]     > Already processed: 60CommandsHackerShouldKnowit-11.png
[2026-02-09 15:40:44] [INFO]     > Already processed: 60CommandsHackerShouldKnowit-12.png
[2026-02-09 15:40:44] [INFO]     > Already processed: 60CommandsHackerShouldKnowit-13.png
[2026-02-09 15:40:44] [INFO]     > Already processed: 60CommandsHackerShouldKnowit-14.png
[2026-02-09 15:40:44] [INFO]     > Already processed: 60CommandsHackerShouldKnowit-15.png
[2026-02-09 15:40:44] [INFO]     > Already processed: 60CommandsHackerShouldKnowit-16.png
[2026-02-09 15:40:44] [INFO]     > Already processed: 60CommandsHackerShouldKnowit-17.png
[2026-02-09 15:40:44] [INFO]     > Already processed: 60CommandsHackerShouldKnowit-18.png
[2026-02-09 15:40:44] [INFO]     > Already processed: 60CommandsHackerShouldKnowit-19.png
[2026-02-09 15:40:44] [INFO]     > Already processed: 60CommandsHackerShouldKnowit-20.png
[2026-02-09 15:40:44] [INFO]     > Already processed: 60CommandsHackerShouldKnowit-21.png
[2026-02-09 15:40:44] [INFO]     > Already processed: 60CommandsHackerShouldKnowit-22.png
[2026-02-09 15:40:44] [INFO]     > Already processed: 60CommandsHackerShouldKnowit-23.png
[2026-02-09 15:40:44] [INFO]     > Already processed: 60CommandsHackerShouldKnowit-24.png
[2026-02-09 15:40:44] [INFO] 
[File] network\IP-Mac Address Basic and Concepts.md
[2026-02-09 15:40:44] [INFO]   Found 13 image(s)
[2026-02-09 15:40:44] [INFO]     + Will rename: Pastedimage20240325144303.png
[2026-02-09 15:40:44] [INFO]       -> IP-MacAddressBasicandConcepts-1.png
[2026-02-09 15:40:44] [INFO]     + Will rename: Pastedimage20240325144616.png
[2026-02-09 15:40:44] [INFO]       -> IP-MacAddressBasicandConcepts-2.png
[2026-02-09 15:40:44] [INFO]     + Will rename: Pastedimage20240325144624.png
[2026-02-09 15:40:44] [INFO]       -> IP-MacAddressBasicandConcepts-3.png
[2026-02-09 15:40:44] [INFO]     + Will rename: Pastedimage20240325144714.png
[2026-02-09 15:40:44] [INFO]       -> IP-MacAddressBasicandConcepts-4.png
[2026-02-09 15:40:44] [INFO]     + Will rename: Pastedimage20240325145116.png
[2026-02-09 15:40:44] [INFO]       -> IP-MacAddressBasicandConcepts-5.png
[2026-02-09 15:40:44] [INFO]     + Will rename: Pastedimage20240325145021.png
[2026-02-09 15:40:44] [INFO]       -> IP-MacAddressBasicandConcepts-6.png
[2026-02-09 15:40:44] [INFO]     + Will rename: Pastedimage20240325145030.png
[2026-02-09 15:40:44] [INFO]       -> IP-MacAddressBasicandConcepts-7.png
[2026-02-09 15:40:44] [INFO]     + Will rename: Pastedimage20240325145052.png
[2026-02-09 15:40:44] [INFO]       -> IP-MacAddressBasicandConcepts-8.png
[2026-02-09 15:40:44] [INFO]     + Will rename: Pastedimage20240325145331.png
[2026-02-09 15:40:44] [INFO]       -> IP-MacAddressBasicandConcepts-9.png
[2026-02-09 15:40:44] [INFO]     + Will rename: Pastedimage20240325145329.png
[2026-02-09 15:40:44] [INFO]       -> IP-MacAddressBasicandConcepts-10.png
[2026-02-09 15:40:44] [INFO]     + Will rename: Pastedimage20240325150746.png
[2026-02-09 15:40:44] [INFO]       -> IP-MacAddressBasicandConcepts-11.png
[2026-02-09 15:40:44] [INFO]     + Will rename: Pastedimage20240325150755.png
[2026-02-09 15:40:44] [INFO]       -> IP-MacAddressBasicandConcepts-12.png
[2026-02-09 15:40:44] [INFO]     + Will rename: Pastedimage20240406230317.png
[2026-02-09 15:40:44] [INFO]       -> IP-MacAddressBasicandConcepts-13.png
[2026-02-09 15:40:44] [INFO] 
[File] network\Network Basics-Terminology-Topology.md
[2026-02-09 15:40:44] [INFO]   Found 9 image(s)
[2026-02-09 15:40:44] [INFO]     + Will rename: Pastedimage20240325141535.png
[2026-02-09 15:40:44] [INFO]       -> NetworkBasics-Terminology-Topology-1.png
[2026-02-09 15:40:44] [INFO]     + Will rename: Pastedimage20240325141548.png
[2026-02-09 15:40:44] [INFO]       -> NetworkBasics-Terminology-Topology-2.png
[2026-02-09 15:40:44] [INFO]     + Will rename: Pastedimage20240325141501.png
[2026-02-09 15:40:44] [INFO]       -> NetworkBasics-Terminology-Topology-3.png
[2026-02-09 15:40:44] [INFO]     + Will rename: Pastedimage20240325141520.png
[2026-02-09 15:40:44] [INFO]       -> NetworkBasics-Terminology-Topology-4.png
[2026-02-09 15:40:44] [INFO]     + Will rename: Pastedimage20240325141624.png
[2026-02-09 15:40:44] [INFO]       -> NetworkBasics-Terminology-Topology-5.png
[2026-02-09 15:40:44] [INFO]     + Will rename: Pastedimage20240325141614.png
[2026-02-09 15:40:44] [INFO]       -> NetworkBasics-Terminology-Topology-6.png
[2026-02-09 15:40:44] [INFO]     + Will rename: Pastedimage20240325140633.png
[2026-02-09 15:40:44] [INFO]       -> NetworkBasics-Terminology-Topology-7.png
[2026-02-09 15:40:44] [INFO]     + Will rename: Pastedimage20240325140833.png
[2026-02-09 15:40:44] [INFO]       -> NetworkBasics-Terminology-Topology-8.png
[2026-02-09 15:40:44] [INFO]     + Will rename: Pastedimage20240325140528.png
[2026-02-09 15:40:44] [INFO]       -> NetworkBasics-Terminology-Topology-9.png
[2026-02-09 15:40:44] [INFO] 
[File] network\Network Cable and Components.md
[2026-02-09 15:40:44] [INFO]   Found 33 image(s)
[2026-02-09 15:40:44] [INFO]     + Will rename: Pastedimage20240406230619.png
[2026-02-09 15:40:44] [INFO]       -> NetworkCableandComponents-1.png
[2026-02-09 15:40:44] [INFO]     + Will rename: Pastedimage20240325141055.png
[2026-02-09 15:40:44] [INFO]       -> NetworkCableandComponents-2.png
[2026-02-09 15:40:44] [INFO]     + Will rename: Pastedimage20240325141107.png
[2026-02-09 15:40:44] [INFO]       -> NetworkCableandComponents-3.png
[2026-02-09 15:40:44] [INFO]     + Will rename: Pastedimage20240325141114.png
[2026-02-09 15:40:44] [INFO]       -> NetworkCableandComponents-4.png
[2026-02-09 15:40:44] [INFO]     + Will rename: Pastedimage20240325141207.png
[2026-02-09 15:40:44] [INFO]       -> NetworkCableandComponents-5.png
[2026-02-09 15:40:44] [INFO]     + Will rename: Pastedimage20240406230340.png
[2026-02-09 15:40:44] [INFO]       -> NetworkCableandComponents-7.png
[2026-02-09 15:40:44] [INFO]     + Will rename: Pastedimage20240406230353.png
[2026-02-09 15:40:44] [INFO]       -> NetworkCableandComponents-8.png
[2026-02-09 15:40:44] [INFO]     + Will rename: Pastedimage20240406230421.png
[2026-02-09 15:40:44] [INFO]       -> NetworkCableandComponents-9.png
[2026-02-09 15:40:44] [INFO]     + Will rename: Pastedimage20240406230439.png
[2026-02-09 15:40:44] [INFO]       -> NetworkCableandComponents-10.png
[2026-02-09 15:40:44] [INFO]     + Will rename: Pastedimage20240406230505.png
[2026-02-09 15:40:44] [INFO]       -> NetworkCableandComponents-11.png
[2026-02-09 15:40:44] [INFO]     + Will rename: Pastedimage20240406230537.png
[2026-02-09 15:40:44] [INFO]       -> NetworkCableandComponents-12.png
[2026-02-09 15:40:44] [INFO]     + Will rename: Pastedimage20240406230541.png
[2026-02-09 15:40:44] [INFO]       -> NetworkCableandComponents-13.png
[2026-02-09 15:40:44] [INFO]     + Will rename: Pastedimage20240406230549.png
[2026-02-09 15:40:44] [INFO]       -> NetworkCableandComponents-14.png
[2026-02-09 15:40:44] [INFO]     + Will rename: Pastedimage20240406230552.png
[2026-02-09 15:40:44] [INFO]       -> NetworkCableandComponents-15.png
[2026-02-09 15:40:44] [INFO]     + Will rename: Pastedimage20240406230646.png
[2026-02-09 15:40:44] [INFO]       -> NetworkCableandComponents-16.png
[2026-02-09 15:40:44] [INFO]     + Will rename: Pastedimage20240406230658.png
[2026-02-09 15:40:44] [INFO]       -> NetworkCableandComponents-17.png
[2026-02-09 15:40:44] [INFO]     + Will rename: Pastedimage20240325142031.png
[2026-02-09 15:40:44] [INFO]       -> NetworkCableandComponents-18.png
[2026-02-09 15:40:44] [INFO]     + Will rename: Pastedimage20240325142133.png
[2026-02-09 15:40:44] [INFO]       -> NetworkCableandComponents-19.png
[2026-02-09 15:40:44] [INFO]     + Will rename: Pastedimage20240325142125.png
[2026-02-09 15:40:44] [INFO]       -> NetworkCableandComponents-20.png
[2026-02-09 15:40:44] [INFO]     + Will rename: Pastedimage20240406230723.png
[2026-02-09 15:40:44] [INFO]       -> NetworkCableandComponents-21.png
[2026-02-09 15:40:44] [INFO]     + Will rename: Pastedimage20240406230726.png
[2026-02-09 15:40:44] [INFO]       -> NetworkCableandComponents-22.png
[2026-02-09 15:40:44] [INFO]     + Will rename: Pastedimage20240406230935.png
[2026-02-09 15:40:44] [INFO]       -> NetworkCableandComponents-23.png
[2026-02-09 15:40:44] [INFO]     + Will rename: Pastedimage20240406230938.png
[2026-02-09 15:40:44] [INFO]       -> NetworkCableandComponents-24.png
[2026-02-09 15:40:44] [INFO]     + Will rename: Pastedimage20240406230748.png
[2026-02-09 15:40:44] [INFO]       -> NetworkCableandComponents-25.png
[2026-02-09 15:40:44] [INFO]     + Will rename: Pastedimage20240406230752.png
[2026-02-09 15:40:44] [INFO]       -> NetworkCableandComponents-26.png
[2026-02-09 15:40:44] [INFO]     + Will rename: Pastedimage20240406223913.png
[2026-02-09 15:40:44] [INFO]       -> NetworkCableandComponents-27.png
[2026-02-09 15:40:44] [INFO]     + Will rename: Pastedimage20240406224158.png
[2026-02-09 15:40:44] [INFO]       -> NetworkCableandComponents-28.png
[2026-02-09 15:40:44] [INFO]     + Will rename: Pastedimage20240406224126.png
[2026-02-09 15:40:44] [INFO]       -> NetworkCableandComponents-29.png
[2026-02-09 15:40:44] [INFO]     + Will rename: Pastedimage20240406224149.png
[2026-02-09 15:40:44] [INFO]       -> NetworkCableandComponents-30.png
[2026-02-09 15:40:44] [INFO]     + Will rename: Pastedimage20240406224347.png
[2026-02-09 15:40:44] [INFO]       -> NetworkCableandComponents-31.png
[2026-02-09 15:40:44] [INFO]     + Will rename: Pastedimage20240406224400.png
[2026-02-09 15:40:44] [INFO]       -> NetworkCableandComponents-32.png
[2026-02-09 15:40:44] [INFO]     + Will rename: Pastedimage20240406224406.png
[2026-02-09 15:40:44] [INFO]       -> NetworkCableandComponents-33.png
[2026-02-09 15:40:44] [INFO] 
[File] network\Network Commands & File Printer Sharing.md
[2026-02-09 15:40:44] [INFO] 
[File] network\Network Models-OSI and TCPIP.md
[2026-02-09 15:40:44] [INFO]   Found 14 image(s)
[2026-02-09 15:40:44] [INFO]     + Will rename: Pastedimage20240325142959.png
[2026-02-09 15:40:44] [INFO]       -> NetworkModels-OSIandTCPIP-1.png
[2026-02-09 15:40:44] [INFO]     + Will rename: Pastedimage20240325142910.png
[2026-02-09 15:40:44] [INFO]       -> NetworkModels-OSIandTCPIP-2.png
[2026-02-09 15:40:44] [INFO]     + Will rename: Pastedimage20240325142914.png
[2026-02-09 15:40:44] [INFO]       -> NetworkModels-OSIandTCPIP-3.png
[2026-02-09 15:40:44] [INFO]     + Will rename: Pastedimage20240325143619.png
[2026-02-09 15:40:44] [INFO]       -> NetworkModels-OSIandTCPIP-4.png
[2026-02-09 15:40:44] [INFO]     + Will rename: Pastedimage20240325143628.png
[2026-02-09 15:40:44] [INFO]       -> NetworkModels-OSIandTCPIP-5.png
[2026-02-09 15:40:44] [INFO]     + Will rename: Pastedimage20240325150435.png
[2026-02-09 15:40:44] [INFO]       -> NetworkModels-OSIandTCPIP-6.png
[2026-02-09 15:40:44] [INFO]     + Will rename: Pastedimage20240325150445.png
[2026-02-09 15:40:44] [INFO]       -> NetworkModels-OSIandTCPIP-7.png
[2026-02-09 15:40:44] [INFO]     + Will rename: Pastedimage20240325150455.png
[2026-02-09 15:40:44] [INFO]       -> NetworkModels-OSIandTCPIP-8.png
[2026-02-09 15:40:44] [INFO]     + Will rename: Pastedimage20240325150519.png
[2026-02-09 15:40:44] [INFO]       -> NetworkModels-OSIandTCPIP-9.png
[2026-02-09 15:40:44] [INFO]     + Will rename: Pastedimage20240325150534.png
[2026-02-09 15:40:44] [INFO]       -> NetworkModels-OSIandTCPIP-10.png
[2026-02-09 15:40:44] [INFO]     + Will rename: Pastedimage20240325150548.png
[2026-02-09 15:40:44] [INFO]       -> NetworkModels-OSIandTCPIP-11.png
[2026-02-09 15:40:44] [INFO]     + Will rename: Pastedimage20240608232002.png
[2026-02-09 15:40:44] [INFO]       -> NetworkModels-OSIandTCPIP-12.png
[2026-02-09 15:40:44] [INFO]     + Will rename: Pastedimage20240406230157.png
[2026-02-09 15:40:44] [INFO]       -> NetworkModels-OSIandTCPIP-13.png
[2026-02-09 15:40:44] [INFO]     + Will rename: Pastedimage20240406230215.png
[2026-02-09 15:40:44] [INFO]       -> NetworkModels-OSIandTCPIP-14.png
[2026-02-09 15:40:44] [INFO] 
[File] network\Network Services(DHCP-DNS,-VLAN).md
[2026-02-09 15:40:44] [INFO]   Found 1 image(s)
[2026-02-09 15:40:44] [INFO]     + Will rename: Pastedimage20240608215246.png
[2026-02-09 15:40:44] [INFO]       -> NetworkServices(DHCP-DNS,-VLAN)-1.png
[2026-02-09 15:40:44] [INFO] 
[File] network\Virtualization & Networking.md
[2026-02-09 15:40:44] [INFO] 
[File] network\Windows Networking.md
[2026-02-09 15:40:44] [INFO]   Found 2 image(s)
[2026-02-09 15:40:44] [INFO]     + Will rename: Pastedimage20240525223258.png
[2026-02-09 15:40:44] [INFO]       -> WindowsNetworking-1.png
[2026-02-09 15:40:44] [INFO]     + Will rename: Pastedimage20240525222946.png
[2026-02-09 15:40:44] [INFO]       -> WindowsNetworking-2.png
[2026-02-09 15:40:44] [INFO] 
[File] python\Dir-Buster-Module.md
[2026-02-09 15:40:44] [INFO] 
[File] seo\0-SEO-Theories\E1 to E5 - SEO Intro, Search Engines, Keywords.md
[2026-02-09 15:40:44] [INFO]   Found 11 image(s)
[2026-02-09 15:40:44] [INFO]     > Already processed: SEOIntro,SearchEngines,Keywords-1.png
[2026-02-09 15:40:44] [INFO]     > Already processed: SEOIntro,SearchEngines,Keywords-2.png
[2026-02-09 15:40:44] [INFO]     > Already processed: SEOIntro,SearchEngines,Keywords-3.png
[2026-02-09 15:40:44] [INFO]     > Already processed: SEOIntro,SearchEngines,Keywords-4.png
[2026-02-09 15:40:44] [INFO]     > Already processed: SEOIntro,SearchEngines,Keywords-5.png
[2026-02-09 15:40:44] [INFO]     > Already processed: SEOIntro,SearchEngines,Keywords-6.png
[2026-02-09 15:40:44] [INFO]     > Already processed: SEOIntro,SearchEngines,Keywords-7.png
[2026-02-09 15:40:44] [INFO]     > Already processed: SEOIntro,SearchEngines,Keywords-8.png
[2026-02-09 15:40:44] [INFO]     > Already processed: SEOIntro,SearchEngines,Keywords-9.png
[2026-02-09 15:40:44] [INFO]     > Already processed: SEOIntro,SearchEngines,Keywords-10.png
[2026-02-09 15:40:44] [INFO]     > Already processed: SEOIntro,SearchEngines,Keywords-11.png
[2026-02-09 15:40:44] [INFO] 
[File] seo\0-SEO-Theories\E10, E11, - Content SEO, Important Website Pages.md
[2026-02-09 15:40:44] [INFO]   Found 10 image(s)
[2026-02-09 15:40:44] [INFO]     > Already processed: ContentSEO,ImportantWebsitePages-1.png
[2026-02-09 15:40:44] [INFO]     > Already processed: ContentSEO,ImportantWebsitePages-2.png
[2026-02-09 15:40:44] [INFO]     > Already processed: ContentSEO,ImportantWebsitePages-3.png
[2026-02-09 15:40:44] [INFO]     > Already processed: ContentSEO,ImportantWebsitePages-4.png
[2026-02-09 15:40:44] [INFO]     > Already processed: ContentSEO,ImportantWebsitePages-5.png
[2026-02-09 15:40:44] [INFO]     > Already processed: ContentSEO,ImportantWebsitePages-6.png
[2026-02-09 15:40:44] [INFO]     > Already processed: ContentSEO,ImportantWebsitePages-7.png
[2026-02-09 15:40:44] [INFO]     > Already processed: ContentSEO,ImportantWebsitePages-8.png
[2026-02-09 15:40:44] [INFO]     > Already processed: ContentSEO,ImportantWebsitePages-9.png
[2026-02-09 15:40:44] [INFO]     > Already processed: ContentSEO,ImportantWebsitePages-10.png
[2026-02-09 15:40:44] [INFO] 
[File] seo\0-SEO-Theories\E12- Woorank(Check Website SEO).md
[2026-02-09 15:40:44] [INFO]   Found 12 image(s)
[2026-02-09 15:40:44] [INFO]     + Will rename: Woorank(CheckWebsiteSEO
[2026-02-09 15:40:44] [INFO]       -> Woorank(CheckWebsiteSEO)-1
[2026-02-09 15:40:44] [WARNING]     Warning: Image Woorank(CheckWebsiteSEO has conflicting new names:
[2026-02-09 15:40:44] [WARNING]       Existing: Woorank(CheckWebsiteSEO)-1
[2026-02-09 15:40:44] [WARNING]       New: Woorank(CheckWebsiteSEO)-2
[2026-02-09 15:40:44] [WARNING]       Keeping: Woorank(CheckWebsiteSEO)-1
[2026-02-09 15:40:44] [WARNING]     Warning: Image Woorank(CheckWebsiteSEO has conflicting new names:
[2026-02-09 15:40:44] [WARNING]       Existing: Woorank(CheckWebsiteSEO)-1
[2026-02-09 15:40:44] [WARNING]       New: Woorank(CheckWebsiteSEO)-3
[2026-02-09 15:40:44] [WARNING]       Keeping: Woorank(CheckWebsiteSEO)-1
[2026-02-09 15:40:44] [WARNING]     Warning: Image Woorank(CheckWebsiteSEO has conflicting new names:
[2026-02-09 15:40:44] [WARNING]       Existing: Woorank(CheckWebsiteSEO)-1
[2026-02-09 15:40:44] [WARNING]       New: Woorank(CheckWebsiteSEO)-4
[2026-02-09 15:40:44] [WARNING]       Keeping: Woorank(CheckWebsiteSEO)-1
[2026-02-09 15:40:44] [WARNING]     Warning: Image Woorank(CheckWebsiteSEO has conflicting new names:
[2026-02-09 15:40:44] [WARNING]       Existing: Woorank(CheckWebsiteSEO)-1
[2026-02-09 15:40:44] [WARNING]       New: Woorank(CheckWebsiteSEO)-5
[2026-02-09 15:40:44] [WARNING]       Keeping: Woorank(CheckWebsiteSEO)-1
[2026-02-09 15:40:44] [WARNING]     Warning: Image Woorank(CheckWebsiteSEO has conflicting new names:
[2026-02-09 15:40:44] [WARNING]       Existing: Woorank(CheckWebsiteSEO)-1
[2026-02-09 15:40:44] [WARNING]       New: Woorank(CheckWebsiteSEO)-6
[2026-02-09 15:40:44] [WARNING]       Keeping: Woorank(CheckWebsiteSEO)-1
[2026-02-09 15:40:44] [WARNING]     Warning: Image Woorank(CheckWebsiteSEO has conflicting new names:
[2026-02-09 15:40:44] [WARNING]       Existing: Woorank(CheckWebsiteSEO)-1
[2026-02-09 15:40:44] [WARNING]       New: Woorank(CheckWebsiteSEO)-7
[2026-02-09 15:40:44] [WARNING]       Keeping: Woorank(CheckWebsiteSEO)-1
[2026-02-09 15:40:44] [WARNING]     Warning: Image Woorank(CheckWebsiteSEO has conflicting new names:
[2026-02-09 15:40:44] [WARNING]       Existing: Woorank(CheckWebsiteSEO)-1
[2026-02-09 15:40:44] [WARNING]       New: Woorank(CheckWebsiteSEO)-8
[2026-02-09 15:40:44] [WARNING]       Keeping: Woorank(CheckWebsiteSEO)-1
[2026-02-09 15:40:44] [WARNING]     Warning: Image Woorank(CheckWebsiteSEO has conflicting new names:
[2026-02-09 15:40:44] [WARNING]       Existing: Woorank(CheckWebsiteSEO)-1
[2026-02-09 15:40:44] [WARNING]       New: Woorank(CheckWebsiteSEO)-9
[2026-02-09 15:40:44] [WARNING]       Keeping: Woorank(CheckWebsiteSEO)-1
[2026-02-09 15:40:44] [WARNING]     Warning: Image Woorank(CheckWebsiteSEO has conflicting new names:
[2026-02-09 15:40:44] [WARNING]       Existing: Woorank(CheckWebsiteSEO)-1
[2026-02-09 15:40:44] [WARNING]       New: Woorank(CheckWebsiteSEO)-10
[2026-02-09 15:40:44] [WARNING]       Keeping: Woorank(CheckWebsiteSEO)-1
[2026-02-09 15:40:44] [WARNING]     Warning: Image Woorank(CheckWebsiteSEO has conflicting new names:
[2026-02-09 15:40:44] [WARNING]       Existing: Woorank(CheckWebsiteSEO)-1
[2026-02-09 15:40:44] [WARNING]       New: Woorank(CheckWebsiteSEO)-11
[2026-02-09 15:40:44] [WARNING]       Keeping: Woorank(CheckWebsiteSEO)-1
[2026-02-09 15:40:44] [WARNING]     Warning: Image Woorank(CheckWebsiteSEO has conflicting new names:
[2026-02-09 15:40:44] [WARNING]       Existing: Woorank(CheckWebsiteSEO)-1
[2026-02-09 15:40:44] [WARNING]       New: Woorank(CheckWebsiteSEO)-12
[2026-02-09 15:40:44] [WARNING]       Keeping: Woorank(CheckWebsiteSEO)-1
[2026-02-09 15:40:44] [INFO] 
[File] seo\0-SEO-Theories\E13 - Good Contents for SEO.md
[2026-02-09 15:40:44] [INFO]   Found 3 image(s)
[2026-02-09 15:40:44] [INFO]     > Already processed: GoodContentsforSEO-1.png
[2026-02-09 15:40:44] [INFO]     > Already processed: GoodContentsforSEO-2.png
[2026-02-09 15:40:44] [INFO]     > Already processed: GoodContentsforSEO-3.png
[2026-02-09 15:40:44] [INFO] 
[File] seo\0-SEO-Theories\E14 - Links in SEO(Internal & External).md
[2026-02-09 15:40:44] [INFO] 
[File] seo\0-SEO-Theories\E15 - Page Rank.md
[2026-02-09 15:40:44] [INFO]   Found 2 image(s)
[2026-02-09 15:40:44] [INFO]     > Already processed: PageRank-1.png
[2026-02-09 15:40:44] [INFO]     > Already processed: PageRank-2.png
[2026-02-09 15:40:44] [INFO] 
[File] seo\0-SEO-Theories\E16 - Page Authority & Domain Authority.md
[2026-02-09 15:40:44] [INFO]   Found 3 image(s)
[2026-02-09 15:40:44] [INFO]     > Already processed: PageAuthority&DomainAuthority-1.png
[2026-02-09 15:40:44] [INFO]     > Already processed: PageAuthority&DomainAuthority-2.png
[2026-02-09 15:40:44] [INFO]     > Already processed: PageAuthority&DomainAuthority-3.png
[2026-02-09 15:40:44] [INFO] 
[File] seo\0-SEO-Theories\E17 - Backlinks.md
[2026-02-09 15:40:44] [INFO]   Found 1 image(s)
[2026-02-09 15:40:44] [INFO]     > Already processed: Backlinks-1.png
[2026-02-09 15:40:44] [INFO] 
[File] seo\0-SEO-Theories\E6 to E9 - Find Keywords,  Website Structure & Necessary HTML Tags for SEO.md
[2026-02-09 15:40:44] [INFO]   Found 33 image(s)
[2026-02-09 15:40:44] [INFO]     > Already processed: FindKeywords,WebsiteStructure&NecessaryHTMLTagsforSEO-1.png
[2026-02-09 15:40:44] [INFO]     > Already processed: FindKeywords,WebsiteStructure&NecessaryHTMLTagsforSEO-2.png
[2026-02-09 15:40:44] [INFO]     > Already processed: FindKeywords,WebsiteStructure&NecessaryHTMLTagsforSEO-3.png
[2026-02-09 15:40:44] [INFO]     > Already processed: FindKeywords,WebsiteStructure&NecessaryHTMLTagsforSEO-4.png
[2026-02-09 15:40:44] [INFO]     > Already processed: FindKeywords,WebsiteStructure&NecessaryHTMLTagsforSEO-5.png
[2026-02-09 15:40:44] [INFO]     > Already processed: FindKeywords,WebsiteStructure&NecessaryHTMLTagsforSEO-6.png
[2026-02-09 15:40:44] [INFO]     > Already processed: FindKeywords,WebsiteStructure&NecessaryHTMLTagsforSEO-7.png
[2026-02-09 15:40:44] [INFO]     > Already processed: FindKeywords,WebsiteStructure&NecessaryHTMLTagsforSEO-8.png
[2026-02-09 15:40:44] [INFO]     > Already processed: FindKeywords,WebsiteStructure&NecessaryHTMLTagsforSEO-9.png
[2026-02-09 15:40:44] [INFO]     > Already processed: FindKeywords,WebsiteStructure&NecessaryHTMLTagsforSEO-10.png
[2026-02-09 15:40:44] [INFO]     > Already processed: FindKeywords,WebsiteStructure&NecessaryHTMLTagsforSEO-11.png
[2026-02-09 15:40:44] [INFO]     > Already processed: FindKeywords,WebsiteStructure&NecessaryHTMLTagsforSEO-12.png
[2026-02-09 15:40:44] [INFO]     > Already processed: FindKeywords,WebsiteStructure&NecessaryHTMLTagsforSEO-13.png
[2026-02-09 15:40:44] [INFO]     > Already processed: FindKeywords,WebsiteStructure&NecessaryHTMLTagsforSEO-14.png
[2026-02-09 15:40:44] [INFO]     > Already processed: FindKeywords,WebsiteStructure&NecessaryHTMLTagsforSEO-15.png
[2026-02-09 15:40:44] [INFO]     > Already processed: FindKeywords,WebsiteStructure&NecessaryHTMLTagsforSEO-16.png
[2026-02-09 15:40:44] [INFO]     > Already processed: FindKeywords,WebsiteStructure&NecessaryHTMLTagsforSEO-17.png
[2026-02-09 15:40:44] [INFO]     > Already processed: FindKeywords,WebsiteStructure&NecessaryHTMLTagsforSEO-18.png
[2026-02-09 15:40:44] [INFO]     > Already processed: FindKeywords,WebsiteStructure&NecessaryHTMLTagsforSEO-19.png
[2026-02-09 15:40:44] [INFO]     > Already processed: FindKeywords,WebsiteStructure&NecessaryHTMLTagsforSEO-20.png
[2026-02-09 15:40:44] [INFO]     > Already processed: FindKeywords,WebsiteStructure&NecessaryHTMLTagsforSEO-21.png
[2026-02-09 15:40:44] [INFO]     > Already processed: FindKeywords,WebsiteStructure&NecessaryHTMLTagsforSEO-22.png
[2026-02-09 15:40:44] [INFO]     > Already processed: FindKeywords,WebsiteStructure&NecessaryHTMLTagsforSEO-23.png
[2026-02-09 15:40:44] [INFO]     > Already processed: FindKeywords,WebsiteStructure&NecessaryHTMLTagsforSEO-24.png
[2026-02-09 15:40:44] [INFO]     > Already processed: FindKeywords,WebsiteStructure&NecessaryHTMLTagsforSEO-25.png
[2026-02-09 15:40:44] [INFO]     > Already processed: FindKeywords,WebsiteStructure&NecessaryHTMLTagsforSEO-26.png
[2026-02-09 15:40:44] [INFO]     > Already processed: FindKeywords,WebsiteStructure&NecessaryHTMLTagsforSEO-27.png
[2026-02-09 15:40:44] [INFO]     > Already processed: FindKeywords,WebsiteStructure&NecessaryHTMLTagsforSEO-28.png
[2026-02-09 15:40:44] [INFO]     > Already processed: FindKeywords,WebsiteStructure&NecessaryHTMLTagsforSEO-29.png
[2026-02-09 15:40:44] [INFO]     > Already processed: FindKeywords,WebsiteStructure&NecessaryHTMLTagsforSEO-30.png
[2026-02-09 15:40:44] [INFO]     > Already processed: FindKeywords,WebsiteStructure&NecessaryHTMLTagsforSEO-31.png
[2026-02-09 15:40:44] [INFO]     > Already processed: FindKeywords,WebsiteStructure&NecessaryHTMLTagsforSEO-32.png
[2026-02-09 15:40:44] [INFO]     > Already processed: FindKeywords,WebsiteStructure&NecessaryHTMLTagsforSEO-33.png
[2026-02-09 15:40:44] [INFO] 
[File] tools\MSFConsole Commands.md
[2026-02-09 15:40:44] [INFO]   Found 43 image(s)
[2026-02-09 15:40:44] [INFO]     > Already processed: MSFConsoleCommands-1.png
[2026-02-09 15:40:44] [INFO]     > Already processed: MSFConsoleCommands-2.png
[2026-02-09 15:40:44] [INFO]     > Already processed: MSFConsoleCommands-3.png
[2026-02-09 15:40:44] [INFO]     > Already processed: MSFConsoleCommands-4.png
[2026-02-09 15:40:44] [INFO]     > Already processed: MSFConsoleCommands-5.png
[2026-02-09 15:40:44] [INFO]     > Already processed: MSFConsoleCommands-6.png
[2026-02-09 15:40:44] [INFO]     > Already processed: MSFConsoleCommands-7.png
[2026-02-09 15:40:44] [INFO]     > Already processed: MSFConsoleCommands-8.png
[2026-02-09 15:40:44] [INFO]     > Already processed: MSFConsoleCommands-9.png
[2026-02-09 15:40:44] [INFO]     > Already processed: MSFConsoleCommands-10.png
[2026-02-09 15:40:44] [INFO]     > Already processed: MSFConsoleCommands-11.png
[2026-02-09 15:40:44] [INFO]     > Already processed: MSFConsoleCommands-12.png
[2026-02-09 15:40:44] [INFO]     > Already processed: MSFConsoleCommands-13.png
[2026-02-09 15:40:44] [INFO]     > Already processed: MSFConsoleCommands-14.png
[2026-02-09 15:40:44] [INFO]     > Already processed: MSFConsoleCommands-15.png
[2026-02-09 15:40:44] [INFO]     > Already processed: MSFConsoleCommands-16.png
[2026-02-09 15:40:44] [INFO]     > Already processed: MSFConsoleCommands-17.png
[2026-02-09 15:40:44] [INFO]     > Already processed: MSFConsoleCommands-18.png
[2026-02-09 15:40:44] [INFO]     > Already processed: MSFConsoleCommands-19.png
[2026-02-09 15:40:44] [INFO]     > Already processed: MSFConsoleCommands-20.png
[2026-02-09 15:40:44] [INFO]     > Already processed: MSFConsoleCommands-21.png
[2026-02-09 15:40:44] [INFO]     > Already processed: MSFConsoleCommands-22.png
[2026-02-09 15:40:44] [INFO]     > Already processed: MSFConsoleCommands-23.png
[2026-02-09 15:40:44] [INFO]     > Already processed: MSFConsoleCommands-24.png
[2026-02-09 15:40:44] [INFO]     > Already processed: MSFConsoleCommands-25.png
[2026-02-09 15:40:44] [INFO]     > Already processed: MSFConsoleCommands-26.png
[2026-02-09 15:40:44] [INFO]     > Already processed: MSFConsoleCommands-27.png
[2026-02-09 15:40:44] [INFO]     > Already processed: MSFConsoleCommands-28.png
[2026-02-09 15:40:44] [INFO]     > Already processed: MSFConsoleCommands-29.png
[2026-02-09 15:40:44] [INFO]     > Already processed: MSFConsoleCommands-30.png
[2026-02-09 15:40:44] [INFO]     > Already processed: MSFConsoleCommands-31.png
[2026-02-09 15:40:44] [INFO]     > Already processed: MSFConsoleCommands-32.png
[2026-02-09 15:40:44] [INFO]     > Already processed: MSFConsoleCommands-33.png
[2026-02-09 15:40:44] [INFO]     > Already processed: MSFConsoleCommands-34.png
[2026-02-09 15:40:44] [INFO]     > Already processed: MSFConsoleCommands-35.png
[2026-02-09 15:40:44] [INFO]     > Already processed: MSFConsoleCommands-36.png
[2026-02-09 15:40:44] [INFO]     > Already processed: MSFConsoleCommands-37.png
[2026-02-09 15:40:44] [INFO]     > Already processed: MSFConsoleCommands-38.png
[2026-02-09 15:40:44] [INFO]     > Already processed: MSFConsoleCommands-39.png
[2026-02-09 15:40:44] [INFO]     > Already processed: MSFConsoleCommands-40.png
[2026-02-09 15:40:44] [INFO]     > Already processed: MSFConsoleCommands-41.png
[2026-02-09 15:40:44] [INFO]     > Already processed: MSFConsoleCommands-42.png
[2026-02-09 15:40:44] [INFO]     > Already processed: MSFConsoleCommands-43.png
[2026-02-09 15:40:44] [INFO] 
[File] tools\Burpsuite\1-Install Burpsuite.md
[2026-02-09 15:40:44] [INFO]   Found 12 image(s)
[2026-02-09 15:40:44] [INFO]     > Already processed: 1-InstallBurpsuite-1.png
[2026-02-09 15:40:44] [INFO]     > Already processed: 1-InstallBurpsuite-2.png
[2026-02-09 15:40:44] [INFO]     > Already processed: 1-InstallBurpsuite-3.png
[2026-02-09 15:40:44] [INFO]     > Already processed: 1-InstallBurpsuite-4.png
[2026-02-09 15:40:44] [INFO]     > Already processed: 1-InstallBurpsuite-5.png
[2026-02-09 15:40:44] [INFO]     > Already processed: 1-InstallBurpsuite-6.png
[2026-02-09 15:40:44] [INFO]     > Already processed: 1-InstallBurpsuite-7.png
[2026-02-09 15:40:44] [INFO]     > Already processed: 1-InstallBurpsuite-8.png
[2026-02-09 15:40:44] [INFO]     > Already processed: 1-InstallBurpsuite-9.png
[2026-02-09 15:40:44] [INFO]     > Already processed: 1-InstallBurpsuite-10.png
[2026-02-09 15:40:44] [INFO]     > Already processed: 1-InstallBurpsuite-11.png
[2026-02-09 15:40:44] [INFO]     > Already processed: 1-InstallBurpsuite-12.png
[2026-02-09 15:40:44] [INFO] 
[File] tools\Burpsuite\2-Change HTTP Data & Bypass Parameters.md
[2026-02-09 15:40:44] [INFO]   Found 6 image(s)
[2026-02-09 15:40:44] [INFO]     > Already processed: 2-ChangeHTTPData&BypassParameters-1.png
[2026-02-09 15:40:44] [INFO]     > Already processed: 2-ChangeHTTPData&BypassParameters-2.png
[2026-02-09 15:40:44] [INFO]     > Already processed: 2-ChangeHTTPData&BypassParameters-3.png
[2026-02-09 15:40:44] [INFO]     > Already processed: 2-ChangeHTTPData&BypassParameters-4.png
[2026-02-09 15:40:44] [INFO]     > Already processed: 2-ChangeHTTPData&BypassParameters-5.png
[2026-02-09 15:40:44] [INFO]     > Already processed: 2-ChangeHTTPData&BypassParameters-6.png
[2026-02-09 15:40:44] [INFO] 
[JSON] Saved 126 total mappings to images_rename_mapping.json
[2026-02-09 15:40:44] [INFO]        (76 new mappings added)
[2026-02-09 15:40:44] [INFO] 
============================================================
[2026-02-09 15:40:44] [INFO] PHASE 2: Renaming physical image files...
[2026-02-09 15:40:44] [INFO] ============================================================
[2026-02-09 15:40:44] [INFO] Processing 76 file(s)
[2026-02-09 15:40:44] [INFO] 
[Category] cyber-security
[2026-02-09 15:40:44] [WARNING]   Warning: File not found: SANS-401-NetworkingandProtocols(401.1
[2026-02-09 15:40:44] [WARNING]   Warning: File not found: SANS-401-E3-Virtualization&CloudInfrastructure(401.1
[2026-02-09 15:40:44] [WARNING]   Warning: File not found: SANS-401-Wireless,Aircrack-ng,Wireshark(401.1
[2026-02-09 15:40:44] [WARNING]   Warning: File not found: SANS-401-Defense-in-Depth(401.2
[2026-02-09 15:40:44] [INFO] 
[Category] network
[2026-02-09 15:40:44] [INFO]   + Renamed: Pastedimage20240325144303.png
[2026-02-09 15:40:44] [INFO]     -> IP-MacAddressBasicandConcepts-1.png
[2026-02-09 15:40:44] [INFO]   + Renamed: Pastedimage20240325144616.png
[2026-02-09 15:40:44] [INFO]     -> IP-MacAddressBasicandConcepts-2.png
[2026-02-09 15:40:44] [INFO]   + Renamed: Pastedimage20240325144624.png
[2026-02-09 15:40:44] [INFO]     -> IP-MacAddressBasicandConcepts-3.png
[2026-02-09 15:40:44] [INFO]   + Renamed: Pastedimage20240325144714.png
[2026-02-09 15:40:44] [INFO]     -> IP-MacAddressBasicandConcepts-4.png
[2026-02-09 15:40:44] [INFO]   + Renamed: Pastedimage20240325145116.png
[2026-02-09 15:40:44] [INFO]     -> IP-MacAddressBasicandConcepts-5.png
[2026-02-09 15:40:44] [INFO]   + Renamed: Pastedimage20240325145021.png
[2026-02-09 15:40:44] [INFO]     -> IP-MacAddressBasicandConcepts-6.png
[2026-02-09 15:40:44] [INFO]   + Renamed: Pastedimage20240325145030.png
[2026-02-09 15:40:44] [INFO]     -> IP-MacAddressBasicandConcepts-7.png
[2026-02-09 15:40:44] [INFO]   + Renamed: Pastedimage20240325145052.png
[2026-02-09 15:40:44] [INFO]     -> IP-MacAddressBasicandConcepts-8.png
[2026-02-09 15:40:44] [INFO]   + Renamed: Pastedimage20240325145331.png
[2026-02-09 15:40:44] [INFO]     -> IP-MacAddressBasicandConcepts-9.png
[2026-02-09 15:40:44] [INFO]   + Renamed: Pastedimage20240325145329.png
[2026-02-09 15:40:44] [INFO]     -> IP-MacAddressBasicandConcepts-10.png
[2026-02-09 15:40:44] [INFO]   + Renamed: Pastedimage20240325150746.png
[2026-02-09 15:40:44] [INFO]     -> IP-MacAddressBasicandConcepts-11.png
[2026-02-09 15:40:44] [INFO]   + Renamed: Pastedimage20240325150755.png
[2026-02-09 15:40:44] [INFO]     -> IP-MacAddressBasicandConcepts-12.png
[2026-02-09 15:40:44] [INFO]   + Renamed: Pastedimage20240406230317.png
[2026-02-09 15:40:44] [INFO]     -> IP-MacAddressBasicandConcepts-13.png
[2026-02-09 15:40:44] [INFO]   + Renamed: Pastedimage20240325141535.png
[2026-02-09 15:40:44] [INFO]     -> NetworkBasics-Terminology-Topology-1.png
[2026-02-09 15:40:44] [INFO]   + Renamed: Pastedimage20240325141548.png
[2026-02-09 15:40:44] [INFO]     -> NetworkBasics-Terminology-Topology-2.png
[2026-02-09 15:40:44] [INFO]   + Renamed: Pastedimage20240325141501.png
[2026-02-09 15:40:44] [INFO]     -> NetworkBasics-Terminology-Topology-3.png
[2026-02-09 15:40:44] [INFO]   + Renamed: Pastedimage20240325141520.png
[2026-02-09 15:40:44] [INFO]     -> NetworkBasics-Terminology-Topology-4.png
[2026-02-09 15:40:44] [INFO]   + Renamed: Pastedimage20240325141624.png
[2026-02-09 15:40:44] [INFO]     -> NetworkBasics-Terminology-Topology-5.png
[2026-02-09 15:40:44] [INFO]   + Renamed: Pastedimage20240325141614.png
[2026-02-09 15:40:44] [INFO]     -> NetworkBasics-Terminology-Topology-6.png
[2026-02-09 15:40:44] [INFO]   + Renamed: Pastedimage20240325140633.png
[2026-02-09 15:40:44] [INFO]     -> NetworkBasics-Terminology-Topology-7.png
[2026-02-09 15:40:44] [INFO]   + Renamed: Pastedimage20240325140833.png
[2026-02-09 15:40:44] [INFO]     -> NetworkBasics-Terminology-Topology-8.png
[2026-02-09 15:40:44] [INFO]   + Renamed: Pastedimage20240325140528.png
[2026-02-09 15:40:44] [INFO]     -> NetworkBasics-Terminology-Topology-9.png
[2026-02-09 15:40:44] [INFO]   + Renamed: Pastedimage20240406230619.png
[2026-02-09 15:40:44] [INFO]     -> NetworkCableandComponents-1.png
[2026-02-09 15:40:44] [INFO]   + Renamed: Pastedimage20240325141055.png
[2026-02-09 15:40:44] [INFO]     -> NetworkCableandComponents-2.png
[2026-02-09 15:40:44] [INFO]   + Renamed: Pastedimage20240325141107.png
[2026-02-09 15:40:44] [INFO]     -> NetworkCableandComponents-3.png
[2026-02-09 15:40:44] [INFO]   + Renamed: Pastedimage20240325141114.png
[2026-02-09 15:40:44] [INFO]     -> NetworkCableandComponents-4.png
[2026-02-09 15:40:44] [INFO]   + Renamed: Pastedimage20240325141207.png
[2026-02-09 15:40:44] [INFO]     -> NetworkCableandComponents-5.png
[2026-02-09 15:40:44] [INFO]   + Renamed: Pastedimage20240406230340.png
[2026-02-09 15:40:44] [INFO]     -> NetworkCableandComponents-7.png
[2026-02-09 15:40:44] [INFO]   + Renamed: Pastedimage20240406230353.png
[2026-02-09 15:40:44] [INFO]     -> NetworkCableandComponents-8.png
[2026-02-09 15:40:44] [INFO]   + Renamed: Pastedimage20240406230421.png
[2026-02-09 15:40:44] [INFO]     -> NetworkCableandComponents-9.png
[2026-02-09 15:40:44] [INFO]   + Renamed: Pastedimage20240406230439.png
[2026-02-09 15:40:44] [INFO]     -> NetworkCableandComponents-10.png
[2026-02-09 15:40:44] [INFO]   + Renamed: Pastedimage20240406230505.png
[2026-02-09 15:40:44] [INFO]     -> NetworkCableandComponents-11.png
[2026-02-09 15:40:44] [INFO]   + Renamed: Pastedimage20240406230537.png
[2026-02-09 15:40:44] [INFO]     -> NetworkCableandComponents-12.png
[2026-02-09 15:40:44] [INFO]   + Renamed: Pastedimage20240406230541.png
[2026-02-09 15:40:44] [INFO]     -> NetworkCableandComponents-13.png
[2026-02-09 15:40:44] [INFO]   + Renamed: Pastedimage20240406230549.png
[2026-02-09 15:40:44] [INFO]     -> NetworkCableandComponents-14.png
[2026-02-09 15:40:44] [INFO]   + Renamed: Pastedimage20240406230552.png
[2026-02-09 15:40:44] [INFO]     -> NetworkCableandComponents-15.png
[2026-02-09 15:40:44] [INFO]   + Renamed: Pastedimage20240406230646.png
[2026-02-09 15:40:44] [INFO]     -> NetworkCableandComponents-16.png
[2026-02-09 15:40:44] [INFO]   + Renamed: Pastedimage20240406230658.png
[2026-02-09 15:40:44] [INFO]     -> NetworkCableandComponents-17.png
[2026-02-09 15:40:44] [INFO]   + Renamed: Pastedimage20240325142031.png
[2026-02-09 15:40:44] [INFO]     -> NetworkCableandComponents-18.png
[2026-02-09 15:40:44] [INFO]   + Renamed: Pastedimage20240325142133.png
[2026-02-09 15:40:44] [INFO]     -> NetworkCableandComponents-19.png
[2026-02-09 15:40:44] [INFO]   + Renamed: Pastedimage20240325142125.png
[2026-02-09 15:40:44] [INFO]     -> NetworkCableandComponents-20.png
[2026-02-09 15:40:44] [INFO]   + Renamed: Pastedimage20240406230723.png
[2026-02-09 15:40:44] [INFO]     -> NetworkCableandComponents-21.png
[2026-02-09 15:40:44] [INFO]   + Renamed: Pastedimage20240406230726.png
[2026-02-09 15:40:44] [INFO]     -> NetworkCableandComponents-22.png
[2026-02-09 15:40:44] [INFO]   + Renamed: Pastedimage20240406230935.png
[2026-02-09 15:40:44] [INFO]     -> NetworkCableandComponents-23.png
[2026-02-09 15:40:44] [INFO]   + Renamed: Pastedimage20240406230938.png
[2026-02-09 15:40:44] [INFO]     -> NetworkCableandComponents-24.png
[2026-02-09 15:40:44] [INFO]   + Renamed: Pastedimage20240406230748.png
[2026-02-09 15:40:44] [INFO]     -> NetworkCableandComponents-25.png
[2026-02-09 15:40:44] [INFO]   + Renamed: Pastedimage20240406230752.png
[2026-02-09 15:40:44] [INFO]     -> NetworkCableandComponents-26.png
[2026-02-09 15:40:44] [INFO]   + Renamed: Pastedimage20240406223913.png
[2026-02-09 15:40:44] [INFO]     -> NetworkCableandComponents-27.png
[2026-02-09 15:40:44] [INFO]   + Renamed: Pastedimage20240406224158.png
[2026-02-09 15:40:44] [INFO]     -> NetworkCableandComponents-28.png
[2026-02-09 15:40:44] [INFO]   + Renamed: Pastedimage20240406224126.png
[2026-02-09 15:40:44] [INFO]     -> NetworkCableandComponents-29.png
[2026-02-09 15:40:44] [INFO]   + Renamed: Pastedimage20240406224149.png
[2026-02-09 15:40:44] [INFO]     -> NetworkCableandComponents-30.png
[2026-02-09 15:40:44] [INFO]   + Renamed: Pastedimage20240406224347.png
[2026-02-09 15:40:44] [INFO]     -> NetworkCableandComponents-31.png
[2026-02-09 15:40:44] [INFO]   + Renamed: Pastedimage20240406224400.png
[2026-02-09 15:40:44] [INFO]     -> NetworkCableandComponents-32.png
[2026-02-09 15:40:44] [INFO]   + Renamed: Pastedimage20240406224406.png
[2026-02-09 15:40:44] [INFO]     -> NetworkCableandComponents-33.png
[2026-02-09 15:40:44] [INFO]   + Renamed: Pastedimage20240325142959.png
[2026-02-09 15:40:44] [INFO]     -> NetworkModels-OSIandTCPIP-1.png
[2026-02-09 15:40:44] [INFO]   + Renamed: Pastedimage20240325142910.png
[2026-02-09 15:40:44] [INFO]     -> NetworkModels-OSIandTCPIP-2.png
[2026-02-09 15:40:44] [INFO]   + Renamed: Pastedimage20240325142914.png
[2026-02-09 15:40:44] [INFO]     -> NetworkModels-OSIandTCPIP-3.png
[2026-02-09 15:40:44] [INFO]   + Renamed: Pastedimage20240325143619.png
[2026-02-09 15:40:44] [INFO]     -> NetworkModels-OSIandTCPIP-4.png
[2026-02-09 15:40:44] [INFO]   + Renamed: Pastedimage20240325143628.png
[2026-02-09 15:40:44] [INFO]     -> NetworkModels-OSIandTCPIP-5.png
[2026-02-09 15:40:44] [INFO]   + Renamed: Pastedimage20240325150435.png
[2026-02-09 15:40:44] [INFO]     -> NetworkModels-OSIandTCPIP-6.png
[2026-02-09 15:40:44] [INFO]   + Renamed: Pastedimage20240325150445.png
[2026-02-09 15:40:44] [INFO]     -> NetworkModels-OSIandTCPIP-7.png
[2026-02-09 15:40:44] [INFO]   + Renamed: Pastedimage20240325150455.png
[2026-02-09 15:40:44] [INFO]     -> NetworkModels-OSIandTCPIP-8.png
[2026-02-09 15:40:44] [INFO]   + Renamed: Pastedimage20240325150519.png
[2026-02-09 15:40:44] [INFO]     -> NetworkModels-OSIandTCPIP-9.png
[2026-02-09 15:40:44] [INFO]   + Renamed: Pastedimage20240325150534.png
[2026-02-09 15:40:44] [INFO]     -> NetworkModels-OSIandTCPIP-10.png
[2026-02-09 15:40:44] [INFO]   + Renamed: Pastedimage20240325150548.png
[2026-02-09 15:40:44] [INFO]     -> NetworkModels-OSIandTCPIP-11.png
[2026-02-09 15:40:44] [INFO]   + Renamed: Pastedimage20240608232002.png
[2026-02-09 15:40:44] [INFO]     -> NetworkModels-OSIandTCPIP-12.png
[2026-02-09 15:40:44] [INFO]   + Renamed: Pastedimage20240406230157.png
[2026-02-09 15:40:44] [INFO]     -> NetworkModels-OSIandTCPIP-13.png
[2026-02-09 15:40:44] [INFO]   + Renamed: Pastedimage20240406230215.png
[2026-02-09 15:40:44] [INFO]     -> NetworkModels-OSIandTCPIP-14.png
[2026-02-09 15:40:44] [INFO]   + Renamed: Pastedimage20240608215246.png
[2026-02-09 15:40:44] [INFO]     -> NetworkServices(DHCP-DNS,-VLAN)-1.png
[2026-02-09 15:40:44] [INFO]   + Renamed: Pastedimage20240525223258.png
[2026-02-09 15:40:44] [INFO]     -> WindowsNetworking-1.png
[2026-02-09 15:40:44] [INFO]   + Renamed: Pastedimage20240525222946.png
[2026-02-09 15:40:44] [INFO]     -> WindowsNetworking-2.png
[2026-02-09 15:40:44] [INFO] 
[Category] seo
[2026-02-09 15:40:44] [WARNING]   Warning: File not found: Woorank(CheckWebsiteSEO
[2026-02-09 15:40:44] [INFO] Saved 688 processed images to processed_images.json
[2026-02-09 15:40:44] [INFO] 
============================================================
[2026-02-09 15:40:44] [INFO] FINAL STATISTICS:
[2026-02-09 15:40:44] [INFO] ============================================================
[2026-02-09 15:40:44] [INFO] Files scanned: 30
[2026-02-09 15:40:44] [INFO] Images found: 356
[2026-02-09 15:40:44] [INFO] Images skipped (already processed): 186
[2026-02-09 15:40:44] [INFO] Images skipped (already correct): 38
[2026-02-09 15:40:44] [INFO] Physical files renamed: 71
[2026-02-09 15:40:44] [INFO] Errors: 0
[2026-02-09 15:40:44] [INFO] Total processed images tracked: 688
[2026-02-09 15:40:44] [INFO] Total mappings in database: 76
[2026-02-09 15:40:44] [INFO] ============================================================
[2026-02-09 15:40:44] [INFO] 
[SUCCESS] Physical images renamed successfully!
[2026-02-09 15:40:44] [INFO] Mapping saved to: images_rename_mapping.json
[2026-02-09 15:40:44] [INFO] Processed images tracked in: processed_images.json
[2026-02-09 15:40:44] [INFO] Full log: images_renamer.log
[2026-02-09 15:40:44] [INFO] 
NEXT STEP: Run image-article-renamer.py to update markdown references
[2026-02-09 15:40:44] [INFO] [Report] Summary report created: images_renamer_report.txt
[2026-02-09 15:40:44] [INFO] 
[COMPLETE] Process finished
[2026-02-09 15:40:44] [INFO] ============================================================

[2026-02-10 09:25:57] [INFO] ============================================================
[2026-02-10 09:25:57] [INFO] Starting image rename process (physical files only)
[2026-02-10 09:25:57] [INFO] ============================================================
[2026-02-10 09:25:57] [INFO] Loaded 714 processed image(s) from processed_images.json
[2026-02-10 09:25:57] [INFO] 
============================================================
[2026-02-10 09:25:57] [INFO] Verifying directories:
[2026-02-10 09:25:57] [INFO] ============================================================
[2026-02-10 09:25:57] [INFO] + Content directory: content
[2026-02-10 09:25:57] [INFO] + Static images directory: static/images
[2026-02-10 09:25:57] [INFO]   Categories: cyber-security, general, linux, network, seo, tools
[2026-02-10 09:25:57] [INFO] ============================================================
[2026-02-10 09:25:57] [INFO] PHASE 1: Scanning markdown files for images...
[2026-02-10 09:25:57] [INFO] ============================================================
[2026-02-10 09:25:57] [INFO] 
[File] all-articles\README.md
[2026-02-10 09:25:57] [INFO] 
[File] cyber-security\Cryptography\Basic-Encryption.md
[2026-02-10 09:25:57] [INFO]   Found 32 image(s)
[2026-02-10 09:25:57] [INFO]     > Already processed: Basic-Encryption-1.png
[2026-02-10 09:25:57] [INFO]     > Already processed: Basic-Encryption-2.png
[2026-02-10 09:25:57] [INFO]     > Already processed: Basic-Encryption-3.png
[2026-02-10 09:25:57] [INFO]     > Already processed: Basic-Encryption-4.png
[2026-02-10 09:25:57] [INFO]     > Already processed: Basic-Encryption-5.png
[2026-02-10 09:25:57] [INFO]     > Already processed: Basic-Encryption-6.png
[2026-02-10 09:25:57] [INFO]     > Already processed: Basic-Encryption-7.png
[2026-02-10 09:25:57] [INFO]     > Already processed: Basic-Encryption-8.png
[2026-02-10 09:25:57] [INFO]     > Already processed: Basic-Encryption-9.png
[2026-02-10 09:25:57] [INFO]     > Already processed: Basic-Encryption-10.png
[2026-02-10 09:25:57] [INFO]     > Already processed: Basic-Encryption-11.png
[2026-02-10 09:25:57] [INFO]     > Already processed: Basic-Encryption-12.png
[2026-02-10 09:25:57] [INFO]     > Already processed: Basic-Encryption-13.png
[2026-02-10 09:25:57] [INFO]     > Already processed: Basic-Encryption-14.png
[2026-02-10 09:25:57] [INFO]     > Already processed: Basic-Encryption-15.png
[2026-02-10 09:25:57] [INFO]     > Already processed: Basic-Encryption-16.png
[2026-02-10 09:25:57] [INFO]     > Already processed: Basic-Encryption-17.png
[2026-02-10 09:25:57] [INFO]     > Already processed: Basic-Encryption-18.png
[2026-02-10 09:25:57] [INFO]     > Already processed: Basic-Encryption-19.png
[2026-02-10 09:25:57] [INFO]     > Already processed: Basic-Encryption-20.png
[2026-02-10 09:25:57] [INFO]     > Already processed: Basic-Encryption-21.png
[2026-02-10 09:25:57] [INFO]     > Already processed: Basic-Encryption-22.png
[2026-02-10 09:25:57] [INFO]     > Already processed: Basic-Encryption-23.png
[2026-02-10 09:25:57] [INFO]     > Already processed: Basic-Encryption-24.png
[2026-02-10 09:25:57] [INFO]     > Already processed: Basic-Encryption-25.png
[2026-02-10 09:25:57] [INFO]     > Already processed: Basic-Encryption-26.png
[2026-02-10 09:25:57] [INFO]     > Already processed: Basic-Encryption-27.png
[2026-02-10 09:25:57] [INFO]     > Already processed: Basic-Encryption-28.png
[2026-02-10 09:25:57] [INFO]     > Already processed: Basic-Encryption-29.png
[2026-02-10 09:25:57] [INFO]     > Already processed: Basic-Encryption-30.png
[2026-02-10 09:25:57] [INFO]     > Already processed: Basic-Encryption-31.png
[2026-02-10 09:25:57] [INFO]     > Already processed: Basic-Encryption-32.png
[2026-02-10 09:25:57] [INFO] 
[File] cyber-security\Cryptography\Malwares.md
[2026-02-10 09:25:57] [INFO]   Found 6 image(s)
[2026-02-10 09:25:57] [INFO]     > Already processed: Malwares-1.png
[2026-02-10 09:25:57] [INFO]     > Already processed: Malwares-2.png
[2026-02-10 09:25:57] [INFO]     > Already processed: Malwares-3.png
[2026-02-10 09:25:57] [INFO]     > Already processed: Malwares-4.png
[2026-02-10 09:25:57] [INFO]     > Already processed: Malwares-5.png
[2026-02-10 09:25:57] [INFO]     > Already processed: Malwares-6.png
[2026-02-10 09:25:57] [INFO] 
[File] cyber-security\SANS-401\SANS-401-E0, E1 - (Introduction & Prepare Lab).md
[2026-02-10 09:25:57] [INFO]   Found 8 image(s)
[2026-02-10 09:25:57] [INFO]     > Already processed: SANS-401.0Introduction&PrepareLab-1.png
[2026-02-10 09:25:57] [INFO]     > Already processed: SANS-401.0Introduction&PrepareLab-2.png
[2026-02-10 09:25:57] [INFO]     > Already processed: SANS-401.0Introduction&PrepareLab-3.png
[2026-02-10 09:25:57] [INFO]     > Already processed: SANS-401.0Introduction&PrepareLab-4.png
[2026-02-10 09:25:57] [INFO]     > Already processed: SANS-401.0Introduction&PrepareLab-5.png
[2026-02-10 09:25:57] [INFO]     > Already processed: SANS-401.0Introduction&PrepareLab-6.png
[2026-02-10 09:25:57] [INFO]     > Already processed: SANS-401.0Introduction&PrepareLab-7.png
[2026-02-10 09:25:57] [INFO]     > Already processed: SANS-401.0Introduction&PrepareLab-8.png
[2026-02-10 09:25:57] [INFO] 
[File] cyber-security\SANS-401\SANS-401-E2 - Networking and Protocols (401.1).md
[2026-02-10 09:25:57] [INFO]   Found 13 image(s)
[2026-02-10 09:25:57] [INFO]     + Will rename: SANS-401-NetworkingandProtocols(401.1
[2026-02-10 09:25:57] [INFO]       -> SANS-401-NetworkingandProtocols(401.1)-1.1
[2026-02-10 09:25:57] [WARNING]     Warning: Image SANS-401-NetworkingandProtocols(401.1 has conflicting new names:
[2026-02-10 09:25:57] [WARNING]       Existing: SANS-401-NetworkingandProtocols(401.1)-1.1
[2026-02-10 09:25:57] [WARNING]       New: SANS-401-NetworkingandProtocols(401.1)-2.1
[2026-02-10 09:25:57] [WARNING]       Keeping: SANS-401-NetworkingandProtocols(401.1)-1.1
[2026-02-10 09:25:57] [WARNING]     Warning: Image SANS-401-NetworkingandProtocols(401.1 has conflicting new names:
[2026-02-10 09:25:57] [WARNING]       Existing: SANS-401-NetworkingandProtocols(401.1)-1.1
[2026-02-10 09:25:57] [WARNING]       New: SANS-401-NetworkingandProtocols(401.1)-3.1
[2026-02-10 09:25:57] [WARNING]       Keeping: SANS-401-NetworkingandProtocols(401.1)-1.1
[2026-02-10 09:25:57] [WARNING]     Warning: Image SANS-401-NetworkingandProtocols(401.1 has conflicting new names:
[2026-02-10 09:25:57] [WARNING]       Existing: SANS-401-NetworkingandProtocols(401.1)-1.1
[2026-02-10 09:25:57] [WARNING]       New: SANS-401-NetworkingandProtocols(401.1)-4.1
[2026-02-10 09:25:57] [WARNING]       Keeping: SANS-401-NetworkingandProtocols(401.1)-1.1
[2026-02-10 09:25:57] [WARNING]     Warning: Image SANS-401-NetworkingandProtocols(401.1 has conflicting new names:
[2026-02-10 09:25:57] [WARNING]       Existing: SANS-401-NetworkingandProtocols(401.1)-1.1
[2026-02-10 09:25:57] [WARNING]       New: SANS-401-NetworkingandProtocols(401.1)-5.1
[2026-02-10 09:25:57] [WARNING]       Keeping: SANS-401-NetworkingandProtocols(401.1)-1.1
[2026-02-10 09:25:57] [WARNING]     Warning: Image SANS-401-NetworkingandProtocols(401.1 has conflicting new names:
[2026-02-10 09:25:57] [WARNING]       Existing: SANS-401-NetworkingandProtocols(401.1)-1.1
[2026-02-10 09:25:57] [WARNING]       New: SANS-401-NetworkingandProtocols(401.1)-6.1
[2026-02-10 09:25:57] [WARNING]       Keeping: SANS-401-NetworkingandProtocols(401.1)-1.1
[2026-02-10 09:25:57] [WARNING]     Warning: Image SANS-401-NetworkingandProtocols(401.1 has conflicting new names:
[2026-02-10 09:25:57] [WARNING]       Existing: SANS-401-NetworkingandProtocols(401.1)-1.1
[2026-02-10 09:25:57] [WARNING]       New: SANS-401-NetworkingandProtocols(401.1)-7.1
[2026-02-10 09:25:57] [WARNING]       Keeping: SANS-401-NetworkingandProtocols(401.1)-1.1
[2026-02-10 09:25:57] [WARNING]     Warning: Image SANS-401-NetworkingandProtocols(401.1 has conflicting new names:
[2026-02-10 09:25:57] [WARNING]       Existing: SANS-401-NetworkingandProtocols(401.1)-1.1
[2026-02-10 09:25:57] [WARNING]       New: SANS-401-NetworkingandProtocols(401.1)-8.1
[2026-02-10 09:25:57] [WARNING]       Keeping: SANS-401-NetworkingandProtocols(401.1)-1.1
[2026-02-10 09:25:57] [WARNING]     Warning: Image SANS-401-NetworkingandProtocols(401.1 has conflicting new names:
[2026-02-10 09:25:57] [WARNING]       Existing: SANS-401-NetworkingandProtocols(401.1)-1.1
[2026-02-10 09:25:57] [WARNING]       New: SANS-401-NetworkingandProtocols(401.1)-9.1
[2026-02-10 09:25:57] [WARNING]       Keeping: SANS-401-NetworkingandProtocols(401.1)-1.1
[2026-02-10 09:25:57] [WARNING]     Warning: Image SANS-401-NetworkingandProtocols(401.1 has conflicting new names:
[2026-02-10 09:25:57] [WARNING]       Existing: SANS-401-NetworkingandProtocols(401.1)-1.1
[2026-02-10 09:25:57] [WARNING]       New: SANS-401-NetworkingandProtocols(401.1)-10.1
[2026-02-10 09:25:57] [WARNING]       Keeping: SANS-401-NetworkingandProtocols(401.1)-1.1
[2026-02-10 09:25:57] [WARNING]     Warning: Image SANS-401-NetworkingandProtocols(401.1 has conflicting new names:
[2026-02-10 09:25:57] [WARNING]       Existing: SANS-401-NetworkingandProtocols(401.1)-1.1
[2026-02-10 09:25:57] [WARNING]       New: SANS-401-NetworkingandProtocols(401.1)-11.1
[2026-02-10 09:25:57] [WARNING]       Keeping: SANS-401-NetworkingandProtocols(401.1)-1.1
[2026-02-10 09:25:57] [WARNING]     Warning: Image SANS-401-NetworkingandProtocols(401.1 has conflicting new names:
[2026-02-10 09:25:57] [WARNING]       Existing: SANS-401-NetworkingandProtocols(401.1)-1.1
[2026-02-10 09:25:57] [WARNING]       New: SANS-401-NetworkingandProtocols(401.1)-12.1
[2026-02-10 09:25:57] [WARNING]       Keeping: SANS-401-NetworkingandProtocols(401.1)-1.1
[2026-02-10 09:25:57] [WARNING]     Warning: Image SANS-401-NetworkingandProtocols(401.1 has conflicting new names:
[2026-02-10 09:25:57] [WARNING]       Existing: SANS-401-NetworkingandProtocols(401.1)-1.1
[2026-02-10 09:25:57] [WARNING]       New: SANS-401-NetworkingandProtocols(401.1)-13.1
[2026-02-10 09:25:57] [WARNING]       Keeping: SANS-401-NetworkingandProtocols(401.1)-1.1
[2026-02-10 09:25:57] [INFO] 
[File] cyber-security\SANS-401\SANS-401-E3 - Virtualization & Cloud Infrastructure(401.1).md
[2026-02-10 09:25:57] [INFO]   Found 14 image(s)
[2026-02-10 09:25:57] [INFO]     + Will rename: SANS-401-E3-Virtualization&CloudInfrastructure(401.1
[2026-02-10 09:25:57] [INFO]       -> SANS-401-Virtualization&CloudInfrastructure(401.1)-1.1
[2026-02-10 09:25:57] [WARNING]     Warning: Image SANS-401-E3-Virtualization&CloudInfrastructure(401.1 has conflicting new names:
[2026-02-10 09:25:57] [WARNING]       Existing: SANS-401-Virtualization&CloudInfrastructure(401.1)-1.1
[2026-02-10 09:25:57] [WARNING]       New: SANS-401-Virtualization&CloudInfrastructure(401.1)-2.1
[2026-02-10 09:25:57] [WARNING]       Keeping: SANS-401-Virtualization&CloudInfrastructure(401.1)-1.1
[2026-02-10 09:25:57] [WARNING]     Warning: Image SANS-401-E3-Virtualization&CloudInfrastructure(401.1 has conflicting new names:
[2026-02-10 09:25:57] [WARNING]       Existing: SANS-401-Virtualization&CloudInfrastructure(401.1)-1.1
[2026-02-10 09:25:57] [WARNING]       New: SANS-401-Virtualization&CloudInfrastructure(401.1)-3.1
[2026-02-10 09:25:57] [WARNING]       Keeping: SANS-401-Virtualization&CloudInfrastructure(401.1)-1.1
[2026-02-10 09:25:57] [WARNING]     Warning: Image SANS-401-E3-Virtualization&CloudInfrastructure(401.1 has conflicting new names:
[2026-02-10 09:25:57] [WARNING]       Existing: SANS-401-Virtualization&CloudInfrastructure(401.1)-1.1
[2026-02-10 09:25:57] [WARNING]       New: SANS-401-Virtualization&CloudInfrastructure(401.1)-4.1
[2026-02-10 09:25:57] [WARNING]       Keeping: SANS-401-Virtualization&CloudInfrastructure(401.1)-1.1
[2026-02-10 09:25:57] [WARNING]     Warning: Image SANS-401-E3-Virtualization&CloudInfrastructure(401.1 has conflicting new names:
[2026-02-10 09:25:57] [WARNING]       Existing: SANS-401-Virtualization&CloudInfrastructure(401.1)-1.1
[2026-02-10 09:25:57] [WARNING]       New: SANS-401-Virtualization&CloudInfrastructure(401.1)-5.1
[2026-02-10 09:25:57] [WARNING]       Keeping: SANS-401-Virtualization&CloudInfrastructure(401.1)-1.1
[2026-02-10 09:25:57] [WARNING]     Warning: Image SANS-401-E3-Virtualization&CloudInfrastructure(401.1 has conflicting new names:
[2026-02-10 09:25:57] [WARNING]       Existing: SANS-401-Virtualization&CloudInfrastructure(401.1)-1.1
[2026-02-10 09:25:57] [WARNING]       New: SANS-401-Virtualization&CloudInfrastructure(401.1)-6.1
[2026-02-10 09:25:57] [WARNING]       Keeping: SANS-401-Virtualization&CloudInfrastructure(401.1)-1.1
[2026-02-10 09:25:57] [WARNING]     Warning: Image SANS-401-E3-Virtualization&CloudInfrastructure(401.1 has conflicting new names:
[2026-02-10 09:25:57] [WARNING]       Existing: SANS-401-Virtualization&CloudInfrastructure(401.1)-1.1
[2026-02-10 09:25:57] [WARNING]       New: SANS-401-Virtualization&CloudInfrastructure(401.1)-7.1
[2026-02-10 09:25:57] [WARNING]       Keeping: SANS-401-Virtualization&CloudInfrastructure(401.1)-1.1
[2026-02-10 09:25:57] [WARNING]     Warning: Image SANS-401-E3-Virtualization&CloudInfrastructure(401.1 has conflicting new names:
[2026-02-10 09:25:57] [WARNING]       Existing: SANS-401-Virtualization&CloudInfrastructure(401.1)-1.1
[2026-02-10 09:25:57] [WARNING]       New: SANS-401-Virtualization&CloudInfrastructure(401.1)-8.1
[2026-02-10 09:25:57] [WARNING]       Keeping: SANS-401-Virtualization&CloudInfrastructure(401.1)-1.1
[2026-02-10 09:25:57] [WARNING]     Warning: Image SANS-401-E3-Virtualization&CloudInfrastructure(401.1 has conflicting new names:
[2026-02-10 09:25:57] [WARNING]       Existing: SANS-401-Virtualization&CloudInfrastructure(401.1)-1.1
[2026-02-10 09:25:57] [WARNING]       New: SANS-401-Virtualization&CloudInfrastructure(401.1)-9.1
[2026-02-10 09:25:57] [WARNING]       Keeping: SANS-401-Virtualization&CloudInfrastructure(401.1)-1.1
[2026-02-10 09:25:57] [WARNING]     Warning: Image SANS-401-E3-Virtualization&CloudInfrastructure(401.1 has conflicting new names:
[2026-02-10 09:25:57] [WARNING]       Existing: SANS-401-Virtualization&CloudInfrastructure(401.1)-1.1
[2026-02-10 09:25:57] [WARNING]       New: SANS-401-Virtualization&CloudInfrastructure(401.1)-10.1
[2026-02-10 09:25:57] [WARNING]       Keeping: SANS-401-Virtualization&CloudInfrastructure(401.1)-1.1
[2026-02-10 09:25:57] [WARNING]     Warning: Image SANS-401-E3-Virtualization&CloudInfrastructure(401.1 has conflicting new names:
[2026-02-10 09:25:57] [WARNING]       Existing: SANS-401-Virtualization&CloudInfrastructure(401.1)-1.1
[2026-02-10 09:25:57] [WARNING]       New: SANS-401-Virtualization&CloudInfrastructure(401.1)-11.1
[2026-02-10 09:25:57] [WARNING]       Keeping: SANS-401-Virtualization&CloudInfrastructure(401.1)-1.1
[2026-02-10 09:25:57] [WARNING]     Warning: Image SANS-401-E3-Virtualization&CloudInfrastructure(401.1 has conflicting new names:
[2026-02-10 09:25:57] [WARNING]       Existing: SANS-401-Virtualization&CloudInfrastructure(401.1)-1.1
[2026-02-10 09:25:57] [WARNING]       New: SANS-401-Virtualization&CloudInfrastructure(401.1)-12.1
[2026-02-10 09:25:57] [WARNING]       Keeping: SANS-401-Virtualization&CloudInfrastructure(401.1)-1.1
[2026-02-10 09:25:57] [WARNING]     Warning: Image SANS-401-E3-Virtualization&CloudInfrastructure(401.1 has conflicting new names:
[2026-02-10 09:25:57] [WARNING]       Existing: SANS-401-Virtualization&CloudInfrastructure(401.1)-1.1
[2026-02-10 09:25:57] [WARNING]       New: SANS-401-Virtualization&CloudInfrastructure(401.1)-13.1
[2026-02-10 09:25:57] [WARNING]       Keeping: SANS-401-Virtualization&CloudInfrastructure(401.1)-1.1
[2026-02-10 09:25:57] [WARNING]     Warning: Image SANS-401-E3-Virtualization&CloudInfrastructure(401.1 has conflicting new names:
[2026-02-10 09:25:57] [WARNING]       Existing: SANS-401-Virtualization&CloudInfrastructure(401.1)-1.1
[2026-02-10 09:25:57] [WARNING]       New: SANS-401-Virtualization&CloudInfrastructure(401.1)-14.1
[2026-02-10 09:25:57] [WARNING]       Keeping: SANS-401-Virtualization&CloudInfrastructure(401.1)-1.1
[2026-02-10 09:25:57] [INFO] 
[File] cyber-security\SANS-401\SANS-401-E4, E5, E6 - Wireless, Aircrack-ng, Wireshark (401.1).md
[2026-02-10 09:25:57] [INFO]   Found 12 image(s)
[2026-02-10 09:25:57] [INFO]     + Will rename: SANS-401-Wireless,Aircrack-ng,Wireshark(401.1
[2026-02-10 09:25:57] [INFO]       -> SANS-401-Wireless,Aircrack-ng,Wireshark(401.1)-1.1
[2026-02-10 09:25:57] [WARNING]     Warning: Image SANS-401-Wireless,Aircrack-ng,Wireshark(401.1 has conflicting new names:
[2026-02-10 09:25:57] [WARNING]       Existing: SANS-401-Wireless,Aircrack-ng,Wireshark(401.1)-1.1
[2026-02-10 09:25:57] [WARNING]       New: SANS-401-Wireless,Aircrack-ng,Wireshark(401.1)-2.1
[2026-02-10 09:25:57] [WARNING]       Keeping: SANS-401-Wireless,Aircrack-ng,Wireshark(401.1)-1.1
[2026-02-10 09:25:57] [WARNING]     Warning: Image SANS-401-Wireless,Aircrack-ng,Wireshark(401.1 has conflicting new names:
[2026-02-10 09:25:57] [WARNING]       Existing: SANS-401-Wireless,Aircrack-ng,Wireshark(401.1)-1.1
[2026-02-10 09:25:57] [WARNING]       New: SANS-401-Wireless,Aircrack-ng,Wireshark(401.1)-3.1
[2026-02-10 09:25:57] [WARNING]       Keeping: SANS-401-Wireless,Aircrack-ng,Wireshark(401.1)-1.1
[2026-02-10 09:25:57] [WARNING]     Warning: Image SANS-401-Wireless,Aircrack-ng,Wireshark(401.1 has conflicting new names:
[2026-02-10 09:25:57] [WARNING]       Existing: SANS-401-Wireless,Aircrack-ng,Wireshark(401.1)-1.1
[2026-02-10 09:25:57] [WARNING]       New: SANS-401-Wireless,Aircrack-ng,Wireshark(401.1)-4.1
[2026-02-10 09:25:57] [WARNING]       Keeping: SANS-401-Wireless,Aircrack-ng,Wireshark(401.1)-1.1
[2026-02-10 09:25:57] [WARNING]     Warning: Image SANS-401-Wireless,Aircrack-ng,Wireshark(401.1 has conflicting new names:
[2026-02-10 09:25:57] [WARNING]       Existing: SANS-401-Wireless,Aircrack-ng,Wireshark(401.1)-1.1
[2026-02-10 09:25:57] [WARNING]       New: SANS-401-Wireless,Aircrack-ng,Wireshark(401.1)-5.1
[2026-02-10 09:25:57] [WARNING]       Keeping: SANS-401-Wireless,Aircrack-ng,Wireshark(401.1)-1.1
[2026-02-10 09:25:57] [WARNING]     Warning: Image SANS-401-Wireless,Aircrack-ng,Wireshark(401.1 has conflicting new names:
[2026-02-10 09:25:57] [WARNING]       Existing: SANS-401-Wireless,Aircrack-ng,Wireshark(401.1)-1.1
[2026-02-10 09:25:57] [WARNING]       New: SANS-401-Wireless,Aircrack-ng,Wireshark(401.1)-6.1
[2026-02-10 09:25:57] [WARNING]       Keeping: SANS-401-Wireless,Aircrack-ng,Wireshark(401.1)-1.1
[2026-02-10 09:25:57] [WARNING]     Warning: Image SANS-401-Wireless,Aircrack-ng,Wireshark(401.1 has conflicting new names:
[2026-02-10 09:25:57] [WARNING]       Existing: SANS-401-Wireless,Aircrack-ng,Wireshark(401.1)-1.1
[2026-02-10 09:25:57] [WARNING]       New: SANS-401-Wireless,Aircrack-ng,Wireshark(401.1)-7.1
[2026-02-10 09:25:57] [WARNING]       Keeping: SANS-401-Wireless,Aircrack-ng,Wireshark(401.1)-1.1
[2026-02-10 09:25:57] [WARNING]     Warning: Image SANS-401-Wireless,Aircrack-ng,Wireshark(401.1 has conflicting new names:
[2026-02-10 09:25:57] [WARNING]       Existing: SANS-401-Wireless,Aircrack-ng,Wireshark(401.1)-1.1
[2026-02-10 09:25:57] [WARNING]       New: SANS-401-Wireless,Aircrack-ng,Wireshark(401.1)-8.1
[2026-02-10 09:25:57] [WARNING]       Keeping: SANS-401-Wireless,Aircrack-ng,Wireshark(401.1)-1.1
[2026-02-10 09:25:57] [WARNING]     Warning: Image SANS-401-Wireless,Aircrack-ng,Wireshark(401.1 has conflicting new names:
[2026-02-10 09:25:57] [WARNING]       Existing: SANS-401-Wireless,Aircrack-ng,Wireshark(401.1)-1.1
[2026-02-10 09:25:57] [WARNING]       New: SANS-401-Wireless,Aircrack-ng,Wireshark(401.1)-9.1
[2026-02-10 09:25:57] [WARNING]       Keeping: SANS-401-Wireless,Aircrack-ng,Wireshark(401.1)-1.1
[2026-02-10 09:25:57] [WARNING]     Warning: Image SANS-401-Wireless,Aircrack-ng,Wireshark(401.1 has conflicting new names:
[2026-02-10 09:25:57] [WARNING]       Existing: SANS-401-Wireless,Aircrack-ng,Wireshark(401.1)-1.1
[2026-02-10 09:25:57] [WARNING]       New: SANS-401-Wireless,Aircrack-ng,Wireshark(401.1)-10.1
[2026-02-10 09:25:57] [WARNING]       Keeping: SANS-401-Wireless,Aircrack-ng,Wireshark(401.1)-1.1
[2026-02-10 09:25:57] [WARNING]     Warning: Image SANS-401-Wireless,Aircrack-ng,Wireshark(401.1 has conflicting new names:
[2026-02-10 09:25:57] [WARNING]       Existing: SANS-401-Wireless,Aircrack-ng,Wireshark(401.1)-1.1
[2026-02-10 09:25:57] [WARNING]       New: SANS-401-Wireless,Aircrack-ng,Wireshark(401.1)-11.1
[2026-02-10 09:25:57] [WARNING]       Keeping: SANS-401-Wireless,Aircrack-ng,Wireshark(401.1)-1.1
[2026-02-10 09:25:57] [WARNING]     Warning: Image SANS-401-Wireless,Aircrack-ng,Wireshark(401.1 has conflicting new names:
[2026-02-10 09:25:57] [WARNING]       Existing: SANS-401-Wireless,Aircrack-ng,Wireshark(401.1)-1.1
[2026-02-10 09:25:57] [WARNING]       New: SANS-401-Wireless,Aircrack-ng,Wireshark(401.1)-12.1
[2026-02-10 09:25:57] [WARNING]       Keeping: SANS-401-Wireless,Aircrack-ng,Wireshark(401.1)-1.1
[2026-02-10 09:25:57] [INFO] 
[File] cyber-security\SANS-401\SANS-401-E7- Defense-in-Depth (401.2).md
[2026-02-10 09:25:57] [INFO]   Found 9 image(s)
[2026-02-10 09:25:57] [INFO]     + Will rename: SANS-401-Defense-in-Depth(401.2
[2026-02-10 09:25:57] [INFO]       -> SANS-401-Defense-in-Depth(401.2)-1.2
[2026-02-10 09:25:57] [WARNING]     Warning: Image SANS-401-Defense-in-Depth(401.2 has conflicting new names:
[2026-02-10 09:25:57] [WARNING]       Existing: SANS-401-Defense-in-Depth(401.2)-1.2
[2026-02-10 09:25:57] [WARNING]       New: SANS-401-Defense-in-Depth(401.2)-2.2
[2026-02-10 09:25:57] [WARNING]       Keeping: SANS-401-Defense-in-Depth(401.2)-1.2
[2026-02-10 09:25:57] [WARNING]     Warning: Image SANS-401-Defense-in-Depth(401.2 has conflicting new names:
[2026-02-10 09:25:57] [WARNING]       Existing: SANS-401-Defense-in-Depth(401.2)-1.2
[2026-02-10 09:25:57] [WARNING]       New: SANS-401-Defense-in-Depth(401.2)-3.2
[2026-02-10 09:25:57] [WARNING]       Keeping: SANS-401-Defense-in-Depth(401.2)-1.2
[2026-02-10 09:25:57] [WARNING]     Warning: Image SANS-401-Defense-in-Depth(401.2 has conflicting new names:
[2026-02-10 09:25:57] [WARNING]       Existing: SANS-401-Defense-in-Depth(401.2)-1.2
[2026-02-10 09:25:57] [WARNING]       New: SANS-401-Defense-in-Depth(401.2)-4.2
[2026-02-10 09:25:57] [WARNING]       Keeping: SANS-401-Defense-in-Depth(401.2)-1.2
[2026-02-10 09:25:57] [WARNING]     Warning: Image SANS-401-Defense-in-Depth(401.2 has conflicting new names:
[2026-02-10 09:25:57] [WARNING]       Existing: SANS-401-Defense-in-Depth(401.2)-1.2
[2026-02-10 09:25:57] [WARNING]       New: SANS-401-Defense-in-Depth(401.2)-5.2
[2026-02-10 09:25:57] [WARNING]       Keeping: SANS-401-Defense-in-Depth(401.2)-1.2
[2026-02-10 09:25:57] [WARNING]     Warning: Image SANS-401-Defense-in-Depth(401.2 has conflicting new names:
[2026-02-10 09:25:57] [WARNING]       Existing: SANS-401-Defense-in-Depth(401.2)-1.2
[2026-02-10 09:25:57] [WARNING]       New: SANS-401-Defense-in-Depth(401.2)-6.2
[2026-02-10 09:25:57] [WARNING]       Keeping: SANS-401-Defense-in-Depth(401.2)-1.2
[2026-02-10 09:25:57] [WARNING]     Warning: Image SANS-401-Defense-in-Depth(401.2 has conflicting new names:
[2026-02-10 09:25:57] [WARNING]       Existing: SANS-401-Defense-in-Depth(401.2)-1.2
[2026-02-10 09:25:57] [WARNING]       New: SANS-401-Defense-in-Depth(401.2)-7.2
[2026-02-10 09:25:57] [WARNING]       Keeping: SANS-401-Defense-in-Depth(401.2)-1.2
[2026-02-10 09:25:57] [WARNING]     Warning: Image SANS-401-Defense-in-Depth(401.2 has conflicting new names:
[2026-02-10 09:25:57] [WARNING]       Existing: SANS-401-Defense-in-Depth(401.2)-1.2
[2026-02-10 09:25:57] [WARNING]       New: SANS-401-Defense-in-Depth(401.2)-8.2
[2026-02-10 09:25:57] [WARNING]       Keeping: SANS-401-Defense-in-Depth(401.2)-1.2
[2026-02-10 09:25:57] [WARNING]     Warning: Image SANS-401-Defense-in-Depth(401.2 has conflicting new names:
[2026-02-10 09:25:57] [WARNING]       Existing: SANS-401-Defense-in-Depth(401.2)-1.2
[2026-02-10 09:25:57] [WARNING]       New: SANS-401-Defense-in-Depth(401.2)-9.2
[2026-02-10 09:25:57] [WARNING]       Keeping: SANS-401-Defense-in-Depth(401.2)-1.2
[2026-02-10 09:25:57] [INFO] 
[File] cyber-security\SANS-401\SANS-401-E8, E9 - Password Cracking.md
[2026-02-10 09:25:57] [INFO]   Found 30 image(s)
[2026-02-10 09:25:57] [INFO]     > Already processed: SANS-401-PasswordCracking-1.png
[2026-02-10 09:25:57] [INFO]     > Already processed: SANS-401-PasswordCracking-2.png
[2026-02-10 09:25:57] [INFO]     > Already processed: SANS-401-PasswordCracking-3.png
[2026-02-10 09:25:57] [INFO]     > Already processed: SANS-401-PasswordCracking-4.png
[2026-02-10 09:25:57] [INFO]     > Already processed: SANS-401-PasswordCracking-5.png
[2026-02-10 09:25:57] [INFO]     > Already processed: SANS-401-PasswordCracking-6.png
[2026-02-10 09:25:57] [INFO]     > Already processed: SANS-401-PasswordCracking-7.png
[2026-02-10 09:25:57] [INFO]     > Already processed: SANS-401-PasswordCracking-8.png
[2026-02-10 09:25:57] [INFO]     > Already processed: SANS-401-PasswordCracking-9.png
[2026-02-10 09:25:57] [INFO]     > Already processed: SANS-401-PasswordCracking-10.png
[2026-02-10 09:25:57] [INFO]     > Already processed: SANS-401-PasswordCracking-11.png
[2026-02-10 09:25:57] [INFO]     > Already processed: SANS-401-PasswordCracking-12.png
[2026-02-10 09:25:57] [INFO]     > Already processed: SANS-401-PasswordCracking-13.png
[2026-02-10 09:25:57] [INFO]     > Already processed: SANS-401-PasswordCracking-14.png
[2026-02-10 09:25:57] [INFO]     > Already processed: SANS-401-PasswordCracking-15.png
[2026-02-10 09:25:57] [INFO]     > Already processed: SANS-401-PasswordCracking-16.png
[2026-02-10 09:25:57] [INFO]     > Already processed: SANS-401-PasswordCracking-17.png
[2026-02-10 09:25:57] [INFO]     > Already processed: SANS-401-PasswordCracking-18.png
[2026-02-10 09:25:57] [INFO]     > Already processed: SANS-401-PasswordCracking-19.png
[2026-02-10 09:25:57] [INFO]     > Already processed: SANS-401-PasswordCracking-20.png
[2026-02-10 09:25:57] [INFO]     > Already processed: SANS-401-PasswordCracking-21.png
[2026-02-10 09:25:57] [INFO]     > Already processed: SANS-401-PasswordCracking-22.png
[2026-02-10 09:25:57] [INFO]     > Already processed: SANS-401-PasswordCracking-23.png
[2026-02-10 09:25:57] [INFO]     > Already processed: SANS-401-PasswordCracking-24.png
[2026-02-10 09:25:57] [INFO]     > Already processed: SANS-401-PasswordCracking-25.png
[2026-02-10 09:25:57] [INFO]     > Already processed: SANS-401-PasswordCracking-26.png
[2026-02-10 09:25:57] [INFO]     > Already processed: SANS-401-PasswordCracking-27.png
[2026-02-10 09:25:57] [INFO]     > Already processed: SANS-401-PasswordCracking-28.png
[2026-02-10 09:25:57] [INFO]     > Already processed: SANS-401-PasswordCracking-29.png
[2026-02-10 09:25:57] [INFO]     > Already processed: SANS-401-PasswordCracking-30.png
[2026-02-10 09:25:57] [INFO] 
[File] linux\60 Commands Hacker Should Know it.md
[2026-02-10 09:25:57] [INFO]   Found 24 image(s)
[2026-02-10 09:25:57] [INFO]     > Already processed: 60CommandsHackerShouldKnowit-1.png
[2026-02-10 09:25:57] [INFO]     > Already processed: 60CommandsHackerShouldKnowit-2.png
[2026-02-10 09:25:57] [INFO]     > Already processed: 60CommandsHackerShouldKnowit-3.png
[2026-02-10 09:25:57] [INFO]     > Already processed: 60CommandsHackerShouldKnowit-4.png
[2026-02-10 09:25:57] [INFO]     > Already processed: 60CommandsHackerShouldKnowit-5.png
[2026-02-10 09:25:57] [INFO]     > Already processed: 60CommandsHackerShouldKnowit-6.png
[2026-02-10 09:25:57] [INFO]     > Already processed: 60CommandsHackerShouldKnowit-7.png
[2026-02-10 09:25:57] [INFO]     > Already processed: 60CommandsHackerShouldKnowit-8.png
[2026-02-10 09:25:57] [INFO]     > Already processed: 60CommandsHackerShouldKnowit-9.png
[2026-02-10 09:25:57] [INFO]     > Already processed: 60CommandsHackerShouldKnowit-10.png
[2026-02-10 09:25:57] [INFO]     > Already processed: 60CommandsHackerShouldKnowit-11.png
[2026-02-10 09:25:57] [INFO]     > Already processed: 60CommandsHackerShouldKnowit-12.png
[2026-02-10 09:25:57] [INFO]     > Already processed: 60CommandsHackerShouldKnowit-13.png
[2026-02-10 09:25:57] [INFO]     > Already processed: 60CommandsHackerShouldKnowit-14.png
[2026-02-10 09:25:57] [INFO]     > Already processed: 60CommandsHackerShouldKnowit-15.png
[2026-02-10 09:25:57] [INFO]     > Already processed: 60CommandsHackerShouldKnowit-16.png
[2026-02-10 09:25:57] [INFO]     > Already processed: 60CommandsHackerShouldKnowit-17.png
[2026-02-10 09:25:57] [INFO]     > Already processed: 60CommandsHackerShouldKnowit-18.png
[2026-02-10 09:25:57] [INFO]     > Already processed: 60CommandsHackerShouldKnowit-19.png
[2026-02-10 09:25:57] [INFO]     > Already processed: 60CommandsHackerShouldKnowit-20.png
[2026-02-10 09:25:57] [INFO]     > Already processed: 60CommandsHackerShouldKnowit-21.png
[2026-02-10 09:25:57] [INFO]     > Already processed: 60CommandsHackerShouldKnowit-22.png
[2026-02-10 09:25:57] [INFO]     > Already processed: 60CommandsHackerShouldKnowit-23.png
[2026-02-10 09:25:57] [INFO]     > Already processed: 60CommandsHackerShouldKnowit-24.png
[2026-02-10 09:25:57] [INFO] 
[File] linux\Kali Linux Installing Guide.md
[2026-02-10 09:25:57] [INFO]   Found 18 image(s)
[2026-02-10 09:25:57] [INFO]     + Will rename: Pastedimage20240903184118.png
[2026-02-10 09:25:57] [INFO]       -> KaliLinuxInstallingGuide-1.png
[2026-02-10 09:25:57] [INFO]     + Will rename: Pastedimage20240903183816.png
[2026-02-10 09:25:57] [INFO]       -> KaliLinuxInstallingGuide-2.png
[2026-02-10 09:25:57] [INFO]     + Will rename: Pastedimage20240903183835.png
[2026-02-10 09:25:57] [INFO]       -> KaliLinuxInstallingGuide-3.png
[2026-02-10 09:25:57] [INFO]     + Will rename: Pastedimage20240903184028.png
[2026-02-10 09:25:57] [INFO]       -> KaliLinuxInstallingGuide-4.png
[2026-02-10 09:25:57] [INFO]     + Will rename: Pastedimage20240903184051.png
[2026-02-10 09:25:57] [INFO]       -> KaliLinuxInstallingGuide-5.png
[2026-02-10 09:25:57] [INFO]     + Will rename: Pastedimage20240625164355.png
[2026-02-10 09:25:57] [INFO]       -> KaliLinuxInstallingGuide-6.png
[2026-02-10 09:25:57] [INFO]     + Will rename: Pastedimage20240625164829.png
[2026-02-10 09:25:57] [INFO]       -> KaliLinuxInstallingGuide-7.png
[2026-02-10 09:25:57] [INFO]     + Will rename: Pastedimage20240625165040.png
[2026-02-10 09:25:57] [INFO]       -> KaliLinuxInstallingGuide-8.png
[2026-02-10 09:25:57] [INFO]     + Will rename: Pastedimage20240625165250.png
[2026-02-10 09:25:57] [INFO]       -> KaliLinuxInstallingGuide-9.png
[2026-02-10 09:25:57] [INFO]     + Will rename: Pastedimage20240625165754.png
[2026-02-10 09:25:57] [INFO]       -> KaliLinuxInstallingGuide-10.png
[2026-02-10 09:25:57] [INFO]     + Will rename: Pastedimage20240625170641.png
[2026-02-10 09:25:57] [INFO]       -> KaliLinuxInstallingGuide-11.png
[2026-02-10 09:25:57] [INFO]     + Will rename: Pastedimage20240625171002.png
[2026-02-10 09:25:57] [INFO]       -> KaliLinuxInstallingGuide-12.png
[2026-02-10 09:25:57] [INFO]     + Will rename: Pastedimage20240625171239.png
[2026-02-10 09:25:57] [INFO]       -> KaliLinuxInstallingGuide-13.png
[2026-02-10 09:25:57] [INFO]     + Will rename: Pastedimage20240625235408.png
[2026-02-10 09:25:57] [INFO]       -> KaliLinuxInstallingGuide-14.png
[2026-02-10 09:25:57] [INFO]     + Will rename: Pastedimage20240625200802.png
[2026-02-10 09:25:57] [INFO]       -> KaliLinuxInstallingGuide-15.png
[2026-02-10 09:25:57] [INFO]     + Will rename: Pastedimage20240625200927.png
[2026-02-10 09:25:57] [INFO]       -> KaliLinuxInstallingGuide-16.png
[2026-02-10 09:25:57] [INFO]     + Will rename: Pastedimage20240625201253.png
[2026-02-10 09:25:57] [INFO]       -> KaliLinuxInstallingGuide-17.png
[2026-02-10 09:25:57] [INFO]     + Will rename: Pastedimage20240625201528.png
[2026-02-10 09:25:57] [INFO]       -> KaliLinuxInstallingGuide-18.png
[2026-02-10 09:25:57] [INFO] 
[File] network\IP-Mac Address Basic and Concepts.md
[2026-02-10 09:25:57] [INFO]   Found 13 image(s)
[2026-02-10 09:25:57] [INFO]     > Already correct: IP-MacAddressBasicandConcepts-1.png
[2026-02-10 09:25:57] [INFO]     > Already correct: IP-MacAddressBasicandConcepts-2.png
[2026-02-10 09:25:57] [INFO]     > Already correct: IP-MacAddressBasicandConcepts-3.png
[2026-02-10 09:25:57] [INFO]     > Already correct: IP-MacAddressBasicandConcepts-4.png
[2026-02-10 09:25:57] [INFO]     > Already correct: IP-MacAddressBasicandConcepts-5.png
[2026-02-10 09:25:57] [INFO]     > Already correct: IP-MacAddressBasicandConcepts-6.png
[2026-02-10 09:25:57] [INFO]     > Already correct: IP-MacAddressBasicandConcepts-7.png
[2026-02-10 09:25:57] [INFO]     > Already correct: IP-MacAddressBasicandConcepts-8.png
[2026-02-10 09:25:57] [INFO]     > Already correct: IP-MacAddressBasicandConcepts-9.png
[2026-02-10 09:25:57] [INFO]     > Already correct: IP-MacAddressBasicandConcepts-10.png
[2026-02-10 09:25:57] [INFO]     > Already correct: IP-MacAddressBasicandConcepts-11.png
[2026-02-10 09:25:57] [INFO]     > Already correct: IP-MacAddressBasicandConcepts-12.png
[2026-02-10 09:25:57] [INFO]     > Already correct: IP-MacAddressBasicandConcepts-13.png
[2026-02-10 09:25:57] [INFO] 
[File] network\Network Basics-Terminology-Topology.md
[2026-02-10 09:25:57] [INFO]   Found 9 image(s)
[2026-02-10 09:25:57] [INFO]     + Will rename: NetworkBasics-Terminology-Topology-1.png
[2026-02-10 09:25:57] [INFO]       -> مبانی،لغتشناسیوتوپولوژیهایشبکه-1.png
[2026-02-10 09:25:57] [INFO]     + Will rename: NetworkBasics-Terminology-Topology-2.png
[2026-02-10 09:25:57] [INFO]       -> مبانی،لغتشناسیوتوپولوژیهایشبکه-2.png
[2026-02-10 09:25:57] [INFO]     + Will rename: NetworkBasics-Terminology-Topology-3.png
[2026-02-10 09:25:57] [INFO]       -> مبانی،لغتشناسیوتوپولوژیهایشبکه-3.png
[2026-02-10 09:25:57] [INFO]     + Will rename: NetworkBasics-Terminology-Topology-4.png
[2026-02-10 09:25:57] [INFO]       -> مبانی،لغتشناسیوتوپولوژیهایشبکه-4.png
[2026-02-10 09:25:57] [INFO]     + Will rename: NetworkBasics-Terminology-Topology-5.png
[2026-02-10 09:25:57] [INFO]       -> مبانی،لغتشناسیوتوپولوژیهایشبکه-5.png
[2026-02-10 09:25:57] [INFO]     + Will rename: NetworkBasics-Terminology-Topology-6.png
[2026-02-10 09:25:57] [INFO]       -> مبانی،لغتشناسیوتوپولوژیهایشبکه-6.png
[2026-02-10 09:25:57] [INFO]     + Will rename: NetworkBasics-Terminology-Topology-7.png
[2026-02-10 09:25:57] [INFO]       -> مبانی،لغتشناسیوتوپولوژیهایشبکه-7.png
[2026-02-10 09:25:57] [INFO]     + Will rename: NetworkBasics-Terminology-Topology-8.png
[2026-02-10 09:25:57] [INFO]       -> مبانی،لغتشناسیوتوپولوژیهایشبکه-8.png
[2026-02-10 09:25:57] [INFO]     + Will rename: NetworkBasics-Terminology-Topology-9.png
[2026-02-10 09:25:57] [INFO]       -> مبانی،لغتشناسیوتوپولوژیهایشبکه-9.png
[2026-02-10 09:25:57] [INFO] 
[File] network\Network Cable and Components.md
[2026-02-10 09:25:57] [INFO]   Found 33 image(s)
[2026-02-10 09:25:57] [INFO]     + Will rename: NetworkCableandComponents-1.png
[2026-02-10 09:25:57] [INFO]       -> انواعدیوایسهاوکابلهایشبکه-1.png
[2026-02-10 09:25:57] [INFO]     + Will rename: NetworkCableandComponents-2.png
[2026-02-10 09:25:57] [INFO]       -> انواعدیوایسهاوکابلهایشبکه-2.png
[2026-02-10 09:25:57] [INFO]     + Will rename: NetworkCableandComponents-3.png
[2026-02-10 09:25:57] [INFO]       -> انواعدیوایسهاوکابلهایشبکه-3.png
[2026-02-10 09:25:57] [INFO]     + Will rename: NetworkCableandComponents-4.png
[2026-02-10 09:25:57] [INFO]       -> انواعدیوایسهاوکابلهایشبکه-4.png
[2026-02-10 09:25:57] [INFO]     + Will rename: NetworkCableandComponents-5.png
[2026-02-10 09:25:57] [INFO]       -> انواعدیوایسهاوکابلهایشبکه-5.png
[2026-02-10 09:25:57] [INFO]     + Will rename: NetworkCableandComponents-7.png
[2026-02-10 09:25:57] [INFO]       -> انواعدیوایسهاوکابلهایشبکه-7.png
[2026-02-10 09:25:57] [INFO]     + Will rename: NetworkCableandComponents-8.png
[2026-02-10 09:25:57] [INFO]       -> انواعدیوایسهاوکابلهایشبکه-8.png
[2026-02-10 09:25:57] [INFO]     + Will rename: NetworkCableandComponents-9.png
[2026-02-10 09:25:57] [INFO]       -> انواعدیوایسهاوکابلهایشبکه-9.png
[2026-02-10 09:25:57] [INFO]     + Will rename: NetworkCableandComponents-10.png
[2026-02-10 09:25:57] [INFO]       -> انواعدیوایسهاوکابلهایشبکه-10.png
[2026-02-10 09:25:57] [INFO]     + Will rename: NetworkCableandComponents-11.png
[2026-02-10 09:25:57] [INFO]       -> انواعدیوایسهاوکابلهایشبکه-11.png
[2026-02-10 09:25:57] [INFO]     + Will rename: NetworkCableandComponents-12.png
[2026-02-10 09:25:57] [INFO]       -> انواعدیوایسهاوکابلهایشبکه-12.png
[2026-02-10 09:25:57] [INFO]     + Will rename: NetworkCableandComponents-13.png
[2026-02-10 09:25:57] [INFO]       -> انواعدیوایسهاوکابلهایشبکه-13.png
[2026-02-10 09:25:57] [INFO]     + Will rename: NetworkCableandComponents-14.png
[2026-02-10 09:25:57] [INFO]       -> انواعدیوایسهاوکابلهایشبکه-14.png
[2026-02-10 09:25:57] [INFO]     + Will rename: NetworkCableandComponents-15.png
[2026-02-10 09:25:57] [INFO]       -> انواعدیوایسهاوکابلهایشبکه-15.png
[2026-02-10 09:25:57] [INFO]     + Will rename: NetworkCableandComponents-16.png
[2026-02-10 09:25:57] [INFO]       -> انواعدیوایسهاوکابلهایشبکه-16.png
[2026-02-10 09:25:57] [INFO]     + Will rename: NetworkCableandComponents-17.png
[2026-02-10 09:25:57] [INFO]       -> انواعدیوایسهاوکابلهایشبکه-17.png
[2026-02-10 09:25:57] [INFO]     + Will rename: NetworkCableandComponents-18.png
[2026-02-10 09:25:57] [INFO]       -> انواعدیوایسهاوکابلهایشبکه-18.png
[2026-02-10 09:25:57] [INFO]     + Will rename: NetworkCableandComponents-19.png
[2026-02-10 09:25:57] [INFO]       -> انواعدیوایسهاوکابلهایشبکه-19.png
[2026-02-10 09:25:57] [INFO]     + Will rename: NetworkCableandComponents-20.png
[2026-02-10 09:25:57] [INFO]       -> انواعدیوایسهاوکابلهایشبکه-20.png
[2026-02-10 09:25:57] [INFO]     + Will rename: NetworkCableandComponents-21.png
[2026-02-10 09:25:57] [INFO]       -> انواعدیوایسهاوکابلهایشبکه-21.png
[2026-02-10 09:25:57] [INFO]     + Will rename: NetworkCableandComponents-22.png
[2026-02-10 09:25:57] [INFO]       -> انواعدیوایسهاوکابلهایشبکه-22.png
[2026-02-10 09:25:57] [INFO]     + Will rename: NetworkCableandComponents-23.png
[2026-02-10 09:25:57] [INFO]       -> انواعدیوایسهاوکابلهایشبکه-23.png
[2026-02-10 09:25:57] [INFO]     + Will rename: NetworkCableandComponents-24.png
[2026-02-10 09:25:57] [INFO]       -> انواعدیوایسهاوکابلهایشبکه-24.png
[2026-02-10 09:25:57] [INFO]     + Will rename: NetworkCableandComponents-25.png
[2026-02-10 09:25:57] [INFO]       -> انواعدیوایسهاوکابلهایشبکه-25.png
[2026-02-10 09:25:57] [INFO]     + Will rename: NetworkCableandComponents-26.png
[2026-02-10 09:25:57] [INFO]       -> انواعدیوایسهاوکابلهایشبکه-26.png
[2026-02-10 09:25:57] [INFO]     + Will rename: NetworkCableandComponents-27.png
[2026-02-10 09:25:57] [INFO]       -> انواعدیوایسهاوکابلهایشبکه-27.png
[2026-02-10 09:25:57] [INFO]     + Will rename: NetworkCableandComponents-28.png
[2026-02-10 09:25:57] [INFO]       -> انواعدیوایسهاوکابلهایشبکه-28.png
[2026-02-10 09:25:57] [INFO]     + Will rename: NetworkCableandComponents-29.png
[2026-02-10 09:25:57] [INFO]       -> انواعدیوایسهاوکابلهایشبکه-29.png
[2026-02-10 09:25:57] [INFO]     + Will rename: NetworkCableandComponents-30.png
[2026-02-10 09:25:57] [INFO]       -> انواعدیوایسهاوکابلهایشبکه-30.png
[2026-02-10 09:25:57] [INFO]     + Will rename: NetworkCableandComponents-31.png
[2026-02-10 09:25:57] [INFO]       -> انواعدیوایسهاوکابلهایشبکه-31.png
[2026-02-10 09:25:57] [INFO]     + Will rename: NetworkCableandComponents-32.png
[2026-02-10 09:25:57] [INFO]       -> انواعدیوایسهاوکابلهایشبکه-32.png
[2026-02-10 09:25:57] [INFO]     + Will rename: NetworkCableandComponents-33.png
[2026-02-10 09:25:57] [INFO]       -> انواعدیوایسهاوکابلهایشبکه-33.png
[2026-02-10 09:25:57] [INFO] 
[File] network\Network Commands & File Printer Sharing.md
[2026-02-10 09:25:57] [INFO] 
[File] network\Network Models-OSI and TCPIP.md
[2026-02-10 09:25:57] [INFO]   Found 14 image(s)
[2026-02-10 09:25:57] [INFO]     > Already correct: NetworkModels-OSIandTCPIP-1.png
[2026-02-10 09:25:57] [INFO]     > Already correct: NetworkModels-OSIandTCPIP-2.png
[2026-02-10 09:25:57] [INFO]     > Already correct: NetworkModels-OSIandTCPIP-3.png
[2026-02-10 09:25:57] [INFO]     > Already correct: NetworkModels-OSIandTCPIP-4.png
[2026-02-10 09:25:57] [INFO]     > Already correct: NetworkModels-OSIandTCPIP-5.png
[2026-02-10 09:25:57] [INFO]     > Already correct: NetworkModels-OSIandTCPIP-6.png
[2026-02-10 09:25:57] [INFO]     > Already correct: NetworkModels-OSIandTCPIP-7.png
[2026-02-10 09:25:57] [INFO]     > Already correct: NetworkModels-OSIandTCPIP-8.png
[2026-02-10 09:25:57] [INFO]     > Already correct: NetworkModels-OSIandTCPIP-9.png
[2026-02-10 09:25:57] [INFO]     > Already correct: NetworkModels-OSIandTCPIP-10.png
[2026-02-10 09:25:57] [INFO]     > Already correct: NetworkModels-OSIandTCPIP-11.png
[2026-02-10 09:25:57] [INFO]     > Already correct: NetworkModels-OSIandTCPIP-12.png
[2026-02-10 09:25:57] [INFO]     > Already correct: NetworkModels-OSIandTCPIP-13.png
[2026-02-10 09:25:57] [INFO]     > Already correct: NetworkModels-OSIandTCPIP-14.png
[2026-02-10 09:25:57] [INFO] 
[File] network\Network Services(DHCP-DNS,-VLAN).md
[2026-02-10 09:25:57] [INFO]   Found 1 image(s)
[2026-02-10 09:25:57] [INFO]     + Will rename: NetworkServices(DHCP-DNS,-VLAN
[2026-02-10 09:25:57] [INFO]       -> مطالبیکهبراییادگیریVLAN,DHCP,DNSبایدآموخت؟-1
[2026-02-10 09:25:57] [INFO] 
[File] network\Virtualization Concepts.md
[2026-02-10 09:25:57] [INFO]   Found 8 image(s)
[2026-02-10 09:25:57] [INFO]     + Will rename: Pastedimage20240902120134.png
[2026-02-10 09:25:57] [INFO]       -> VirtualizationConcepts-1.png
[2026-02-10 09:25:57] [INFO]     + Will rename: Pastedimage20240521175544.png
[2026-02-10 09:25:57] [INFO]       -> VirtualizationConcepts-2.png
[2026-02-10 09:25:57] [INFO]     + Will rename: Pastedimage20240522154828.png
[2026-02-10 09:25:57] [INFO]       -> VirtualizationConcepts-3.png
[2026-02-10 09:25:57] [INFO]     + Will rename: Pastedimage20240522160228.png
[2026-02-10 09:25:57] [INFO]       -> VirtualizationConcepts-4.png
[2026-02-10 09:25:57] [INFO]     + Will rename: Pastedimage20240522160429.png
[2026-02-10 09:25:57] [INFO]       -> VirtualizationConcepts-5.png
[2026-02-10 09:25:57] [INFO]     + Will rename: Pastedimage20240522160629.png
[2026-02-10 09:25:57] [INFO]       -> VirtualizationConcepts-6.png
[2026-02-10 09:25:57] [INFO]     + Will rename: Pastedimage20240522161517.png
[2026-02-10 09:25:57] [INFO]       -> VirtualizationConcepts-7.png
[2026-02-10 09:25:57] [INFO]     + Will rename: Pastedimage20240522161741.png
[2026-02-10 09:25:57] [INFO]       -> VirtualizationConcepts-8.png
[2026-02-10 09:25:57] [INFO] 
[File] network\Windows Networking.md
[2026-02-10 09:25:57] [INFO]   Found 2 image(s)
[2026-02-10 09:25:57] [INFO]     + Will rename: WindowsNetworking-1.png
[2026-02-10 09:25:57] [INFO]       -> راهاندازیشبکهویندوز-1.png
[2026-02-10 09:25:57] [INFO]     + Will rename: WindowsNetworking-2.png
[2026-02-10 09:25:57] [INFO]       -> راهاندازیشبکهویندوز-2.png
[2026-02-10 09:25:57] [INFO] 
[File] python\Dir-Buster-Module.md
[2026-02-10 09:25:57] [INFO] 
[File] seo\0-SEO-Theories\E1 to E5 - SEO Intro, Search Engines, Keywords.md
[2026-02-10 09:25:57] [INFO]   Found 11 image(s)
[2026-02-10 09:25:57] [INFO]     > Already processed: SEOIntro,SearchEngines,Keywords-1.png
[2026-02-10 09:25:57] [INFO]     > Already processed: SEOIntro,SearchEngines,Keywords-2.png
[2026-02-10 09:25:57] [INFO]     > Already processed: SEOIntro,SearchEngines,Keywords-3.png
[2026-02-10 09:25:57] [INFO]     > Already processed: SEOIntro,SearchEngines,Keywords-4.png
[2026-02-10 09:25:57] [INFO]     > Already processed: SEOIntro,SearchEngines,Keywords-5.png
[2026-02-10 09:25:57] [INFO]     > Already processed: SEOIntro,SearchEngines,Keywords-6.png
[2026-02-10 09:25:57] [INFO]     > Already processed: SEOIntro,SearchEngines,Keywords-7.png
[2026-02-10 09:25:57] [INFO]     > Already processed: SEOIntro,SearchEngines,Keywords-8.png
[2026-02-10 09:25:57] [INFO]     > Already processed: SEOIntro,SearchEngines,Keywords-9.png
[2026-02-10 09:25:57] [INFO]     > Already processed: SEOIntro,SearchEngines,Keywords-10.png
[2026-02-10 09:25:57] [INFO]     > Already processed: SEOIntro,SearchEngines,Keywords-11.png
[2026-02-10 09:25:57] [INFO] 
[File] seo\0-SEO-Theories\E10, E11, - Content SEO, Important Website Pages.md
[2026-02-10 09:25:57] [INFO]   Found 10 image(s)
[2026-02-10 09:25:57] [INFO]     > Already processed: ContentSEO,ImportantWebsitePages-1.png
[2026-02-10 09:25:57] [INFO]     > Already processed: ContentSEO,ImportantWebsitePages-2.png
[2026-02-10 09:25:57] [INFO]     > Already processed: ContentSEO,ImportantWebsitePages-3.png
[2026-02-10 09:25:57] [INFO]     > Already processed: ContentSEO,ImportantWebsitePages-4.png
[2026-02-10 09:25:57] [INFO]     > Already processed: ContentSEO,ImportantWebsitePages-5.png
[2026-02-10 09:25:57] [INFO]     > Already processed: ContentSEO,ImportantWebsitePages-6.png
[2026-02-10 09:25:57] [INFO]     > Already processed: ContentSEO,ImportantWebsitePages-7.png
[2026-02-10 09:25:57] [INFO]     > Already processed: ContentSEO,ImportantWebsitePages-8.png
[2026-02-10 09:25:57] [INFO]     > Already processed: ContentSEO,ImportantWebsitePages-9.png
[2026-02-10 09:25:57] [INFO]     > Already processed: ContentSEO,ImportantWebsitePages-10.png
[2026-02-10 09:25:57] [INFO] 
[File] seo\0-SEO-Theories\E12- Woorank(Check Website SEO).md
[2026-02-10 09:25:57] [INFO]   Found 12 image(s)
[2026-02-10 09:25:57] [INFO]     + Will rename: Woorank(CheckWebsiteSEO
[2026-02-10 09:25:57] [INFO]       -> Woorank(CheckWebsiteSEO)-1
[2026-02-10 09:25:57] [WARNING]     Warning: Image Woorank(CheckWebsiteSEO has conflicting new names:
[2026-02-10 09:25:57] [WARNING]       Existing: Woorank(CheckWebsiteSEO)-1
[2026-02-10 09:25:57] [WARNING]       New: Woorank(CheckWebsiteSEO)-2
[2026-02-10 09:25:57] [WARNING]       Keeping: Woorank(CheckWebsiteSEO)-1
[2026-02-10 09:25:57] [WARNING]     Warning: Image Woorank(CheckWebsiteSEO has conflicting new names:
[2026-02-10 09:25:57] [WARNING]       Existing: Woorank(CheckWebsiteSEO)-1
[2026-02-10 09:25:57] [WARNING]       New: Woorank(CheckWebsiteSEO)-3
[2026-02-10 09:25:57] [WARNING]       Keeping: Woorank(CheckWebsiteSEO)-1
[2026-02-10 09:25:57] [WARNING]     Warning: Image Woorank(CheckWebsiteSEO has conflicting new names:
[2026-02-10 09:25:57] [WARNING]       Existing: Woorank(CheckWebsiteSEO)-1
[2026-02-10 09:25:57] [WARNING]       New: Woorank(CheckWebsiteSEO)-4
[2026-02-10 09:25:57] [WARNING]       Keeping: Woorank(CheckWebsiteSEO)-1
[2026-02-10 09:25:57] [WARNING]     Warning: Image Woorank(CheckWebsiteSEO has conflicting new names:
[2026-02-10 09:25:57] [WARNING]       Existing: Woorank(CheckWebsiteSEO)-1
[2026-02-10 09:25:57] [WARNING]       New: Woorank(CheckWebsiteSEO)-5
[2026-02-10 09:25:57] [WARNING]       Keeping: Woorank(CheckWebsiteSEO)-1
[2026-02-10 09:25:57] [WARNING]     Warning: Image Woorank(CheckWebsiteSEO has conflicting new names:
[2026-02-10 09:25:57] [WARNING]       Existing: Woorank(CheckWebsiteSEO)-1
[2026-02-10 09:25:57] [WARNING]       New: Woorank(CheckWebsiteSEO)-6
[2026-02-10 09:25:57] [WARNING]       Keeping: Woorank(CheckWebsiteSEO)-1
[2026-02-10 09:25:57] [WARNING]     Warning: Image Woorank(CheckWebsiteSEO has conflicting new names:
[2026-02-10 09:25:57] [WARNING]       Existing: Woorank(CheckWebsiteSEO)-1
[2026-02-10 09:25:57] [WARNING]       New: Woorank(CheckWebsiteSEO)-7
[2026-02-10 09:25:57] [WARNING]       Keeping: Woorank(CheckWebsiteSEO)-1
[2026-02-10 09:25:57] [WARNING]     Warning: Image Woorank(CheckWebsiteSEO has conflicting new names:
[2026-02-10 09:25:57] [WARNING]       Existing: Woorank(CheckWebsiteSEO)-1
[2026-02-10 09:25:57] [WARNING]       New: Woorank(CheckWebsiteSEO)-8
[2026-02-10 09:25:57] [WARNING]       Keeping: Woorank(CheckWebsiteSEO)-1
[2026-02-10 09:25:57] [WARNING]     Warning: Image Woorank(CheckWebsiteSEO has conflicting new names:
[2026-02-10 09:25:57] [WARNING]       Existing: Woorank(CheckWebsiteSEO)-1
[2026-02-10 09:25:57] [WARNING]       New: Woorank(CheckWebsiteSEO)-9
[2026-02-10 09:25:57] [WARNING]       Keeping: Woorank(CheckWebsiteSEO)-1
[2026-02-10 09:25:57] [WARNING]     Warning: Image Woorank(CheckWebsiteSEO has conflicting new names:
[2026-02-10 09:25:57] [WARNING]       Existing: Woorank(CheckWebsiteSEO)-1
[2026-02-10 09:25:57] [WARNING]       New: Woorank(CheckWebsiteSEO)-10
[2026-02-10 09:25:57] [WARNING]       Keeping: Woorank(CheckWebsiteSEO)-1
[2026-02-10 09:25:57] [WARNING]     Warning: Image Woorank(CheckWebsiteSEO has conflicting new names:
[2026-02-10 09:25:57] [WARNING]       Existing: Woorank(CheckWebsiteSEO)-1
[2026-02-10 09:25:57] [WARNING]       New: Woorank(CheckWebsiteSEO)-11
[2026-02-10 09:25:57] [WARNING]       Keeping: Woorank(CheckWebsiteSEO)-1
[2026-02-10 09:25:57] [WARNING]     Warning: Image Woorank(CheckWebsiteSEO has conflicting new names:
[2026-02-10 09:25:57] [WARNING]       Existing: Woorank(CheckWebsiteSEO)-1
[2026-02-10 09:25:57] [WARNING]       New: Woorank(CheckWebsiteSEO)-12
[2026-02-10 09:25:57] [WARNING]       Keeping: Woorank(CheckWebsiteSEO)-1
[2026-02-10 09:25:57] [INFO] 
[File] seo\0-SEO-Theories\E13 - Good Contents for SEO.md
[2026-02-10 09:25:57] [INFO]   Found 3 image(s)
[2026-02-10 09:25:57] [INFO]     > Already processed: GoodContentsforSEO-1.png
[2026-02-10 09:25:57] [INFO]     > Already processed: GoodContentsforSEO-2.png
[2026-02-10 09:25:58] [INFO]     > Already processed: GoodContentsforSEO-3.png
[2026-02-10 09:25:58] [INFO] 
[File] seo\0-SEO-Theories\E14 - Links in SEO(Internal & External).md
[2026-02-10 09:25:58] [INFO] 
[File] seo\0-SEO-Theories\E15 - Page Rank.md
[2026-02-10 09:25:58] [INFO]   Found 2 image(s)
[2026-02-10 09:25:58] [INFO]     > Already processed: PageRank-1.png
[2026-02-10 09:25:58] [INFO]     > Already processed: PageRank-2.png
[2026-02-10 09:25:58] [INFO] 
[File] seo\0-SEO-Theories\E16 - Page Authority & Domain Authority.md
[2026-02-10 09:25:58] [INFO]   Found 3 image(s)
[2026-02-10 09:25:58] [INFO]     > Already processed: PageAuthority&DomainAuthority-1.png
[2026-02-10 09:25:58] [INFO]     > Already processed: PageAuthority&DomainAuthority-2.png
[2026-02-10 09:25:58] [INFO]     > Already processed: PageAuthority&DomainAuthority-3.png
[2026-02-10 09:25:58] [INFO] 
[File] seo\0-SEO-Theories\E17 - Backlinks.md
[2026-02-10 09:25:58] [INFO]   Found 1 image(s)
[2026-02-10 09:25:58] [INFO]     > Already processed: Backlinks-1.png
[2026-02-10 09:25:58] [INFO] 
[File] seo\0-SEO-Theories\E6 to E9 - Find Keywords,  Website Structure & Necessary HTML Tags for SEO.md
[2026-02-10 09:25:58] [INFO]   Found 33 image(s)
[2026-02-10 09:25:58] [INFO]     > Already processed: FindKeywords,WebsiteStructure&NecessaryHTMLTagsforSEO-1.png
[2026-02-10 09:25:58] [INFO]     > Already processed: FindKeywords,WebsiteStructure&NecessaryHTMLTagsforSEO-2.png
[2026-02-10 09:25:58] [INFO]     > Already processed: FindKeywords,WebsiteStructure&NecessaryHTMLTagsforSEO-3.png
[2026-02-10 09:25:58] [INFO]     > Already processed: FindKeywords,WebsiteStructure&NecessaryHTMLTagsforSEO-4.png
[2026-02-10 09:25:58] [INFO]     > Already processed: FindKeywords,WebsiteStructure&NecessaryHTMLTagsforSEO-5.png
[2026-02-10 09:25:58] [INFO]     > Already processed: FindKeywords,WebsiteStructure&NecessaryHTMLTagsforSEO-6.png
[2026-02-10 09:25:58] [INFO]     > Already processed: FindKeywords,WebsiteStructure&NecessaryHTMLTagsforSEO-7.png
[2026-02-10 09:25:58] [INFO]     > Already processed: FindKeywords,WebsiteStructure&NecessaryHTMLTagsforSEO-8.png
[2026-02-10 09:25:58] [INFO]     > Already processed: FindKeywords,WebsiteStructure&NecessaryHTMLTagsforSEO-9.png
[2026-02-10 09:25:58] [INFO]     > Already processed: FindKeywords,WebsiteStructure&NecessaryHTMLTagsforSEO-10.png
[2026-02-10 09:25:58] [INFO]     > Already processed: FindKeywords,WebsiteStructure&NecessaryHTMLTagsforSEO-11.png
[2026-02-10 09:25:58] [INFO]     > Already processed: FindKeywords,WebsiteStructure&NecessaryHTMLTagsforSEO-12.png
[2026-02-10 09:25:58] [INFO]     > Already processed: FindKeywords,WebsiteStructure&NecessaryHTMLTagsforSEO-13.png
[2026-02-10 09:25:58] [INFO]     > Already processed: FindKeywords,WebsiteStructure&NecessaryHTMLTagsforSEO-14.png
[2026-02-10 09:25:58] [INFO]     > Already processed: FindKeywords,WebsiteStructure&NecessaryHTMLTagsforSEO-15.png
[2026-02-10 09:25:58] [INFO]     > Already processed: FindKeywords,WebsiteStructure&NecessaryHTMLTagsforSEO-16.png
[2026-02-10 09:25:58] [INFO]     > Already processed: FindKeywords,WebsiteStructure&NecessaryHTMLTagsforSEO-17.png
[2026-02-10 09:25:58] [INFO]     > Already processed: FindKeywords,WebsiteStructure&NecessaryHTMLTagsforSEO-18.png
[2026-02-10 09:25:58] [INFO]     > Already processed: FindKeywords,WebsiteStructure&NecessaryHTMLTagsforSEO-19.png
[2026-02-10 09:25:58] [INFO]     > Already processed: FindKeywords,WebsiteStructure&NecessaryHTMLTagsforSEO-20.png
[2026-02-10 09:25:58] [INFO]     > Already processed: FindKeywords,WebsiteStructure&NecessaryHTMLTagsforSEO-21.png
[2026-02-10 09:25:58] [INFO]     > Already processed: FindKeywords,WebsiteStructure&NecessaryHTMLTagsforSEO-22.png
[2026-02-10 09:25:58] [INFO]     > Already processed: FindKeywords,WebsiteStructure&NecessaryHTMLTagsforSEO-23.png
[2026-02-10 09:25:58] [INFO]     > Already processed: FindKeywords,WebsiteStructure&NecessaryHTMLTagsforSEO-24.png
[2026-02-10 09:25:58] [INFO]     > Already processed: FindKeywords,WebsiteStructure&NecessaryHTMLTagsforSEO-25.png
[2026-02-10 09:25:58] [INFO]     > Already processed: FindKeywords,WebsiteStructure&NecessaryHTMLTagsforSEO-26.png
[2026-02-10 09:25:58] [INFO]     > Already processed: FindKeywords,WebsiteStructure&NecessaryHTMLTagsforSEO-27.png
[2026-02-10 09:25:58] [INFO]     > Already processed: FindKeywords,WebsiteStructure&NecessaryHTMLTagsforSEO-28.png
[2026-02-10 09:25:58] [INFO]     > Already processed: FindKeywords,WebsiteStructure&NecessaryHTMLTagsforSEO-29.png
[2026-02-10 09:25:58] [INFO]     > Already processed: FindKeywords,WebsiteStructure&NecessaryHTMLTagsforSEO-30.png
[2026-02-10 09:25:58] [INFO]     > Already processed: FindKeywords,WebsiteStructure&NecessaryHTMLTagsforSEO-31.png
[2026-02-10 09:25:58] [INFO]     > Already processed: FindKeywords,WebsiteStructure&NecessaryHTMLTagsforSEO-32.png
[2026-02-10 09:25:58] [INFO]     > Already processed: FindKeywords,WebsiteStructure&NecessaryHTMLTagsforSEO-33.png
[2026-02-10 09:25:58] [INFO] 
[File] tools\MSFConsole Commands.md
[2026-02-10 09:25:58] [INFO]   Found 43 image(s)
[2026-02-10 09:25:58] [INFO]     > Already processed: MSFConsoleCommands-1.png
[2026-02-10 09:25:58] [INFO]     > Already processed: MSFConsoleCommands-2.png
[2026-02-10 09:25:58] [INFO]     > Already processed: MSFConsoleCommands-3.png
[2026-02-10 09:25:58] [INFO]     > Already processed: MSFConsoleCommands-4.png
[2026-02-10 09:25:58] [INFO]     > Already processed: MSFConsoleCommands-5.png
[2026-02-10 09:25:58] [INFO]     > Already processed: MSFConsoleCommands-6.png
[2026-02-10 09:25:58] [INFO]     > Already processed: MSFConsoleCommands-7.png
[2026-02-10 09:25:58] [INFO]     > Already processed: MSFConsoleCommands-8.png
[2026-02-10 09:25:58] [INFO]     > Already processed: MSFConsoleCommands-9.png
[2026-02-10 09:25:58] [INFO]     > Already processed: MSFConsoleCommands-10.png
[2026-02-10 09:25:58] [INFO]     > Already processed: MSFConsoleCommands-11.png
[2026-02-10 09:25:58] [INFO]     > Already processed: MSFConsoleCommands-12.png
[2026-02-10 09:25:58] [INFO]     > Already processed: MSFConsoleCommands-13.png
[2026-02-10 09:25:58] [INFO]     > Already processed: MSFConsoleCommands-14.png
[2026-02-10 09:25:58] [INFO]     > Already processed: MSFConsoleCommands-15.png
[2026-02-10 09:25:58] [INFO]     > Already processed: MSFConsoleCommands-16.png
[2026-02-10 09:25:58] [INFO]     > Already processed: MSFConsoleCommands-17.png
[2026-02-10 09:25:58] [INFO]     > Already processed: MSFConsoleCommands-18.png
[2026-02-10 09:25:58] [INFO]     > Already processed: MSFConsoleCommands-19.png
[2026-02-10 09:25:58] [INFO]     > Already processed: MSFConsoleCommands-20.png
[2026-02-10 09:25:58] [INFO]     > Already processed: MSFConsoleCommands-21.png
[2026-02-10 09:25:58] [INFO]     > Already processed: MSFConsoleCommands-22.png
[2026-02-10 09:25:58] [INFO]     > Already processed: MSFConsoleCommands-23.png
[2026-02-10 09:25:58] [INFO]     > Already processed: MSFConsoleCommands-24.png
[2026-02-10 09:25:58] [INFO]     > Already processed: MSFConsoleCommands-25.png
[2026-02-10 09:25:58] [INFO]     > Already processed: MSFConsoleCommands-26.png
[2026-02-10 09:25:58] [INFO]     > Already processed: MSFConsoleCommands-27.png
[2026-02-10 09:25:58] [INFO]     > Already processed: MSFConsoleCommands-28.png
[2026-02-10 09:25:58] [INFO]     > Already processed: MSFConsoleCommands-29.png
[2026-02-10 09:25:58] [INFO]     > Already processed: MSFConsoleCommands-30.png
[2026-02-10 09:25:58] [INFO]     > Already processed: MSFConsoleCommands-31.png
[2026-02-10 09:25:58] [INFO]     > Already processed: MSFConsoleCommands-32.png
[2026-02-10 09:25:58] [INFO]     > Already processed: MSFConsoleCommands-33.png
[2026-02-10 09:25:58] [INFO]     > Already processed: MSFConsoleCommands-34.png
[2026-02-10 09:25:58] [INFO]     > Already processed: MSFConsoleCommands-35.png
[2026-02-10 09:25:58] [INFO]     > Already processed: MSFConsoleCommands-36.png
[2026-02-10 09:25:58] [INFO]     > Already processed: MSFConsoleCommands-37.png
[2026-02-10 09:25:58] [INFO]     > Already processed: MSFConsoleCommands-38.png
[2026-02-10 09:25:58] [INFO]     > Already processed: MSFConsoleCommands-39.png
[2026-02-10 09:25:58] [INFO]     > Already processed: MSFConsoleCommands-40.png
[2026-02-10 09:25:58] [INFO]     > Already processed: MSFConsoleCommands-41.png
[2026-02-10 09:25:58] [INFO]     > Already processed: MSFConsoleCommands-42.png
[2026-02-10 09:25:58] [INFO]     > Already processed: MSFConsoleCommands-43.png
[2026-02-10 09:25:58] [INFO] 
[File] tools\Burpsuite\1-Install Burpsuite.md
[2026-02-10 09:25:58] [INFO]   Found 12 image(s)
[2026-02-10 09:25:58] [INFO]     > Already processed: 1-InstallBurpsuite-1.png
[2026-02-10 09:25:58] [INFO]     > Already processed: 1-InstallBurpsuite-2.png
[2026-02-10 09:25:58] [INFO]     > Already processed: 1-InstallBurpsuite-3.png
[2026-02-10 09:25:58] [INFO]     > Already processed: 1-InstallBurpsuite-4.png
[2026-02-10 09:25:58] [INFO]     > Already processed: 1-InstallBurpsuite-5.png
[2026-02-10 09:25:58] [INFO]     > Already processed: 1-InstallBurpsuite-6.png
[2026-02-10 09:25:58] [INFO]     > Already processed: 1-InstallBurpsuite-7.png
[2026-02-10 09:25:58] [INFO]     > Already processed: 1-InstallBurpsuite-8.png
[2026-02-10 09:25:58] [INFO]     > Already processed: 1-InstallBurpsuite-9.png
[2026-02-10 09:25:58] [INFO]     > Already processed: 1-InstallBurpsuite-10.png
[2026-02-10 09:25:58] [INFO]     > Already processed: 1-InstallBurpsuite-11.png
[2026-02-10 09:25:58] [INFO]     > Already processed: 1-InstallBurpsuite-12.png
[2026-02-10 09:25:58] [INFO] 
[File] tools\Burpsuite\2-Change HTTP Data & Bypass Parameters.md
[2026-02-10 09:25:58] [INFO]   Found 6 image(s)
[2026-02-10 09:25:58] [INFO]     > Already processed: 2-ChangeHTTPData&BypassParameters-1.png
[2026-02-10 09:25:58] [INFO]     > Already processed: 2-ChangeHTTPData&BypassParameters-2.png
[2026-02-10 09:25:58] [INFO]     > Already processed: 2-ChangeHTTPData&BypassParameters-3.png
[2026-02-10 09:25:58] [INFO]     > Already processed: 2-ChangeHTTPData&BypassParameters-4.png
[2026-02-10 09:25:58] [INFO]     > Already processed: 2-ChangeHTTPData&BypassParameters-5.png
[2026-02-10 09:25:58] [INFO]     > Already processed: 2-ChangeHTTPData&BypassParameters-6.png
[2026-02-10 09:25:58] [INFO] 
[JSON] Saved 196 total mappings to images_rename_mapping.json
[2026-02-10 09:25:58] [INFO]        (75 new mappings added)
[2026-02-10 09:25:58] [INFO] 
============================================================
[2026-02-10 09:25:58] [INFO] PHASE 2: Renaming physical image files...
[2026-02-10 09:25:58] [INFO] ============================================================
[2026-02-10 09:25:58] [INFO] Processing 75 file(s)
[2026-02-10 09:25:58] [INFO] 
[Category] cyber-security
[2026-02-10 09:25:58] [WARNING]   Warning: File not found: SANS-401-NetworkingandProtocols(401.1
[2026-02-10 09:25:58] [WARNING]   Warning: File not found: SANS-401-E3-Virtualization&CloudInfrastructure(401.1
[2026-02-10 09:25:58] [WARNING]   Warning: File not found: SANS-401-Wireless,Aircrack-ng,Wireshark(401.1
[2026-02-10 09:25:58] [WARNING]   Warning: File not found: SANS-401-Defense-in-Depth(401.2
[2026-02-10 09:25:58] [INFO] 
[Category] linux
[2026-02-10 09:25:58] [INFO]   + Renamed: Pastedimage20240903184118.png
[2026-02-10 09:25:58] [INFO]     -> KaliLinuxInstallingGuide-1.png
[2026-02-10 09:25:58] [INFO]   + Renamed: Pastedimage20240903183816.png
[2026-02-10 09:25:58] [INFO]     -> KaliLinuxInstallingGuide-2.png
[2026-02-10 09:25:58] [INFO]   + Renamed: Pastedimage20240903183835.png
[2026-02-10 09:25:58] [INFO]     -> KaliLinuxInstallingGuide-3.png
[2026-02-10 09:25:58] [INFO]   + Renamed: Pastedimage20240903184028.png
[2026-02-10 09:25:58] [INFO]     -> KaliLinuxInstallingGuide-4.png
[2026-02-10 09:25:58] [INFO]   + Renamed: Pastedimage20240903184051.png
[2026-02-10 09:25:58] [INFO]     -> KaliLinuxInstallingGuide-5.png
[2026-02-10 09:25:58] [INFO]   + Renamed: Pastedimage20240625164355.png
[2026-02-10 09:25:58] [INFO]     -> KaliLinuxInstallingGuide-6.png
[2026-02-10 09:25:58] [INFO]   + Renamed: Pastedimage20240625164829.png
[2026-02-10 09:25:58] [INFO]     -> KaliLinuxInstallingGuide-7.png
[2026-02-10 09:25:58] [INFO]   + Renamed: Pastedimage20240625165040.png
[2026-02-10 09:25:58] [INFO]     -> KaliLinuxInstallingGuide-8.png
[2026-02-10 09:25:58] [INFO]   + Renamed: Pastedimage20240625165250.png
[2026-02-10 09:25:58] [INFO]     -> KaliLinuxInstallingGuide-9.png
[2026-02-10 09:25:58] [INFO]   + Renamed: Pastedimage20240625165754.png
[2026-02-10 09:25:58] [INFO]     -> KaliLinuxInstallingGuide-10.png
[2026-02-10 09:25:58] [INFO]   + Renamed: Pastedimage20240625170641.png
[2026-02-10 09:25:58] [INFO]     -> KaliLinuxInstallingGuide-11.png
[2026-02-10 09:25:58] [INFO]   + Renamed: Pastedimage20240625171002.png
[2026-02-10 09:25:58] [INFO]     -> KaliLinuxInstallingGuide-12.png
[2026-02-10 09:25:58] [INFO]   + Renamed: Pastedimage20240625171239.png
[2026-02-10 09:25:58] [INFO]     -> KaliLinuxInstallingGuide-13.png
[2026-02-10 09:25:58] [INFO]   + Renamed: Pastedimage20240625235408.png
[2026-02-10 09:25:58] [INFO]     -> KaliLinuxInstallingGuide-14.png
[2026-02-10 09:25:58] [INFO]   + Renamed: Pastedimage20240625200802.png
[2026-02-10 09:25:58] [INFO]     -> KaliLinuxInstallingGuide-15.png
[2026-02-10 09:25:58] [INFO]   + Renamed: Pastedimage20240625200927.png
[2026-02-10 09:25:58] [INFO]     -> KaliLinuxInstallingGuide-16.png
[2026-02-10 09:25:58] [INFO]   + Renamed: Pastedimage20240625201253.png
[2026-02-10 09:25:58] [INFO]     -> KaliLinuxInstallingGuide-17.png
[2026-02-10 09:25:58] [INFO]   + Renamed: Pastedimage20240625201528.png
[2026-02-10 09:25:58] [INFO]     -> KaliLinuxInstallingGuide-18.png
[2026-02-10 09:25:58] [INFO] 
[Category] network
[2026-02-10 09:25:58] [INFO]   + Renamed: NetworkBasics-Terminology-Topology-1.png
[2026-02-10 09:25:58] [INFO]     -> مبانی،لغتشناسیوتوپولوژیهایشبکه-1.png
[2026-02-10 09:25:58] [INFO]   + Renamed: NetworkBasics-Terminology-Topology-2.png
[2026-02-10 09:25:58] [INFO]     -> مبانی،لغتشناسیوتوپولوژیهایشبکه-2.png
[2026-02-10 09:25:58] [INFO]   + Renamed: NetworkBasics-Terminology-Topology-3.png
[2026-02-10 09:25:58] [INFO]     -> مبانی،لغتشناسیوتوپولوژیهایشبکه-3.png
[2026-02-10 09:25:58] [INFO]   + Renamed: NetworkBasics-Terminology-Topology-4.png
[2026-02-10 09:25:58] [INFO]     -> مبانی،لغتشناسیوتوپولوژیهایشبکه-4.png
[2026-02-10 09:25:58] [INFO]   + Renamed: NetworkBasics-Terminology-Topology-5.png
[2026-02-10 09:25:58] [INFO]     -> مبانی،لغتشناسیوتوپولوژیهایشبکه-5.png
[2026-02-10 09:25:58] [INFO]   + Renamed: NetworkBasics-Terminology-Topology-6.png
[2026-02-10 09:25:58] [INFO]     -> مبانی،لغتشناسیوتوپولوژیهایشبکه-6.png
[2026-02-10 09:25:58] [INFO]   + Renamed: NetworkBasics-Terminology-Topology-7.png
[2026-02-10 09:25:58] [INFO]     -> مبانی،لغتشناسیوتوپولوژیهایشبکه-7.png
[2026-02-10 09:25:58] [INFO]   + Renamed: NetworkBasics-Terminology-Topology-8.png
[2026-02-10 09:25:58] [INFO]     -> مبانی،لغتشناسیوتوپولوژیهایشبکه-8.png
[2026-02-10 09:25:58] [INFO]   + Renamed: NetworkBasics-Terminology-Topology-9.png
[2026-02-10 09:25:58] [INFO]     -> مبانی،لغتشناسیوتوپولوژیهایشبکه-9.png
[2026-02-10 09:25:58] [INFO]   + Renamed: NetworkCableandComponents-1.png
[2026-02-10 09:25:58] [INFO]     -> انواعدیوایسهاوکابلهایشبکه-1.png
[2026-02-10 09:25:58] [INFO]   + Renamed: NetworkCableandComponents-2.png
[2026-02-10 09:25:58] [INFO]     -> انواعدیوایسهاوکابلهایشبکه-2.png
[2026-02-10 09:25:58] [INFO]   + Renamed: NetworkCableandComponents-3.png
[2026-02-10 09:25:58] [INFO]     -> انواعدیوایسهاوکابلهایشبکه-3.png
[2026-02-10 09:25:58] [INFO]   + Renamed: NetworkCableandComponents-4.png
[2026-02-10 09:25:58] [INFO]     -> انواعدیوایسهاوکابلهایشبکه-4.png
[2026-02-10 09:25:58] [INFO]   + Renamed: NetworkCableandComponents-5.png
[2026-02-10 09:25:58] [INFO]     -> انواعدیوایسهاوکابلهایشبکه-5.png
[2026-02-10 09:25:58] [INFO]   + Renamed: NetworkCableandComponents-7.png
[2026-02-10 09:25:58] [INFO]     -> انواعدیوایسهاوکابلهایشبکه-7.png
[2026-02-10 09:25:58] [INFO]   + Renamed: NetworkCableandComponents-8.png
[2026-02-10 09:25:58] [INFO]     -> انواعدیوایسهاوکابلهایشبکه-8.png
[2026-02-10 09:25:58] [INFO]   + Renamed: NetworkCableandComponents-9.png
[2026-02-10 09:25:58] [INFO]     -> انواعدیوایسهاوکابلهایشبکه-9.png
[2026-02-10 09:25:58] [INFO]   + Renamed: NetworkCableandComponents-10.png
[2026-02-10 09:25:58] [INFO]     -> انواعدیوایسهاوکابلهایشبکه-10.png
[2026-02-10 09:25:58] [INFO]   + Renamed: NetworkCableandComponents-11.png
[2026-02-10 09:25:58] [INFO]     -> انواعدیوایسهاوکابلهایشبکه-11.png
[2026-02-10 09:25:58] [INFO]   + Renamed: NetworkCableandComponents-12.png
[2026-02-10 09:25:58] [INFO]     -> انواعدیوایسهاوکابلهایشبکه-12.png
[2026-02-10 09:25:58] [INFO]   + Renamed: NetworkCableandComponents-13.png
[2026-02-10 09:25:58] [INFO]     -> انواعدیوایسهاوکابلهایشبکه-13.png
[2026-02-10 09:25:58] [INFO]   + Renamed: NetworkCableandComponents-14.png
[2026-02-10 09:25:58] [INFO]     -> انواعدیوایسهاوکابلهایشبکه-14.png
[2026-02-10 09:25:58] [INFO]   + Renamed: NetworkCableandComponents-15.png
[2026-02-10 09:25:58] [INFO]     -> انواعدیوایسهاوکابلهایشبکه-15.png
[2026-02-10 09:25:58] [INFO]   + Renamed: NetworkCableandComponents-16.png
[2026-02-10 09:25:58] [INFO]     -> انواعدیوایسهاوکابلهایشبکه-16.png
[2026-02-10 09:25:58] [INFO]   + Renamed: NetworkCableandComponents-17.png
[2026-02-10 09:25:58] [INFO]     -> انواعدیوایسهاوکابلهایشبکه-17.png
[2026-02-10 09:25:58] [INFO]   + Renamed: NetworkCableandComponents-18.png
[2026-02-10 09:25:58] [INFO]     -> انواعدیوایسهاوکابلهایشبکه-18.png
[2026-02-10 09:25:58] [INFO]   + Renamed: NetworkCableandComponents-19.png
[2026-02-10 09:25:58] [INFO]     -> انواعدیوایسهاوکابلهایشبکه-19.png
[2026-02-10 09:25:58] [INFO]   + Renamed: NetworkCableandComponents-20.png
[2026-02-10 09:25:58] [INFO]     -> انواعدیوایسهاوکابلهایشبکه-20.png
[2026-02-10 09:25:58] [INFO]   + Renamed: NetworkCableandComponents-21.png
[2026-02-10 09:25:58] [INFO]     -> انواعدیوایسهاوکابلهایشبکه-21.png
[2026-02-10 09:25:58] [INFO]   + Renamed: NetworkCableandComponents-22.png
[2026-02-10 09:25:58] [INFO]     -> انواعدیوایسهاوکابلهایشبکه-22.png
[2026-02-10 09:25:58] [INFO]   + Renamed: NetworkCableandComponents-23.png
[2026-02-10 09:25:58] [INFO]     -> انواعدیوایسهاوکابلهایشبکه-23.png
[2026-02-10 09:25:58] [INFO]   + Renamed: NetworkCableandComponents-24.png
[2026-02-10 09:25:58] [INFO]     -> انواعدیوایسهاوکابلهایشبکه-24.png
[2026-02-10 09:25:58] [INFO]   + Renamed: NetworkCableandComponents-25.png
[2026-02-10 09:25:58] [INFO]     -> انواعدیوایسهاوکابلهایشبکه-25.png
[2026-02-10 09:25:58] [INFO]   + Renamed: NetworkCableandComponents-26.png
[2026-02-10 09:25:58] [INFO]     -> انواعدیوایسهاوکابلهایشبکه-26.png
[2026-02-10 09:25:58] [INFO]   + Renamed: NetworkCableandComponents-27.png
[2026-02-10 09:25:58] [INFO]     -> انواعدیوایسهاوکابلهایشبکه-27.png
[2026-02-10 09:25:58] [INFO]   + Renamed: NetworkCableandComponents-28.png
[2026-02-10 09:25:58] [INFO]     -> انواعدیوایسهاوکابلهایشبکه-28.png
[2026-02-10 09:25:58] [INFO]   + Renamed: NetworkCableandComponents-29.png
[2026-02-10 09:25:58] [INFO]     -> انواعدیوایسهاوکابلهایشبکه-29.png
[2026-02-10 09:25:58] [INFO]   + Renamed: NetworkCableandComponents-30.png
[2026-02-10 09:25:58] [INFO]     -> انواعدیوایسهاوکابلهایشبکه-30.png
[2026-02-10 09:25:58] [INFO]   + Renamed: NetworkCableandComponents-31.png
[2026-02-10 09:25:58] [INFO]     -> انواعدیوایسهاوکابلهایشبکه-31.png
[2026-02-10 09:25:58] [INFO]   + Renamed: NetworkCableandComponents-32.png
[2026-02-10 09:25:58] [INFO]     -> انواعدیوایسهاوکابلهایشبکه-32.png
[2026-02-10 09:25:58] [INFO]   + Renamed: NetworkCableandComponents-33.png
[2026-02-10 09:25:58] [INFO]     -> انواعدیوایسهاوکابلهایشبکه-33.png
[2026-02-10 09:25:58] [WARNING]   Warning: File not found: NetworkServices(DHCP-DNS,-VLAN
[2026-02-10 09:25:58] [INFO]   + Renamed: Pastedimage20240902120134.png
[2026-02-10 09:25:58] [INFO]     -> VirtualizationConcepts-1.png
[2026-02-10 09:25:58] [INFO]   + Renamed: Pastedimage20240521175544.png
[2026-02-10 09:25:58] [INFO]     -> VirtualizationConcepts-2.png
[2026-02-10 09:25:58] [INFO]   + Renamed: Pastedimage20240522154828.png
[2026-02-10 09:25:58] [INFO]     -> VirtualizationConcepts-3.png
[2026-02-10 09:25:58] [INFO]   + Renamed: Pastedimage20240522160228.png
[2026-02-10 09:25:58] [INFO]     -> VirtualizationConcepts-4.png
[2026-02-10 09:25:58] [INFO]   + Renamed: Pastedimage20240522160429.png
[2026-02-10 09:25:58] [INFO]     -> VirtualizationConcepts-5.png
[2026-02-10 09:25:58] [INFO]   + Renamed: Pastedimage20240522160629.png
[2026-02-10 09:25:58] [INFO]     -> VirtualizationConcepts-6.png
[2026-02-10 09:25:58] [INFO]   + Renamed: Pastedimage20240522161517.png
[2026-02-10 09:25:58] [INFO]     -> VirtualizationConcepts-7.png
[2026-02-10 09:25:58] [INFO]   + Renamed: Pastedimage20240522161741.png
[2026-02-10 09:25:58] [INFO]     -> VirtualizationConcepts-8.png
[2026-02-10 09:25:58] [INFO]   + Renamed: WindowsNetworking-1.png
[2026-02-10 09:25:58] [INFO]     -> راهاندازیشبکهویندوز-1.png
[2026-02-10 09:25:58] [INFO]   + Renamed: WindowsNetworking-2.png
[2026-02-10 09:25:58] [INFO]     -> راهاندازیشبکهویندوز-2.png
[2026-02-10 09:25:58] [INFO] 
[Category] seo
[2026-02-10 09:25:58] [WARNING]   Warning: File not found: Woorank(CheckWebsiteSEO
[2026-02-10 09:25:58] [INFO] Saved 810 processed images to processed_images.json
[2026-02-10 09:25:58] [INFO] 
============================================================
[2026-02-10 09:25:58] [INFO] FINAL STATISTICS:
[2026-02-10 09:25:58] [INFO] ============================================================
[2026-02-10 09:25:58] [INFO] Files scanned: 32
[2026-02-10 09:25:58] [INFO] Images found: 382
[2026-02-10 09:25:58] [INFO] Images skipped (already processed): 224
[2026-02-10 09:25:58] [INFO] Images skipped (already correct): 27
[2026-02-10 09:25:58] [INFO] Physical files renamed: 69
[2026-02-10 09:25:58] [INFO] Errors: 0
[2026-02-10 09:25:58] [INFO] Total processed images tracked: 810
[2026-02-10 09:25:58] [INFO] Total mappings in database: 75
[2026-02-10 09:25:58] [INFO] ============================================================
[2026-02-10 09:25:58] [INFO] 
[SUCCESS] Physical images renamed successfully!
[2026-02-10 09:25:58] [INFO] Mapping saved to: images_rename_mapping.json
[2026-02-10 09:25:58] [INFO] Processed images tracked in: processed_images.json
[2026-02-10 09:25:58] [INFO] Full log: images_renamer.log
[2026-02-10 09:25:58] [INFO] 
NEXT STEP: Run image-article-renamer.py to update markdown references
[2026-02-10 09:25:58] [INFO] [Report] Summary report created: images_renamer_report.txt
[2026-02-10 09:25:58] [INFO] 
[COMPLETE] Process finished
[2026-02-10 09:25:58] [INFO] ============================================================

[2026-02-10 09:40:35] [INFO] ============================================================
[2026-02-10 09:40:35] [INFO] Starting image rename process (physical files only)
[2026-02-10 09:40:35] [INFO] ============================================================
[2026-02-10 09:40:35] [INFO] Loaded 810 processed image(s) from processed_images.json
[2026-02-10 09:40:35] [INFO] 
============================================================
[2026-02-10 09:40:35] [INFO] Verifying directories:
[2026-02-10 09:40:35] [INFO] ============================================================
[2026-02-10 09:40:35] [INFO] + Content directory: content
[2026-02-10 09:40:35] [INFO] + Static images directory: static/images
[2026-02-10 09:40:35] [INFO]   Categories: cyber-security, general, linux, network, seo, tools
[2026-02-10 09:40:35] [INFO] ============================================================
[2026-02-10 09:40:35] [INFO] PHASE 1: Scanning markdown files for images...
[2026-02-10 09:40:35] [INFO] ============================================================
[2026-02-10 09:40:35] [INFO] 
[File] all-articles\README.md
[2026-02-10 09:40:35] [INFO] 
[File] cyber-security\Cryptography\Basic-Encryption.md
[2026-02-10 09:40:35] [INFO]   Found 32 image(s)
[2026-02-10 09:40:35] [INFO]     > Already processed: Basic-Encryption-1.png
[2026-02-10 09:40:35] [INFO]     > Already processed: Basic-Encryption-2.png
[2026-02-10 09:40:35] [INFO]     > Already processed: Basic-Encryption-3.png
[2026-02-10 09:40:35] [INFO]     > Already processed: Basic-Encryption-4.png
[2026-02-10 09:40:35] [INFO]     > Already processed: Basic-Encryption-5.png
[2026-02-10 09:40:35] [INFO]     > Already processed: Basic-Encryption-6.png
[2026-02-10 09:40:35] [INFO]     > Already processed: Basic-Encryption-7.png
[2026-02-10 09:40:35] [INFO]     > Already processed: Basic-Encryption-8.png
[2026-02-10 09:40:35] [INFO]     > Already processed: Basic-Encryption-9.png
[2026-02-10 09:40:35] [INFO]     > Already processed: Basic-Encryption-10.png
[2026-02-10 09:40:35] [INFO]     > Already processed: Basic-Encryption-11.png
[2026-02-10 09:40:35] [INFO]     > Already processed: Basic-Encryption-12.png
[2026-02-10 09:40:35] [INFO]     > Already processed: Basic-Encryption-13.png
[2026-02-10 09:40:35] [INFO]     > Already processed: Basic-Encryption-14.png
[2026-02-10 09:40:35] [INFO]     > Already processed: Basic-Encryption-15.png
[2026-02-10 09:40:35] [INFO]     > Already processed: Basic-Encryption-16.png
[2026-02-10 09:40:35] [INFO]     > Already processed: Basic-Encryption-17.png
[2026-02-10 09:40:35] [INFO]     > Already processed: Basic-Encryption-18.png
[2026-02-10 09:40:35] [INFO]     > Already processed: Basic-Encryption-19.png
[2026-02-10 09:40:35] [INFO]     > Already processed: Basic-Encryption-20.png
[2026-02-10 09:40:35] [INFO]     > Already processed: Basic-Encryption-21.png
[2026-02-10 09:40:35] [INFO]     > Already processed: Basic-Encryption-22.png
[2026-02-10 09:40:35] [INFO]     > Already processed: Basic-Encryption-23.png
[2026-02-10 09:40:35] [INFO]     > Already processed: Basic-Encryption-24.png
[2026-02-10 09:40:35] [INFO]     > Already processed: Basic-Encryption-25.png
[2026-02-10 09:40:35] [INFO]     > Already processed: Basic-Encryption-26.png
[2026-02-10 09:40:35] [INFO]     > Already processed: Basic-Encryption-27.png
[2026-02-10 09:40:35] [INFO]     > Already processed: Basic-Encryption-28.png
[2026-02-10 09:40:35] [INFO]     > Already processed: Basic-Encryption-29.png
[2026-02-10 09:40:35] [INFO]     > Already processed: Basic-Encryption-30.png
[2026-02-10 09:40:35] [INFO]     > Already processed: Basic-Encryption-31.png
[2026-02-10 09:40:35] [INFO]     > Already processed: Basic-Encryption-32.png
[2026-02-10 09:40:35] [INFO] 
[File] cyber-security\Cryptography\Malwares.md
[2026-02-10 09:40:35] [INFO]   Found 6 image(s)
[2026-02-10 09:40:35] [INFO]     > Already processed: Malwares-1.png
[2026-02-10 09:40:35] [INFO]     > Already processed: Malwares-2.png
[2026-02-10 09:40:35] [INFO]     > Already processed: Malwares-3.png
[2026-02-10 09:40:35] [INFO]     > Already processed: Malwares-4.png
[2026-02-10 09:40:35] [INFO]     > Already processed: Malwares-5.png
[2026-02-10 09:40:35] [INFO]     > Already processed: Malwares-6.png
[2026-02-10 09:40:35] [INFO] 
[File] cyber-security\SANS-401\SANS-401-E0, E1 - (Introduction & Prepare Lab).md
[2026-02-10 09:40:35] [INFO]   Found 8 image(s)
[2026-02-10 09:40:35] [INFO]     > Already processed: SANS-401.0Introduction&PrepareLab-1.png
[2026-02-10 09:40:35] [INFO]     > Already processed: SANS-401.0Introduction&PrepareLab-2.png
[2026-02-10 09:40:35] [INFO]     > Already processed: SANS-401.0Introduction&PrepareLab-3.png
[2026-02-10 09:40:35] [INFO]     > Already processed: SANS-401.0Introduction&PrepareLab-4.png
[2026-02-10 09:40:35] [INFO]     > Already processed: SANS-401.0Introduction&PrepareLab-5.png
[2026-02-10 09:40:35] [INFO]     > Already processed: SANS-401.0Introduction&PrepareLab-6.png
[2026-02-10 09:40:35] [INFO]     > Already processed: SANS-401.0Introduction&PrepareLab-7.png
[2026-02-10 09:40:35] [INFO]     > Already processed: SANS-401.0Introduction&PrepareLab-8.png
[2026-02-10 09:40:35] [INFO] 
[File] cyber-security\SANS-401\SANS-401-E2 - Networking and Protocols (401.1).md
[2026-02-10 09:40:35] [INFO]   Found 13 image(s)
[2026-02-10 09:40:35] [INFO]     + Will rename: SANS-401-NetworkingandProtocols(401.1
[2026-02-10 09:40:35] [INFO]       -> SANS-401-NetworkingandProtocols(401.1)-1.1
[2026-02-10 09:40:35] [WARNING]     Warning: Image SANS-401-NetworkingandProtocols(401.1 has conflicting new names:
[2026-02-10 09:40:35] [WARNING]       Existing: SANS-401-NetworkingandProtocols(401.1)-1.1
[2026-02-10 09:40:35] [WARNING]       New: SANS-401-NetworkingandProtocols(401.1)-2.1
[2026-02-10 09:40:35] [WARNING]       Keeping: SANS-401-NetworkingandProtocols(401.1)-1.1
[2026-02-10 09:40:35] [WARNING]     Warning: Image SANS-401-NetworkingandProtocols(401.1 has conflicting new names:
[2026-02-10 09:40:35] [WARNING]       Existing: SANS-401-NetworkingandProtocols(401.1)-1.1
[2026-02-10 09:40:35] [WARNING]       New: SANS-401-NetworkingandProtocols(401.1)-3.1
[2026-02-10 09:40:35] [WARNING]       Keeping: SANS-401-NetworkingandProtocols(401.1)-1.1
[2026-02-10 09:40:35] [WARNING]     Warning: Image SANS-401-NetworkingandProtocols(401.1 has conflicting new names:
[2026-02-10 09:40:35] [WARNING]       Existing: SANS-401-NetworkingandProtocols(401.1)-1.1
[2026-02-10 09:40:35] [WARNING]       New: SANS-401-NetworkingandProtocols(401.1)-4.1
[2026-02-10 09:40:35] [WARNING]       Keeping: SANS-401-NetworkingandProtocols(401.1)-1.1
[2026-02-10 09:40:35] [WARNING]     Warning: Image SANS-401-NetworkingandProtocols(401.1 has conflicting new names:
[2026-02-10 09:40:35] [WARNING]       Existing: SANS-401-NetworkingandProtocols(401.1)-1.1
[2026-02-10 09:40:35] [WARNING]       New: SANS-401-NetworkingandProtocols(401.1)-5.1
[2026-02-10 09:40:35] [WARNING]       Keeping: SANS-401-NetworkingandProtocols(401.1)-1.1
[2026-02-10 09:40:35] [WARNING]     Warning: Image SANS-401-NetworkingandProtocols(401.1 has conflicting new names:
[2026-02-10 09:40:35] [WARNING]       Existing: SANS-401-NetworkingandProtocols(401.1)-1.1
[2026-02-10 09:40:35] [WARNING]       New: SANS-401-NetworkingandProtocols(401.1)-6.1
[2026-02-10 09:40:35] [WARNING]       Keeping: SANS-401-NetworkingandProtocols(401.1)-1.1
[2026-02-10 09:40:35] [WARNING]     Warning: Image SANS-401-NetworkingandProtocols(401.1 has conflicting new names:
[2026-02-10 09:40:35] [WARNING]       Existing: SANS-401-NetworkingandProtocols(401.1)-1.1
[2026-02-10 09:40:35] [WARNING]       New: SANS-401-NetworkingandProtocols(401.1)-7.1
[2026-02-10 09:40:35] [WARNING]       Keeping: SANS-401-NetworkingandProtocols(401.1)-1.1
[2026-02-10 09:40:35] [WARNING]     Warning: Image SANS-401-NetworkingandProtocols(401.1 has conflicting new names:
[2026-02-10 09:40:35] [WARNING]       Existing: SANS-401-NetworkingandProtocols(401.1)-1.1
[2026-02-10 09:40:35] [WARNING]       New: SANS-401-NetworkingandProtocols(401.1)-8.1
[2026-02-10 09:40:35] [WARNING]       Keeping: SANS-401-NetworkingandProtocols(401.1)-1.1
[2026-02-10 09:40:35] [WARNING]     Warning: Image SANS-401-NetworkingandProtocols(401.1 has conflicting new names:
[2026-02-10 09:40:35] [WARNING]       Existing: SANS-401-NetworkingandProtocols(401.1)-1.1
[2026-02-10 09:40:35] [WARNING]       New: SANS-401-NetworkingandProtocols(401.1)-9.1
[2026-02-10 09:40:35] [WARNING]       Keeping: SANS-401-NetworkingandProtocols(401.1)-1.1
[2026-02-10 09:40:35] [WARNING]     Warning: Image SANS-401-NetworkingandProtocols(401.1 has conflicting new names:
[2026-02-10 09:40:35] [WARNING]       Existing: SANS-401-NetworkingandProtocols(401.1)-1.1
[2026-02-10 09:40:35] [WARNING]       New: SANS-401-NetworkingandProtocols(401.1)-10.1
[2026-02-10 09:40:35] [WARNING]       Keeping: SANS-401-NetworkingandProtocols(401.1)-1.1
[2026-02-10 09:40:35] [WARNING]     Warning: Image SANS-401-NetworkingandProtocols(401.1 has conflicting new names:
[2026-02-10 09:40:35] [WARNING]       Existing: SANS-401-NetworkingandProtocols(401.1)-1.1
[2026-02-10 09:40:35] [WARNING]       New: SANS-401-NetworkingandProtocols(401.1)-11.1
[2026-02-10 09:40:35] [WARNING]       Keeping: SANS-401-NetworkingandProtocols(401.1)-1.1
[2026-02-10 09:40:35] [WARNING]     Warning: Image SANS-401-NetworkingandProtocols(401.1 has conflicting new names:
[2026-02-10 09:40:35] [WARNING]       Existing: SANS-401-NetworkingandProtocols(401.1)-1.1
[2026-02-10 09:40:35] [WARNING]       New: SANS-401-NetworkingandProtocols(401.1)-12.1
[2026-02-10 09:40:35] [WARNING]       Keeping: SANS-401-NetworkingandProtocols(401.1)-1.1
[2026-02-10 09:40:35] [WARNING]     Warning: Image SANS-401-NetworkingandProtocols(401.1 has conflicting new names:
[2026-02-10 09:40:35] [WARNING]       Existing: SANS-401-NetworkingandProtocols(401.1)-1.1
[2026-02-10 09:40:35] [WARNING]       New: SANS-401-NetworkingandProtocols(401.1)-13.1
[2026-02-10 09:40:35] [WARNING]       Keeping: SANS-401-NetworkingandProtocols(401.1)-1.1
[2026-02-10 09:40:35] [INFO] 
[File] cyber-security\SANS-401\SANS-401-E3 - Virtualization & Cloud Infrastructure(401.1).md
[2026-02-10 09:40:35] [INFO]   Found 14 image(s)
[2026-02-10 09:40:35] [INFO]     + Will rename: SANS-401-E3-Virtualization&CloudInfrastructure(401.1
[2026-02-10 09:40:35] [INFO]       -> SANS-401-Virtualization&CloudInfrastructure(401.1)-1.1
[2026-02-10 09:40:35] [WARNING]     Warning: Image SANS-401-E3-Virtualization&CloudInfrastructure(401.1 has conflicting new names:
[2026-02-10 09:40:35] [WARNING]       Existing: SANS-401-Virtualization&CloudInfrastructure(401.1)-1.1
[2026-02-10 09:40:35] [WARNING]       New: SANS-401-Virtualization&CloudInfrastructure(401.1)-2.1
[2026-02-10 09:40:35] [WARNING]       Keeping: SANS-401-Virtualization&CloudInfrastructure(401.1)-1.1
[2026-02-10 09:40:35] [WARNING]     Warning: Image SANS-401-E3-Virtualization&CloudInfrastructure(401.1 has conflicting new names:
[2026-02-10 09:40:35] [WARNING]       Existing: SANS-401-Virtualization&CloudInfrastructure(401.1)-1.1
[2026-02-10 09:40:35] [WARNING]       New: SANS-401-Virtualization&CloudInfrastructure(401.1)-3.1
[2026-02-10 09:40:35] [WARNING]       Keeping: SANS-401-Virtualization&CloudInfrastructure(401.1)-1.1
[2026-02-10 09:40:35] [WARNING]     Warning: Image SANS-401-E3-Virtualization&CloudInfrastructure(401.1 has conflicting new names:
[2026-02-10 09:40:35] [WARNING]       Existing: SANS-401-Virtualization&CloudInfrastructure(401.1)-1.1
[2026-02-10 09:40:35] [WARNING]       New: SANS-401-Virtualization&CloudInfrastructure(401.1)-4.1
[2026-02-10 09:40:35] [WARNING]       Keeping: SANS-401-Virtualization&CloudInfrastructure(401.1)-1.1
[2026-02-10 09:40:35] [WARNING]     Warning: Image SANS-401-E3-Virtualization&CloudInfrastructure(401.1 has conflicting new names:
[2026-02-10 09:40:35] [WARNING]       Existing: SANS-401-Virtualization&CloudInfrastructure(401.1)-1.1
[2026-02-10 09:40:35] [WARNING]       New: SANS-401-Virtualization&CloudInfrastructure(401.1)-5.1
[2026-02-10 09:40:35] [WARNING]       Keeping: SANS-401-Virtualization&CloudInfrastructure(401.1)-1.1
[2026-02-10 09:40:35] [WARNING]     Warning: Image SANS-401-E3-Virtualization&CloudInfrastructure(401.1 has conflicting new names:
[2026-02-10 09:40:35] [WARNING]       Existing: SANS-401-Virtualization&CloudInfrastructure(401.1)-1.1
[2026-02-10 09:40:35] [WARNING]       New: SANS-401-Virtualization&CloudInfrastructure(401.1)-6.1
[2026-02-10 09:40:35] [WARNING]       Keeping: SANS-401-Virtualization&CloudInfrastructure(401.1)-1.1
[2026-02-10 09:40:35] [WARNING]     Warning: Image SANS-401-E3-Virtualization&CloudInfrastructure(401.1 has conflicting new names:
[2026-02-10 09:40:35] [WARNING]       Existing: SANS-401-Virtualization&CloudInfrastructure(401.1)-1.1
[2026-02-10 09:40:35] [WARNING]       New: SANS-401-Virtualization&CloudInfrastructure(401.1)-7.1
[2026-02-10 09:40:35] [WARNING]       Keeping: SANS-401-Virtualization&CloudInfrastructure(401.1)-1.1
[2026-02-10 09:40:35] [WARNING]     Warning: Image SANS-401-E3-Virtualization&CloudInfrastructure(401.1 has conflicting new names:
[2026-02-10 09:40:35] [WARNING]       Existing: SANS-401-Virtualization&CloudInfrastructure(401.1)-1.1
[2026-02-10 09:40:35] [WARNING]       New: SANS-401-Virtualization&CloudInfrastructure(401.1)-8.1
[2026-02-10 09:40:35] [WARNING]       Keeping: SANS-401-Virtualization&CloudInfrastructure(401.1)-1.1
[2026-02-10 09:40:35] [WARNING]     Warning: Image SANS-401-E3-Virtualization&CloudInfrastructure(401.1 has conflicting new names:
[2026-02-10 09:40:35] [WARNING]       Existing: SANS-401-Virtualization&CloudInfrastructure(401.1)-1.1
[2026-02-10 09:40:35] [WARNING]       New: SANS-401-Virtualization&CloudInfrastructure(401.1)-9.1
[2026-02-10 09:40:35] [WARNING]       Keeping: SANS-401-Virtualization&CloudInfrastructure(401.1)-1.1
[2026-02-10 09:40:35] [WARNING]     Warning: Image SANS-401-E3-Virtualization&CloudInfrastructure(401.1 has conflicting new names:
[2026-02-10 09:40:35] [WARNING]       Existing: SANS-401-Virtualization&CloudInfrastructure(401.1)-1.1
[2026-02-10 09:40:35] [WARNING]       New: SANS-401-Virtualization&CloudInfrastructure(401.1)-10.1
[2026-02-10 09:40:35] [WARNING]       Keeping: SANS-401-Virtualization&CloudInfrastructure(401.1)-1.1
[2026-02-10 09:40:35] [WARNING]     Warning: Image SANS-401-E3-Virtualization&CloudInfrastructure(401.1 has conflicting new names:
[2026-02-10 09:40:35] [WARNING]       Existing: SANS-401-Virtualization&CloudInfrastructure(401.1)-1.1
[2026-02-10 09:40:35] [WARNING]       New: SANS-401-Virtualization&CloudInfrastructure(401.1)-11.1
[2026-02-10 09:40:35] [WARNING]       Keeping: SANS-401-Virtualization&CloudInfrastructure(401.1)-1.1
[2026-02-10 09:40:35] [WARNING]     Warning: Image SANS-401-E3-Virtualization&CloudInfrastructure(401.1 has conflicting new names:
[2026-02-10 09:40:35] [WARNING]       Existing: SANS-401-Virtualization&CloudInfrastructure(401.1)-1.1
[2026-02-10 09:40:35] [WARNING]       New: SANS-401-Virtualization&CloudInfrastructure(401.1)-12.1
[2026-02-10 09:40:35] [WARNING]       Keeping: SANS-401-Virtualization&CloudInfrastructure(401.1)-1.1
[2026-02-10 09:40:35] [WARNING]     Warning: Image SANS-401-E3-Virtualization&CloudInfrastructure(401.1 has conflicting new names:
[2026-02-10 09:40:35] [WARNING]       Existing: SANS-401-Virtualization&CloudInfrastructure(401.1)-1.1
[2026-02-10 09:40:35] [WARNING]       New: SANS-401-Virtualization&CloudInfrastructure(401.1)-13.1
[2026-02-10 09:40:35] [WARNING]       Keeping: SANS-401-Virtualization&CloudInfrastructure(401.1)-1.1
[2026-02-10 09:40:35] [WARNING]     Warning: Image SANS-401-E3-Virtualization&CloudInfrastructure(401.1 has conflicting new names:
[2026-02-10 09:40:35] [WARNING]       Existing: SANS-401-Virtualization&CloudInfrastructure(401.1)-1.1
[2026-02-10 09:40:35] [WARNING]       New: SANS-401-Virtualization&CloudInfrastructure(401.1)-14.1
[2026-02-10 09:40:35] [WARNING]       Keeping: SANS-401-Virtualization&CloudInfrastructure(401.1)-1.1
[2026-02-10 09:40:35] [INFO] 
[File] cyber-security\SANS-401\SANS-401-E4, E5, E6 - Wireless, Aircrack-ng, Wireshark (401.1).md
[2026-02-10 09:40:35] [INFO]   Found 12 image(s)
[2026-02-10 09:40:35] [INFO]     + Will rename: SANS-401-Wireless,Aircrack-ng,Wireshark(401.1
[2026-02-10 09:40:35] [INFO]       -> SANS-401-Wireless,Aircrack-ng,Wireshark(401.1)-1.1
[2026-02-10 09:40:35] [WARNING]     Warning: Image SANS-401-Wireless,Aircrack-ng,Wireshark(401.1 has conflicting new names:
[2026-02-10 09:40:35] [WARNING]       Existing: SANS-401-Wireless,Aircrack-ng,Wireshark(401.1)-1.1
[2026-02-10 09:40:35] [WARNING]       New: SANS-401-Wireless,Aircrack-ng,Wireshark(401.1)-2.1
[2026-02-10 09:40:35] [WARNING]       Keeping: SANS-401-Wireless,Aircrack-ng,Wireshark(401.1)-1.1
[2026-02-10 09:40:35] [WARNING]     Warning: Image SANS-401-Wireless,Aircrack-ng,Wireshark(401.1 has conflicting new names:
[2026-02-10 09:40:35] [WARNING]       Existing: SANS-401-Wireless,Aircrack-ng,Wireshark(401.1)-1.1
[2026-02-10 09:40:35] [WARNING]       New: SANS-401-Wireless,Aircrack-ng,Wireshark(401.1)-3.1
[2026-02-10 09:40:35] [WARNING]       Keeping: SANS-401-Wireless,Aircrack-ng,Wireshark(401.1)-1.1
[2026-02-10 09:40:35] [WARNING]     Warning: Image SANS-401-Wireless,Aircrack-ng,Wireshark(401.1 has conflicting new names:
[2026-02-10 09:40:35] [WARNING]       Existing: SANS-401-Wireless,Aircrack-ng,Wireshark(401.1)-1.1
[2026-02-10 09:40:35] [WARNING]       New: SANS-401-Wireless,Aircrack-ng,Wireshark(401.1)-4.1
[2026-02-10 09:40:35] [WARNING]       Keeping: SANS-401-Wireless,Aircrack-ng,Wireshark(401.1)-1.1
[2026-02-10 09:40:35] [WARNING]     Warning: Image SANS-401-Wireless,Aircrack-ng,Wireshark(401.1 has conflicting new names:
[2026-02-10 09:40:35] [WARNING]       Existing: SANS-401-Wireless,Aircrack-ng,Wireshark(401.1)-1.1
[2026-02-10 09:40:35] [WARNING]       New: SANS-401-Wireless,Aircrack-ng,Wireshark(401.1)-5.1
[2026-02-10 09:40:35] [WARNING]       Keeping: SANS-401-Wireless,Aircrack-ng,Wireshark(401.1)-1.1
[2026-02-10 09:40:35] [WARNING]     Warning: Image SANS-401-Wireless,Aircrack-ng,Wireshark(401.1 has conflicting new names:
[2026-02-10 09:40:35] [WARNING]       Existing: SANS-401-Wireless,Aircrack-ng,Wireshark(401.1)-1.1
[2026-02-10 09:40:35] [WARNING]       New: SANS-401-Wireless,Aircrack-ng,Wireshark(401.1)-6.1
[2026-02-10 09:40:35] [WARNING]       Keeping: SANS-401-Wireless,Aircrack-ng,Wireshark(401.1)-1.1
[2026-02-10 09:40:35] [WARNING]     Warning: Image SANS-401-Wireless,Aircrack-ng,Wireshark(401.1 has conflicting new names:
[2026-02-10 09:40:35] [WARNING]       Existing: SANS-401-Wireless,Aircrack-ng,Wireshark(401.1)-1.1
[2026-02-10 09:40:35] [WARNING]       New: SANS-401-Wireless,Aircrack-ng,Wireshark(401.1)-7.1
[2026-02-10 09:40:35] [WARNING]       Keeping: SANS-401-Wireless,Aircrack-ng,Wireshark(401.1)-1.1
[2026-02-10 09:40:35] [WARNING]     Warning: Image SANS-401-Wireless,Aircrack-ng,Wireshark(401.1 has conflicting new names:
[2026-02-10 09:40:35] [WARNING]       Existing: SANS-401-Wireless,Aircrack-ng,Wireshark(401.1)-1.1
[2026-02-10 09:40:35] [WARNING]       New: SANS-401-Wireless,Aircrack-ng,Wireshark(401.1)-8.1
[2026-02-10 09:40:35] [WARNING]       Keeping: SANS-401-Wireless,Aircrack-ng,Wireshark(401.1)-1.1
[2026-02-10 09:40:35] [WARNING]     Warning: Image SANS-401-Wireless,Aircrack-ng,Wireshark(401.1 has conflicting new names:
[2026-02-10 09:40:35] [WARNING]       Existing: SANS-401-Wireless,Aircrack-ng,Wireshark(401.1)-1.1
[2026-02-10 09:40:35] [WARNING]       New: SANS-401-Wireless,Aircrack-ng,Wireshark(401.1)-9.1
[2026-02-10 09:40:35] [WARNING]       Keeping: SANS-401-Wireless,Aircrack-ng,Wireshark(401.1)-1.1
[2026-02-10 09:40:35] [WARNING]     Warning: Image SANS-401-Wireless,Aircrack-ng,Wireshark(401.1 has conflicting new names:
[2026-02-10 09:40:35] [WARNING]       Existing: SANS-401-Wireless,Aircrack-ng,Wireshark(401.1)-1.1
[2026-02-10 09:40:35] [WARNING]       New: SANS-401-Wireless,Aircrack-ng,Wireshark(401.1)-10.1
[2026-02-10 09:40:35] [WARNING]       Keeping: SANS-401-Wireless,Aircrack-ng,Wireshark(401.1)-1.1
[2026-02-10 09:40:35] [WARNING]     Warning: Image SANS-401-Wireless,Aircrack-ng,Wireshark(401.1 has conflicting new names:
[2026-02-10 09:40:35] [WARNING]       Existing: SANS-401-Wireless,Aircrack-ng,Wireshark(401.1)-1.1
[2026-02-10 09:40:35] [WARNING]       New: SANS-401-Wireless,Aircrack-ng,Wireshark(401.1)-11.1
[2026-02-10 09:40:35] [WARNING]       Keeping: SANS-401-Wireless,Aircrack-ng,Wireshark(401.1)-1.1
[2026-02-10 09:40:35] [WARNING]     Warning: Image SANS-401-Wireless,Aircrack-ng,Wireshark(401.1 has conflicting new names:
[2026-02-10 09:40:35] [WARNING]       Existing: SANS-401-Wireless,Aircrack-ng,Wireshark(401.1)-1.1
[2026-02-10 09:40:35] [WARNING]       New: SANS-401-Wireless,Aircrack-ng,Wireshark(401.1)-12.1
[2026-02-10 09:40:35] [WARNING]       Keeping: SANS-401-Wireless,Aircrack-ng,Wireshark(401.1)-1.1
[2026-02-10 09:40:35] [INFO] 
[File] cyber-security\SANS-401\SANS-401-E7- Defense-in-Depth (401.2).md
[2026-02-10 09:40:35] [INFO]   Found 9 image(s)
[2026-02-10 09:40:35] [INFO]     + Will rename: SANS-401-Defense-in-Depth(401.2
[2026-02-10 09:40:35] [INFO]       -> SANS-401-Defense-in-Depth(401.2)-1.2
[2026-02-10 09:40:35] [WARNING]     Warning: Image SANS-401-Defense-in-Depth(401.2 has conflicting new names:
[2026-02-10 09:40:35] [WARNING]       Existing: SANS-401-Defense-in-Depth(401.2)-1.2
[2026-02-10 09:40:35] [WARNING]       New: SANS-401-Defense-in-Depth(401.2)-2.2
[2026-02-10 09:40:35] [WARNING]       Keeping: SANS-401-Defense-in-Depth(401.2)-1.2
[2026-02-10 09:40:35] [WARNING]     Warning: Image SANS-401-Defense-in-Depth(401.2 has conflicting new names:
[2026-02-10 09:40:35] [WARNING]       Existing: SANS-401-Defense-in-Depth(401.2)-1.2
[2026-02-10 09:40:35] [WARNING]       New: SANS-401-Defense-in-Depth(401.2)-3.2
[2026-02-10 09:40:35] [WARNING]       Keeping: SANS-401-Defense-in-Depth(401.2)-1.2
[2026-02-10 09:40:35] [WARNING]     Warning: Image SANS-401-Defense-in-Depth(401.2 has conflicting new names:
[2026-02-10 09:40:35] [WARNING]       Existing: SANS-401-Defense-in-Depth(401.2)-1.2
[2026-02-10 09:40:35] [WARNING]       New: SANS-401-Defense-in-Depth(401.2)-4.2
[2026-02-10 09:40:35] [WARNING]       Keeping: SANS-401-Defense-in-Depth(401.2)-1.2
[2026-02-10 09:40:35] [WARNING]     Warning: Image SANS-401-Defense-in-Depth(401.2 has conflicting new names:
[2026-02-10 09:40:35] [WARNING]       Existing: SANS-401-Defense-in-Depth(401.2)-1.2
[2026-02-10 09:40:35] [WARNING]       New: SANS-401-Defense-in-Depth(401.2)-5.2
[2026-02-10 09:40:35] [WARNING]       Keeping: SANS-401-Defense-in-Depth(401.2)-1.2
[2026-02-10 09:40:35] [WARNING]     Warning: Image SANS-401-Defense-in-Depth(401.2 has conflicting new names:
[2026-02-10 09:40:35] [WARNING]       Existing: SANS-401-Defense-in-Depth(401.2)-1.2
[2026-02-10 09:40:35] [WARNING]       New: SANS-401-Defense-in-Depth(401.2)-6.2
[2026-02-10 09:40:35] [WARNING]       Keeping: SANS-401-Defense-in-Depth(401.2)-1.2
[2026-02-10 09:40:35] [WARNING]     Warning: Image SANS-401-Defense-in-Depth(401.2 has conflicting new names:
[2026-02-10 09:40:35] [WARNING]       Existing: SANS-401-Defense-in-Depth(401.2)-1.2
[2026-02-10 09:40:35] [WARNING]       New: SANS-401-Defense-in-Depth(401.2)-7.2
[2026-02-10 09:40:35] [WARNING]       Keeping: SANS-401-Defense-in-Depth(401.2)-1.2
[2026-02-10 09:40:35] [WARNING]     Warning: Image SANS-401-Defense-in-Depth(401.2 has conflicting new names:
[2026-02-10 09:40:35] [WARNING]       Existing: SANS-401-Defense-in-Depth(401.2)-1.2
[2026-02-10 09:40:35] [WARNING]       New: SANS-401-Defense-in-Depth(401.2)-8.2
[2026-02-10 09:40:35] [WARNING]       Keeping: SANS-401-Defense-in-Depth(401.2)-1.2
[2026-02-10 09:40:35] [WARNING]     Warning: Image SANS-401-Defense-in-Depth(401.2 has conflicting new names:
[2026-02-10 09:40:35] [WARNING]       Existing: SANS-401-Defense-in-Depth(401.2)-1.2
[2026-02-10 09:40:35] [WARNING]       New: SANS-401-Defense-in-Depth(401.2)-9.2
[2026-02-10 09:40:35] [WARNING]       Keeping: SANS-401-Defense-in-Depth(401.2)-1.2
[2026-02-10 09:40:35] [INFO] 
[File] cyber-security\SANS-401\SANS-401-E8, E9 - Password Cracking.md
[2026-02-10 09:40:35] [INFO]   Found 30 image(s)
[2026-02-10 09:40:35] [INFO]     > Already processed: SANS-401-PasswordCracking-1.png
[2026-02-10 09:40:35] [INFO]     > Already processed: SANS-401-PasswordCracking-2.png
[2026-02-10 09:40:35] [INFO]     > Already processed: SANS-401-PasswordCracking-3.png
[2026-02-10 09:40:35] [INFO]     > Already processed: SANS-401-PasswordCracking-4.png
[2026-02-10 09:40:35] [INFO]     > Already processed: SANS-401-PasswordCracking-5.png
[2026-02-10 09:40:35] [INFO]     > Already processed: SANS-401-PasswordCracking-6.png
[2026-02-10 09:40:35] [INFO]     > Already processed: SANS-401-PasswordCracking-7.png
[2026-02-10 09:40:35] [INFO]     > Already processed: SANS-401-PasswordCracking-8.png
[2026-02-10 09:40:35] [INFO]     > Already processed: SANS-401-PasswordCracking-9.png
[2026-02-10 09:40:35] [INFO]     > Already processed: SANS-401-PasswordCracking-10.png
[2026-02-10 09:40:35] [INFO]     > Already processed: SANS-401-PasswordCracking-11.png
[2026-02-10 09:40:35] [INFO]     > Already processed: SANS-401-PasswordCracking-12.png
[2026-02-10 09:40:35] [INFO]     > Already processed: SANS-401-PasswordCracking-13.png
[2026-02-10 09:40:35] [INFO]     > Already processed: SANS-401-PasswordCracking-14.png
[2026-02-10 09:40:35] [INFO]     > Already processed: SANS-401-PasswordCracking-15.png
[2026-02-10 09:40:35] [INFO]     > Already processed: SANS-401-PasswordCracking-16.png
[2026-02-10 09:40:35] [INFO]     > Already processed: SANS-401-PasswordCracking-17.png
[2026-02-10 09:40:35] [INFO]     > Already processed: SANS-401-PasswordCracking-18.png
[2026-02-10 09:40:35] [INFO]     > Already processed: SANS-401-PasswordCracking-19.png
[2026-02-10 09:40:35] [INFO]     > Already processed: SANS-401-PasswordCracking-20.png
[2026-02-10 09:40:35] [INFO]     > Already processed: SANS-401-PasswordCracking-21.png
[2026-02-10 09:40:35] [INFO]     > Already processed: SANS-401-PasswordCracking-22.png
[2026-02-10 09:40:35] [INFO]     > Already processed: SANS-401-PasswordCracking-23.png
[2026-02-10 09:40:35] [INFO]     > Already processed: SANS-401-PasswordCracking-24.png
[2026-02-10 09:40:35] [INFO]     > Already processed: SANS-401-PasswordCracking-25.png
[2026-02-10 09:40:35] [INFO]     > Already processed: SANS-401-PasswordCracking-26.png
[2026-02-10 09:40:35] [INFO]     > Already processed: SANS-401-PasswordCracking-27.png
[2026-02-10 09:40:35] [INFO]     > Already processed: SANS-401-PasswordCracking-28.png
[2026-02-10 09:40:35] [INFO]     > Already processed: SANS-401-PasswordCracking-29.png
[2026-02-10 09:40:35] [INFO]     > Already processed: SANS-401-PasswordCracking-30.png
[2026-02-10 09:40:35] [INFO] 
[File] linux\60 Commands Hacker Should Know it.md
[2026-02-10 09:40:35] [INFO]   Found 24 image(s)
[2026-02-10 09:40:35] [INFO]     > Already processed: 60CommandsHackerShouldKnowit-1.png
[2026-02-10 09:40:35] [INFO]     > Already processed: 60CommandsHackerShouldKnowit-2.png
[2026-02-10 09:40:35] [INFO]     > Already processed: 60CommandsHackerShouldKnowit-3.png
[2026-02-10 09:40:35] [INFO]     > Already processed: 60CommandsHackerShouldKnowit-4.png
[2026-02-10 09:40:35] [INFO]     > Already processed: 60CommandsHackerShouldKnowit-5.png
[2026-02-10 09:40:35] [INFO]     > Already processed: 60CommandsHackerShouldKnowit-6.png
[2026-02-10 09:40:35] [INFO]     > Already processed: 60CommandsHackerShouldKnowit-7.png
[2026-02-10 09:40:35] [INFO]     > Already processed: 60CommandsHackerShouldKnowit-8.png
[2026-02-10 09:40:35] [INFO]     > Already processed: 60CommandsHackerShouldKnowit-9.png
[2026-02-10 09:40:35] [INFO]     > Already processed: 60CommandsHackerShouldKnowit-10.png
[2026-02-10 09:40:35] [INFO]     > Already processed: 60CommandsHackerShouldKnowit-11.png
[2026-02-10 09:40:35] [INFO]     > Already processed: 60CommandsHackerShouldKnowit-12.png
[2026-02-10 09:40:35] [INFO]     > Already processed: 60CommandsHackerShouldKnowit-13.png
[2026-02-10 09:40:35] [INFO]     > Already processed: 60CommandsHackerShouldKnowit-14.png
[2026-02-10 09:40:35] [INFO]     > Already processed: 60CommandsHackerShouldKnowit-15.png
[2026-02-10 09:40:35] [INFO]     > Already processed: 60CommandsHackerShouldKnowit-16.png
[2026-02-10 09:40:35] [INFO]     > Already processed: 60CommandsHackerShouldKnowit-17.png
[2026-02-10 09:40:35] [INFO]     > Already processed: 60CommandsHackerShouldKnowit-18.png
[2026-02-10 09:40:35] [INFO]     > Already processed: 60CommandsHackerShouldKnowit-19.png
[2026-02-10 09:40:35] [INFO]     > Already processed: 60CommandsHackerShouldKnowit-20.png
[2026-02-10 09:40:35] [INFO]     > Already processed: 60CommandsHackerShouldKnowit-21.png
[2026-02-10 09:40:35] [INFO]     > Already processed: 60CommandsHackerShouldKnowit-22.png
[2026-02-10 09:40:35] [INFO]     > Already processed: 60CommandsHackerShouldKnowit-23.png
[2026-02-10 09:40:35] [INFO]     > Already processed: 60CommandsHackerShouldKnowit-24.png
[2026-02-10 09:40:35] [INFO] 
[File] linux\Kali Linux Installing Guide.md
[2026-02-10 09:40:35] [INFO]   Found 18 image(s)
[2026-02-10 09:40:35] [INFO]     > Already correct: KaliLinuxInstallingGuide-1.png
[2026-02-10 09:40:35] [INFO]     > Already correct: KaliLinuxInstallingGuide-2.png
[2026-02-10 09:40:35] [INFO]     > Already correct: KaliLinuxInstallingGuide-3.png
[2026-02-10 09:40:35] [INFO]     > Already correct: KaliLinuxInstallingGuide-4.png
[2026-02-10 09:40:35] [INFO]     > Already correct: KaliLinuxInstallingGuide-5.png
[2026-02-10 09:40:35] [INFO]     > Already correct: KaliLinuxInstallingGuide-6.png
[2026-02-10 09:40:35] [INFO]     > Already correct: KaliLinuxInstallingGuide-7.png
[2026-02-10 09:40:35] [INFO]     > Already correct: KaliLinuxInstallingGuide-8.png
[2026-02-10 09:40:35] [INFO]     > Already correct: KaliLinuxInstallingGuide-9.png
[2026-02-10 09:40:35] [INFO]     > Already correct: KaliLinuxInstallingGuide-10.png
[2026-02-10 09:40:35] [INFO]     > Already correct: KaliLinuxInstallingGuide-11.png
[2026-02-10 09:40:35] [INFO]     > Already correct: KaliLinuxInstallingGuide-12.png
[2026-02-10 09:40:35] [INFO]     > Already correct: KaliLinuxInstallingGuide-13.png
[2026-02-10 09:40:35] [INFO]     > Already correct: KaliLinuxInstallingGuide-14.png
[2026-02-10 09:40:35] [INFO]     > Already correct: KaliLinuxInstallingGuide-15.png
[2026-02-10 09:40:35] [INFO]     > Already correct: KaliLinuxInstallingGuide-16.png
[2026-02-10 09:40:35] [INFO]     > Already correct: KaliLinuxInstallingGuide-17.png
[2026-02-10 09:40:35] [INFO]     > Already correct: KaliLinuxInstallingGuide-18.png
[2026-02-10 09:40:35] [INFO] 
[File] network\IP-Mac Address Basic and Concepts.md
[2026-02-10 09:40:35] [INFO]   Found 13 image(s)
[2026-02-10 09:40:35] [INFO]     > Already processed: IP-MacAddressBasicandConcepts-1.png
[2026-02-10 09:40:35] [INFO]     > Already processed: IP-MacAddressBasicandConcepts-2.png
[2026-02-10 09:40:35] [INFO]     > Already processed: IP-MacAddressBasicandConcepts-3.png
[2026-02-10 09:40:35] [INFO]     > Already processed: IP-MacAddressBasicandConcepts-4.png
[2026-02-10 09:40:35] [INFO]     > Already processed: IP-MacAddressBasicandConcepts-5.png
[2026-02-10 09:40:35] [INFO]     > Already processed: IP-MacAddressBasicandConcepts-6.png
[2026-02-10 09:40:35] [INFO]     > Already processed: IP-MacAddressBasicandConcepts-7.png
[2026-02-10 09:40:35] [INFO]     > Already processed: IP-MacAddressBasicandConcepts-8.png
[2026-02-10 09:40:35] [INFO]     > Already processed: IP-MacAddressBasicandConcepts-9.png
[2026-02-10 09:40:35] [INFO]     > Already processed: IP-MacAddressBasicandConcepts-10.png
[2026-02-10 09:40:35] [INFO]     > Already processed: IP-MacAddressBasicandConcepts-11.png
[2026-02-10 09:40:35] [INFO]     > Already processed: IP-MacAddressBasicandConcepts-12.png
[2026-02-10 09:40:35] [INFO]     > Already processed: IP-MacAddressBasicandConcepts-13.png
[2026-02-10 09:40:35] [INFO] 
[File] network\Network Basics-Terminology-Topology.md
[2026-02-10 09:40:35] [INFO]   Found 9 image(s)
[2026-02-10 09:40:35] [INFO]     > Already processed: NetworkBasics-Terminology-Topology-1.png
[2026-02-10 09:40:35] [INFO]     > Already processed: NetworkBasics-Terminology-Topology-2.png
[2026-02-10 09:40:35] [INFO]     > Already processed: NetworkBasics-Terminology-Topology-3.png
[2026-02-10 09:40:35] [INFO]     > Already processed: NetworkBasics-Terminology-Topology-4.png
[2026-02-10 09:40:35] [INFO]     > Already processed: NetworkBasics-Terminology-Topology-5.png
[2026-02-10 09:40:35] [INFO]     > Already processed: NetworkBasics-Terminology-Topology-6.png
[2026-02-10 09:40:35] [INFO]     > Already processed: NetworkBasics-Terminology-Topology-7.png
[2026-02-10 09:40:35] [INFO]     > Already processed: NetworkBasics-Terminology-Topology-8.png
[2026-02-10 09:40:35] [INFO]     > Already processed: NetworkBasics-Terminology-Topology-9.png
[2026-02-10 09:40:35] [INFO] 
[File] network\Network Cable and Components.md
[2026-02-10 09:40:35] [INFO]   Found 33 image(s)
[2026-02-10 09:40:35] [INFO]     > Already processed: NetworkCableandComponents-1.png
[2026-02-10 09:40:35] [INFO]     > Already processed: NetworkCableandComponents-2.png
[2026-02-10 09:40:35] [INFO]     > Already processed: NetworkCableandComponents-3.png
[2026-02-10 09:40:35] [INFO]     > Already processed: NetworkCableandComponents-4.png
[2026-02-10 09:40:35] [INFO]     > Already processed: NetworkCableandComponents-5.png
[2026-02-10 09:40:35] [INFO]     > Already processed: NetworkCableandComponents-1.png
[2026-02-10 09:40:35] [INFO]     > Already processed: NetworkCableandComponents-7.png
[2026-02-10 09:40:35] [INFO]     > Already processed: NetworkCableandComponents-8.png
[2026-02-10 09:40:35] [INFO]     > Already processed: NetworkCableandComponents-9.png
[2026-02-10 09:40:35] [INFO]     > Already processed: NetworkCableandComponents-10.png
[2026-02-10 09:40:35] [INFO]     > Already processed: NetworkCableandComponents-11.png
[2026-02-10 09:40:35] [INFO]     > Already processed: NetworkCableandComponents-12.png
[2026-02-10 09:40:35] [INFO]     > Already processed: NetworkCableandComponents-13.png
[2026-02-10 09:40:35] [INFO]     > Already processed: NetworkCableandComponents-14.png
[2026-02-10 09:40:35] [INFO]     > Already processed: NetworkCableandComponents-15.png
[2026-02-10 09:40:35] [INFO]     > Already processed: NetworkCableandComponents-16.png
[2026-02-10 09:40:35] [INFO]     > Already processed: NetworkCableandComponents-17.png
[2026-02-10 09:40:35] [INFO]     > Already processed: NetworkCableandComponents-18.png
[2026-02-10 09:40:35] [INFO]     > Already processed: NetworkCableandComponents-19.png
[2026-02-10 09:40:35] [INFO]     > Already processed: NetworkCableandComponents-20.png
[2026-02-10 09:40:35] [INFO]     > Already processed: NetworkCableandComponents-21.png
[2026-02-10 09:40:35] [INFO]     > Already processed: NetworkCableandComponents-22.png
[2026-02-10 09:40:35] [INFO]     > Already processed: NetworkCableandComponents-23.png
[2026-02-10 09:40:35] [INFO]     > Already processed: NetworkCableandComponents-24.png
[2026-02-10 09:40:35] [INFO]     > Already processed: NetworkCableandComponents-25.png
[2026-02-10 09:40:35] [INFO]     > Already processed: NetworkCableandComponents-26.png
[2026-02-10 09:40:35] [INFO]     > Already processed: NetworkCableandComponents-27.png
[2026-02-10 09:40:35] [INFO]     > Already processed: NetworkCableandComponents-28.png
[2026-02-10 09:40:35] [INFO]     > Already processed: NetworkCableandComponents-29.png
[2026-02-10 09:40:35] [INFO]     > Already processed: NetworkCableandComponents-30.png
[2026-02-10 09:40:35] [INFO]     > Already processed: NetworkCableandComponents-31.png
[2026-02-10 09:40:35] [INFO]     > Already processed: NetworkCableandComponents-32.png
[2026-02-10 09:40:35] [INFO]     > Already processed: NetworkCableandComponents-33.png
[2026-02-10 09:40:35] [INFO] 
[File] network\Network Commands & File Printer Sharing.md
[2026-02-10 09:40:35] [INFO] 
[File] network\Network Models-OSI and TCPIP.md
[2026-02-10 09:40:35] [INFO]   Found 14 image(s)
[2026-02-10 09:40:35] [INFO]     > Already processed: NetworkModels-OSIandTCPIP-1.png
[2026-02-10 09:40:35] [INFO]     > Already processed: NetworkModels-OSIandTCPIP-2.png
[2026-02-10 09:40:35] [INFO]     > Already processed: NetworkModels-OSIandTCPIP-3.png
[2026-02-10 09:40:35] [INFO]     > Already processed: NetworkModels-OSIandTCPIP-4.png
[2026-02-10 09:40:35] [INFO]     > Already processed: NetworkModels-OSIandTCPIP-5.png
[2026-02-10 09:40:35] [INFO]     > Already processed: NetworkModels-OSIandTCPIP-6.png
[2026-02-10 09:40:35] [INFO]     > Already processed: NetworkModels-OSIandTCPIP-7.png
[2026-02-10 09:40:35] [INFO]     > Already processed: NetworkModels-OSIandTCPIP-8.png
[2026-02-10 09:40:35] [INFO]     > Already processed: NetworkModels-OSIandTCPIP-9.png
[2026-02-10 09:40:35] [INFO]     > Already processed: NetworkModels-OSIandTCPIP-10.png
[2026-02-10 09:40:35] [INFO]     > Already processed: NetworkModels-OSIandTCPIP-11.png
[2026-02-10 09:40:35] [INFO]     > Already processed: NetworkModels-OSIandTCPIP-12.png
[2026-02-10 09:40:35] [INFO]     > Already processed: NetworkModels-OSIandTCPIP-13.png
[2026-02-10 09:40:35] [INFO]     > Already processed: NetworkModels-OSIandTCPIP-14.png
[2026-02-10 09:40:35] [INFO] 
[File] network\Network Services(DHCP-DNS,-VLAN).md
[2026-02-10 09:40:35] [INFO]   Found 1 image(s)
[2026-02-10 09:40:35] [INFO]     + Will rename: NetworkServices(DHCP-DNS,-VLAN
[2026-02-10 09:40:35] [ERROR]   X Error processing content\network\Network Services(DHCP-DNS,-VLAN).md: 'charmap' codec can't encode characters in position 38-56: character maps to <undefined>
[2026-02-10 09:40:35] [INFO] 
[File] network\Virtualization Concepts.md
[2026-02-10 09:40:35] [INFO]   Found 8 image(s)
[2026-02-10 09:40:35] [INFO]     > Already correct: VirtualizationConcepts-1.png
[2026-02-10 09:40:35] [INFO]     > Already correct: VirtualizationConcepts-2.png
[2026-02-10 09:40:35] [INFO]     > Already correct: VirtualizationConcepts-3.png
[2026-02-10 09:40:35] [INFO]     > Already correct: VirtualizationConcepts-4.png
[2026-02-10 09:40:35] [INFO]     > Already correct: VirtualizationConcepts-5.png
[2026-02-10 09:40:35] [INFO]     > Already correct: VirtualizationConcepts-6.png
[2026-02-10 09:40:35] [INFO]     > Already correct: VirtualizationConcepts-7.png
[2026-02-10 09:40:35] [INFO]     > Already correct: VirtualizationConcepts-8.png
[2026-02-10 09:40:35] [INFO] 
[File] network\Windows Networking.md
[2026-02-10 09:40:35] [INFO]   Found 2 image(s)
[2026-02-10 09:40:35] [INFO]     > Already processed: WindowsNetworking-1.png
[2026-02-10 09:40:35] [INFO]     > Already processed: WindowsNetworking-2.png
[2026-02-10 09:40:35] [INFO] 
[File] python\Dir-Buster-Module.md
[2026-02-10 09:40:35] [INFO] 
[File] seo\0-SEO-Theories\E1 to E5 - SEO Intro, Search Engines, Keywords.md
[2026-02-10 09:40:35] [INFO]   Found 11 image(s)
[2026-02-10 09:40:35] [INFO]     > Already processed: SEOIntro,SearchEngines,Keywords-1.png
[2026-02-10 09:40:35] [INFO]     > Already processed: SEOIntro,SearchEngines,Keywords-2.png
[2026-02-10 09:40:35] [INFO]     > Already processed: SEOIntro,SearchEngines,Keywords-3.png
[2026-02-10 09:40:35] [INFO]     > Already processed: SEOIntro,SearchEngines,Keywords-4.png
[2026-02-10 09:40:35] [INFO]     > Already processed: SEOIntro,SearchEngines,Keywords-5.png
[2026-02-10 09:40:35] [INFO]     > Already processed: SEOIntro,SearchEngines,Keywords-6.png
[2026-02-10 09:40:35] [INFO]     > Already processed: SEOIntro,SearchEngines,Keywords-7.png
[2026-02-10 09:40:35] [INFO]     > Already processed: SEOIntro,SearchEngines,Keywords-8.png
[2026-02-10 09:40:35] [INFO]     > Already processed: SEOIntro,SearchEngines,Keywords-9.png
[2026-02-10 09:40:35] [INFO]     > Already processed: SEOIntro,SearchEngines,Keywords-10.png
[2026-02-10 09:40:35] [INFO]     > Already processed: SEOIntro,SearchEngines,Keywords-11.png
[2026-02-10 09:40:35] [INFO] 
[File] seo\0-SEO-Theories\E10, E11, - Content SEO, Important Website Pages.md
[2026-02-10 09:40:35] [INFO]   Found 10 image(s)
[2026-02-10 09:40:35] [INFO]     > Already processed: ContentSEO,ImportantWebsitePages-1.png
[2026-02-10 09:40:35] [INFO]     > Already processed: ContentSEO,ImportantWebsitePages-2.png
[2026-02-10 09:40:35] [INFO]     > Already processed: ContentSEO,ImportantWebsitePages-3.png
[2026-02-10 09:40:35] [INFO]     > Already processed: ContentSEO,ImportantWebsitePages-4.png
[2026-02-10 09:40:35] [INFO]     > Already processed: ContentSEO,ImportantWebsitePages-5.png
[2026-02-10 09:40:35] [INFO]     > Already processed: ContentSEO,ImportantWebsitePages-6.png
[2026-02-10 09:40:35] [INFO]     > Already processed: ContentSEO,ImportantWebsitePages-7.png
[2026-02-10 09:40:35] [INFO]     > Already processed: ContentSEO,ImportantWebsitePages-8.png
[2026-02-10 09:40:35] [INFO]     > Already processed: ContentSEO,ImportantWebsitePages-9.png
[2026-02-10 09:40:35] [INFO]     > Already processed: ContentSEO,ImportantWebsitePages-10.png
[2026-02-10 09:40:35] [INFO] 
[File] seo\0-SEO-Theories\E12- Woorank(Check Website SEO).md
[2026-02-10 09:40:35] [INFO]   Found 12 image(s)
[2026-02-10 09:40:35] [INFO]     + Will rename: Woorank(CheckWebsiteSEO
[2026-02-10 09:40:35] [INFO]       -> Woorank(CheckWebsiteSEO)-1
[2026-02-10 09:40:35] [WARNING]     Warning: Image Woorank(CheckWebsiteSEO has conflicting new names:
[2026-02-10 09:40:35] [WARNING]       Existing: Woorank(CheckWebsiteSEO)-1
[2026-02-10 09:40:35] [WARNING]       New: Woorank(CheckWebsiteSEO)-2
[2026-02-10 09:40:35] [WARNING]       Keeping: Woorank(CheckWebsiteSEO)-1
[2026-02-10 09:40:35] [WARNING]     Warning: Image Woorank(CheckWebsiteSEO has conflicting new names:
[2026-02-10 09:40:35] [WARNING]       Existing: Woorank(CheckWebsiteSEO)-1
[2026-02-10 09:40:35] [WARNING]       New: Woorank(CheckWebsiteSEO)-3
[2026-02-10 09:40:35] [WARNING]       Keeping: Woorank(CheckWebsiteSEO)-1
[2026-02-10 09:40:35] [WARNING]     Warning: Image Woorank(CheckWebsiteSEO has conflicting new names:
[2026-02-10 09:40:35] [WARNING]       Existing: Woorank(CheckWebsiteSEO)-1
[2026-02-10 09:40:35] [WARNING]       New: Woorank(CheckWebsiteSEO)-4
[2026-02-10 09:40:35] [WARNING]       Keeping: Woorank(CheckWebsiteSEO)-1
[2026-02-10 09:40:35] [WARNING]     Warning: Image Woorank(CheckWebsiteSEO has conflicting new names:
[2026-02-10 09:40:35] [WARNING]       Existing: Woorank(CheckWebsiteSEO)-1
[2026-02-10 09:40:35] [WARNING]       New: Woorank(CheckWebsiteSEO)-5
[2026-02-10 09:40:35] [WARNING]       Keeping: Woorank(CheckWebsiteSEO)-1
[2026-02-10 09:40:35] [WARNING]     Warning: Image Woorank(CheckWebsiteSEO has conflicting new names:
[2026-02-10 09:40:35] [WARNING]       Existing: Woorank(CheckWebsiteSEO)-1
[2026-02-10 09:40:35] [WARNING]       New: Woorank(CheckWebsiteSEO)-6
[2026-02-10 09:40:35] [WARNING]       Keeping: Woorank(CheckWebsiteSEO)-1
[2026-02-10 09:40:35] [WARNING]     Warning: Image Woorank(CheckWebsiteSEO has conflicting new names:
[2026-02-10 09:40:35] [WARNING]       Existing: Woorank(CheckWebsiteSEO)-1
[2026-02-10 09:40:35] [WARNING]       New: Woorank(CheckWebsiteSEO)-7
[2026-02-10 09:40:35] [WARNING]       Keeping: Woorank(CheckWebsiteSEO)-1
[2026-02-10 09:40:35] [WARNING]     Warning: Image Woorank(CheckWebsiteSEO has conflicting new names:
[2026-02-10 09:40:35] [WARNING]       Existing: Woorank(CheckWebsiteSEO)-1
[2026-02-10 09:40:35] [WARNING]       New: Woorank(CheckWebsiteSEO)-8
[2026-02-10 09:40:35] [WARNING]       Keeping: Woorank(CheckWebsiteSEO)-1
[2026-02-10 09:40:35] [WARNING]     Warning: Image Woorank(CheckWebsiteSEO has conflicting new names:
[2026-02-10 09:40:35] [WARNING]       Existing: Woorank(CheckWebsiteSEO)-1
[2026-02-10 09:40:35] [WARNING]       New: Woorank(CheckWebsiteSEO)-9
[2026-02-10 09:40:35] [WARNING]       Keeping: Woorank(CheckWebsiteSEO)-1
[2026-02-10 09:40:35] [WARNING]     Warning: Image Woorank(CheckWebsiteSEO has conflicting new names:
[2026-02-10 09:40:35] [WARNING]       Existing: Woorank(CheckWebsiteSEO)-1
[2026-02-10 09:40:35] [WARNING]       New: Woorank(CheckWebsiteSEO)-10
[2026-02-10 09:40:35] [WARNING]       Keeping: Woorank(CheckWebsiteSEO)-1
[2026-02-10 09:40:35] [WARNING]     Warning: Image Woorank(CheckWebsiteSEO has conflicting new names:
[2026-02-10 09:40:35] [WARNING]       Existing: Woorank(CheckWebsiteSEO)-1
[2026-02-10 09:40:35] [WARNING]       New: Woorank(CheckWebsiteSEO)-11
[2026-02-10 09:40:35] [WARNING]       Keeping: Woorank(CheckWebsiteSEO)-1
[2026-02-10 09:40:35] [WARNING]     Warning: Image Woorank(CheckWebsiteSEO has conflicting new names:
[2026-02-10 09:40:35] [WARNING]       Existing: Woorank(CheckWebsiteSEO)-1
[2026-02-10 09:40:35] [WARNING]       New: Woorank(CheckWebsiteSEO)-12
[2026-02-10 09:40:35] [WARNING]       Keeping: Woorank(CheckWebsiteSEO)-1
[2026-02-10 09:40:35] [INFO] 
[File] seo\0-SEO-Theories\E13 - Good Contents for SEO.md
[2026-02-10 09:40:35] [INFO]   Found 3 image(s)
[2026-02-10 09:40:35] [INFO]     > Already processed: GoodContentsforSEO-1.png
[2026-02-10 09:40:35] [INFO]     > Already processed: GoodContentsforSEO-2.png
[2026-02-10 09:40:35] [INFO]     > Already processed: GoodContentsforSEO-3.png
[2026-02-10 09:40:35] [INFO] 
[File] seo\0-SEO-Theories\E14 - Links in SEO(Internal & External).md
[2026-02-10 09:40:35] [INFO] 
[File] seo\0-SEO-Theories\E15 - Page Rank.md
[2026-02-10 09:40:35] [INFO]   Found 2 image(s)
[2026-02-10 09:40:35] [INFO]     > Already processed: PageRank-1.png
[2026-02-10 09:40:35] [INFO]     > Already processed: PageRank-2.png
[2026-02-10 09:40:35] [INFO] 
[File] seo\0-SEO-Theories\E16 - Page Authority & Domain Authority.md
[2026-02-10 09:40:35] [INFO]   Found 3 image(s)
[2026-02-10 09:40:35] [INFO]     > Already processed: PageAuthority&DomainAuthority-1.png
[2026-02-10 09:40:35] [INFO]     > Already processed: PageAuthority&DomainAuthority-2.png
[2026-02-10 09:40:35] [INFO]     > Already processed: PageAuthority&DomainAuthority-3.png
[2026-02-10 09:40:35] [INFO] 
[File] seo\0-SEO-Theories\E17 - Backlinks.md
[2026-02-10 09:40:35] [INFO]   Found 1 image(s)
[2026-02-10 09:40:35] [INFO]     > Already processed: Backlinks-1.png
[2026-02-10 09:40:35] [INFO] 
[File] seo\0-SEO-Theories\E6 to E9 - Find Keywords,  Website Structure & Necessary HTML Tags for SEO.md
[2026-02-10 09:40:35] [INFO]   Found 33 image(s)
[2026-02-10 09:40:35] [INFO]     > Already processed: FindKeywords,WebsiteStructure&NecessaryHTMLTagsforSEO-1.png
[2026-02-10 09:40:35] [INFO]     > Already processed: FindKeywords,WebsiteStructure&NecessaryHTMLTagsforSEO-2.png
[2026-02-10 09:40:35] [INFO]     > Already processed: FindKeywords,WebsiteStructure&NecessaryHTMLTagsforSEO-3.png
[2026-02-10 09:40:35] [INFO]     > Already processed: FindKeywords,WebsiteStructure&NecessaryHTMLTagsforSEO-4.png
[2026-02-10 09:40:35] [INFO]     > Already processed: FindKeywords,WebsiteStructure&NecessaryHTMLTagsforSEO-5.png
[2026-02-10 09:40:35] [INFO]     > Already processed: FindKeywords,WebsiteStructure&NecessaryHTMLTagsforSEO-6.png
[2026-02-10 09:40:35] [INFO]     > Already processed: FindKeywords,WebsiteStructure&NecessaryHTMLTagsforSEO-7.png
[2026-02-10 09:40:35] [INFO]     > Already processed: FindKeywords,WebsiteStructure&NecessaryHTMLTagsforSEO-8.png
[2026-02-10 09:40:35] [INFO]     > Already processed: FindKeywords,WebsiteStructure&NecessaryHTMLTagsforSEO-9.png
[2026-02-10 09:40:35] [INFO]     > Already processed: FindKeywords,WebsiteStructure&NecessaryHTMLTagsforSEO-10.png
[2026-02-10 09:40:35] [INFO]     > Already processed: FindKeywords,WebsiteStructure&NecessaryHTMLTagsforSEO-11.png
[2026-02-10 09:40:35] [INFO]     > Already processed: FindKeywords,WebsiteStructure&NecessaryHTMLTagsforSEO-12.png
[2026-02-10 09:40:35] [INFO]     > Already processed: FindKeywords,WebsiteStructure&NecessaryHTMLTagsforSEO-13.png
[2026-02-10 09:40:35] [INFO]     > Already processed: FindKeywords,WebsiteStructure&NecessaryHTMLTagsforSEO-14.png
[2026-02-10 09:40:35] [INFO]     > Already processed: FindKeywords,WebsiteStructure&NecessaryHTMLTagsforSEO-15.png
[2026-02-10 09:40:35] [INFO]     > Already processed: FindKeywords,WebsiteStructure&NecessaryHTMLTagsforSEO-16.png
[2026-02-10 09:40:35] [INFO]     > Already processed: FindKeywords,WebsiteStructure&NecessaryHTMLTagsforSEO-17.png
[2026-02-10 09:40:35] [INFO]     > Already processed: FindKeywords,WebsiteStructure&NecessaryHTMLTagsforSEO-18.png
[2026-02-10 09:40:35] [INFO]     > Already processed: FindKeywords,WebsiteStructure&NecessaryHTMLTagsforSEO-19.png
[2026-02-10 09:40:35] [INFO]     > Already processed: FindKeywords,WebsiteStructure&NecessaryHTMLTagsforSEO-20.png
[2026-02-10 09:40:35] [INFO]     > Already processed: FindKeywords,WebsiteStructure&NecessaryHTMLTagsforSEO-21.png
[2026-02-10 09:40:35] [INFO]     > Already processed: FindKeywords,WebsiteStructure&NecessaryHTMLTagsforSEO-22.png
[2026-02-10 09:40:35] [INFO]     > Already processed: FindKeywords,WebsiteStructure&NecessaryHTMLTagsforSEO-23.png
[2026-02-10 09:40:35] [INFO]     > Already processed: FindKeywords,WebsiteStructure&NecessaryHTMLTagsforSEO-24.png
[2026-02-10 09:40:35] [INFO]     > Already processed: FindKeywords,WebsiteStructure&NecessaryHTMLTagsforSEO-25.png
[2026-02-10 09:40:35] [INFO]     > Already processed: FindKeywords,WebsiteStructure&NecessaryHTMLTagsforSEO-26.png
[2026-02-10 09:40:35] [INFO]     > Already processed: FindKeywords,WebsiteStructure&NecessaryHTMLTagsforSEO-27.png
[2026-02-10 09:40:35] [INFO]     > Already processed: FindKeywords,WebsiteStructure&NecessaryHTMLTagsforSEO-28.png
[2026-02-10 09:40:35] [INFO]     > Already processed: FindKeywords,WebsiteStructure&NecessaryHTMLTagsforSEO-29.png
[2026-02-10 09:40:35] [INFO]     > Already processed: FindKeywords,WebsiteStructure&NecessaryHTMLTagsforSEO-30.png
[2026-02-10 09:40:35] [INFO]     > Already processed: FindKeywords,WebsiteStructure&NecessaryHTMLTagsforSEO-31.png
[2026-02-10 09:40:35] [INFO]     > Already processed: FindKeywords,WebsiteStructure&NecessaryHTMLTagsforSEO-32.png
[2026-02-10 09:40:35] [INFO]     > Already processed: FindKeywords,WebsiteStructure&NecessaryHTMLTagsforSEO-33.png
[2026-02-10 09:40:35] [INFO] 
[File] tools\MSFConsole Commands.md
[2026-02-10 09:40:35] [INFO]   Found 43 image(s)
[2026-02-10 09:40:35] [INFO]     > Already processed: MSFConsoleCommands-1.png
[2026-02-10 09:40:35] [INFO]     > Already processed: MSFConsoleCommands-2.png
[2026-02-10 09:40:35] [INFO]     > Already processed: MSFConsoleCommands-3.png
[2026-02-10 09:40:35] [INFO]     > Already processed: MSFConsoleCommands-4.png
[2026-02-10 09:40:35] [INFO]     > Already processed: MSFConsoleCommands-5.png
[2026-02-10 09:40:35] [INFO]     > Already processed: MSFConsoleCommands-6.png
[2026-02-10 09:40:35] [INFO]     > Already processed: MSFConsoleCommands-7.png
[2026-02-10 09:40:35] [INFO]     > Already processed: MSFConsoleCommands-8.png
[2026-02-10 09:40:35] [INFO]     > Already processed: MSFConsoleCommands-9.png
[2026-02-10 09:40:35] [INFO]     > Already processed: MSFConsoleCommands-10.png
[2026-02-10 09:40:35] [INFO]     > Already processed: MSFConsoleCommands-11.png
[2026-02-10 09:40:35] [INFO]     > Already processed: MSFConsoleCommands-12.png
[2026-02-10 09:40:35] [INFO]     > Already processed: MSFConsoleCommands-13.png
[2026-02-10 09:40:35] [INFO]     > Already processed: MSFConsoleCommands-14.png
[2026-02-10 09:40:35] [INFO]     > Already processed: MSFConsoleCommands-15.png
[2026-02-10 09:40:35] [INFO]     > Already processed: MSFConsoleCommands-16.png
[2026-02-10 09:40:35] [INFO]     > Already processed: MSFConsoleCommands-17.png
[2026-02-10 09:40:35] [INFO]     > Already processed: MSFConsoleCommands-18.png
[2026-02-10 09:40:35] [INFO]     > Already processed: MSFConsoleCommands-19.png
[2026-02-10 09:40:35] [INFO]     > Already processed: MSFConsoleCommands-20.png
[2026-02-10 09:40:35] [INFO]     > Already processed: MSFConsoleCommands-21.png
[2026-02-10 09:40:35] [INFO]     > Already processed: MSFConsoleCommands-22.png
[2026-02-10 09:40:35] [INFO]     > Already processed: MSFConsoleCommands-23.png
[2026-02-10 09:40:35] [INFO]     > Already processed: MSFConsoleCommands-24.png
[2026-02-10 09:40:35] [INFO]     > Already processed: MSFConsoleCommands-25.png
[2026-02-10 09:40:35] [INFO]     > Already processed: MSFConsoleCommands-26.png
[2026-02-10 09:40:35] [INFO]     > Already processed: MSFConsoleCommands-27.png
[2026-02-10 09:40:35] [INFO]     > Already processed: MSFConsoleCommands-28.png
[2026-02-10 09:40:35] [INFO]     > Already processed: MSFConsoleCommands-29.png
[2026-02-10 09:40:35] [INFO]     > Already processed: MSFConsoleCommands-30.png
[2026-02-10 09:40:35] [INFO]     > Already processed: MSFConsoleCommands-31.png
[2026-02-10 09:40:35] [INFO]     > Already processed: MSFConsoleCommands-32.png
[2026-02-10 09:40:35] [INFO]     > Already processed: MSFConsoleCommands-33.png
[2026-02-10 09:40:35] [INFO]     > Already processed: MSFConsoleCommands-34.png
[2026-02-10 09:40:35] [INFO]     > Already processed: MSFConsoleCommands-35.png
[2026-02-10 09:40:35] [INFO]     > Already processed: MSFConsoleCommands-36.png
[2026-02-10 09:40:35] [INFO]     > Already processed: MSFConsoleCommands-37.png
[2026-02-10 09:40:35] [INFO]     > Already processed: MSFConsoleCommands-38.png
[2026-02-10 09:40:35] [INFO]     > Already processed: MSFConsoleCommands-39.png
[2026-02-10 09:40:35] [INFO]     > Already processed: MSFConsoleCommands-40.png
[2026-02-10 09:40:35] [INFO]     > Already processed: MSFConsoleCommands-41.png
[2026-02-10 09:40:35] [INFO]     > Already processed: MSFConsoleCommands-42.png
[2026-02-10 09:40:35] [INFO]     > Already processed: MSFConsoleCommands-43.png
[2026-02-10 09:40:35] [INFO] 
[File] tools\Burpsuite\1-Install Burpsuite.md
[2026-02-10 09:40:35] [INFO]   Found 12 image(s)
[2026-02-10 09:40:35] [INFO]     > Already processed: 1-InstallBurpsuite-1.png
[2026-02-10 09:40:35] [INFO]     > Already processed: 1-InstallBurpsuite-2.png
[2026-02-10 09:40:35] [INFO]     > Already processed: 1-InstallBurpsuite-3.png
[2026-02-10 09:40:35] [INFO]     > Already processed: 1-InstallBurpsuite-4.png
[2026-02-10 09:40:35] [INFO]     > Already processed: 1-InstallBurpsuite-5.png
[2026-02-10 09:40:35] [INFO]     > Already processed: 1-InstallBurpsuite-6.png
[2026-02-10 09:40:35] [INFO]     > Already processed: 1-InstallBurpsuite-7.png
[2026-02-10 09:40:35] [INFO]     > Already processed: 1-InstallBurpsuite-8.png
[2026-02-10 09:40:35] [INFO]     > Already processed: 1-InstallBurpsuite-9.png
[2026-02-10 09:40:35] [INFO]     > Already processed: 1-InstallBurpsuite-10.png
[2026-02-10 09:40:35] [INFO]     > Already processed: 1-InstallBurpsuite-11.png
[2026-02-10 09:40:35] [INFO]     > Already processed: 1-InstallBurpsuite-12.png
[2026-02-10 09:40:35] [INFO] 
[File] tools\Burpsuite\2-Change HTTP Data & Bypass Parameters.md
[2026-02-10 09:40:35] [INFO]   Found 6 image(s)
[2026-02-10 09:40:35] [INFO]     > Already processed: 2-ChangeHTTPData&BypassParameters-1.png
[2026-02-10 09:40:35] [INFO]     > Already processed: 2-ChangeHTTPData&BypassParameters-2.png
[2026-02-10 09:40:35] [INFO]     > Already processed: 2-ChangeHTTPData&BypassParameters-3.png
[2026-02-10 09:40:35] [INFO]     > Already processed: 2-ChangeHTTPData&BypassParameters-4.png
[2026-02-10 09:40:35] [INFO]     > Already processed: 2-ChangeHTTPData&BypassParameters-5.png
[2026-02-10 09:40:35] [INFO]     > Already processed: 2-ChangeHTTPData&BypassParameters-6.png
[2026-02-10 09:40:35] [INFO] 
[JSON] Saved 196 total mappings to images_rename_mapping.json
[2026-02-10 09:40:35] [INFO]        (6 new mappings added)
[2026-02-10 09:40:35] [INFO] 
============================================================
[2026-02-10 09:40:35] [INFO] PHASE 2: Renaming physical image files...
[2026-02-10 09:40:35] [INFO] ============================================================
[2026-02-10 09:40:35] [INFO] Processing 6 file(s)
[2026-02-10 09:40:35] [INFO] 
[Category] cyber-security
[2026-02-10 09:40:35] [WARNING]   Warning: File not found: SANS-401-NetworkingandProtocols(401.1
[2026-02-10 09:40:35] [WARNING]   Warning: File not found: SANS-401-E3-Virtualization&CloudInfrastructure(401.1
[2026-02-10 09:40:35] [WARNING]   Warning: File not found: SANS-401-Wireless,Aircrack-ng,Wireshark(401.1
[2026-02-10 09:40:35] [WARNING]   Warning: File not found: SANS-401-Defense-in-Depth(401.2
[2026-02-10 09:40:35] [INFO] 
[Category] network
[2026-02-10 09:40:35] [WARNING]   Warning: File not found: NetworkServices(DHCP-DNS,-VLAN
[2026-02-10 09:40:35] [INFO] 
[Category] seo
[2026-02-10 09:40:35] [WARNING]   Warning: File not found: Woorank(CheckWebsiteSEO
[2026-02-10 09:40:35] [INFO] Saved 836 processed images to processed_images.json
[2026-02-10 09:40:35] [INFO] 
============================================================
[2026-02-10 09:40:35] [INFO] FINAL STATISTICS:
[2026-02-10 09:40:35] [INFO] ============================================================
[2026-02-10 09:40:35] [INFO] Files scanned: 32
[2026-02-10 09:40:35] [INFO] Images found: 382
[2026-02-10 09:40:35] [INFO] Images skipped (already processed): 295
[2026-02-10 09:40:35] [INFO] Images skipped (already correct): 26
[2026-02-10 09:40:35] [INFO] Physical files renamed: 0
[2026-02-10 09:40:35] [INFO] Errors: 1
[2026-02-10 09:40:35] [INFO] Total processed images tracked: 836
[2026-02-10 09:40:35] [INFO] Total mappings in database: 6
[2026-02-10 09:40:35] [INFO] ============================================================
[2026-02-10 09:40:35] [INFO] 
[INFO] No new images needed renaming
[2026-02-10 09:40:35] [INFO] 
[COMPLETE] Process finished
[2026-02-10 09:40:35] [INFO] ============================================================

